CustomerId,TotalAmount,AvgAmount,StdAmount,MinAmount,MaxAmount,TransactionCount,TotalValue,AvgValue,AvgHour,AvgDay,AvgMonth,UniqueProducts,FraudCount,TopProductCategory,TopChannelId,TopProviderId,Recency,Frequency,Monetary,is_high_risk
CustomerId_1,-10000.0,-10000.0,0.0,-10000.0,-10000.0,1,10000.0,10000.0,16.0,21.0,11.0,1,0.0,airtime,ChannelId_2,ProviderId_4,71,1,-10000.0,1
CustomerId_10,-10000.0,-10000.0,0.0,-10000.0,-10000.0,1,10000.0,10000.0,16.0,21.0,11.0,1,0.0,airtime,ChannelId_2,ProviderId_4,71,1,-10000.0,1
CustomerId_1001,20000.0,4000.0,6558.963332722634,-5000.0,10000.0,5,30400.0,6080.0,7.8,16.0,11.0,3,0.0,financial_services,ChannelId_3,ProviderId_4,77,5,20000.0,1
CustomerId_1002,4225.0,384.09090909090907,560.4989660196449,-75.0,1500.0,11,4775.0,434.09090909090907,13.454545454545455,14.727272727272727,8.636363636363637,3,0.0,financial_services,ChannelId_2,ProviderId_4,14,11,4225.0,0
CustomerId_1004,2000.0,2000.0,0.0,2000.0,2000.0,1,2000.0,2000.0,18.0,22.0,12.0,1,0.0,airtime,ChannelId_3,ProviderId_1,40,1,2000.0,1
CustomerId_1005,48800.0,5422.222222222223,5983.6815126178335,-5000.0,10000.0,9,61200.0,6800.0,10.11111111111111,28.0,12.0,3,0.0,financial_services,ChannelId_3,ProviderId_4,34,9,48800.0,1
CustomerId_1006,1000.0,1000.0,0.0,1000.0,1000.0,1,1000.0,1000.0,7.0,11.0,12.0,1,0.0,financial_services,ChannelId_3,ProviderId_5,52,1,1000.0,1
CustomerId_1007,28000.0,28000.0,0.0,28000.0,28000.0,1,28000.0,28000.0,6.0,24.0,11.0,1,0.0,financial_services,ChannelId_3,ProviderId_5,69,1,28000.0,1
CustomerId_1008,20000.0,10000.0,0.0,10000.0,10000.0,2,20000.0,10000.0,13.0,9.0,12.0,1,0.0,financial_services,ChannelId_3,ProviderId_3,53,2,20000.0,1
CustomerId_1009,500.0,500.0,0.0,500.0,500.0,1,500.0,500.0,6.0,17.0,1.0,1,0.0,airtime,ChannelId_3,ProviderId_1,15,1,500.0,0
CustomerId_1010,26335.0,3762.1428571428573,4971.798816946486,-1000.0,10000.0,7,31975.0,4567.857142857143,11.428571428571429,15.571428571428571,8.857142857142858,4,0.0,financial_services,ChannelId_3,ProviderId_4,29,7,26335.0,0
CustomerId_1012,101756.0,1589.9375,3585.594453271777,-1100.0,22000.0,64,108044.0,1688.1875,15.9375,19.40625,8.8125,4,0.0,airtime,ChannelId_3,ProviderId_3,4,64,101756.0,0
CustomerId_1014,763880.0,95485.0,119332.84340149493,1000.0,300000.0,8,763880.0,95485.0,9.125,25.0,12.0,1,0.0,financial_services,ChannelId_3,ProviderId_3,38,8,763880.0,1
CustomerId_1020,292195.0,1439.384236453202,2500.4482251946347,-100.0,10000.0,203,298605.0,1470.960591133005,11.911330049261084,22.788177339901477,10.89655172413793,6,0.0,financial_services,ChannelId_3,ProviderId_6,14,203,292195.0,0
CustomerId_1021,5000.0,5000.0,0.0,5000.0,5000.0,1,5000.0,5000.0,19.0,27.0,11.0,1,0.0,financial_services,ChannelId_3,ProviderId_1,65,1,5000.0,1
CustomerId_1022,7000.0,7000.0,0.0,7000.0,7000.0,1,7000.0,7000.0,13.0,9.0,1.0,1,0.0,airtime,ChannelId_3,ProviderId_6,22,1,7000.0,0
CustomerId_1025,2450.0,245.0,488.87626246321264,-1000.0,500.0,10,4550.0,455.0,15.0,25.8,1.0,3,0.0,airtime,ChannelId_3,ProviderId_6,2,10,2450.0,0
CustomerId_1027,10000.0,10000.0,0.0,10000.0,10000.0,1,10000.0,10000.0,4.0,21.0,1.0,1,0.0,financial_services,ChannelId_3,ProviderId_1,11,1,10000.0,0
CustomerId_1028,500.0,500.0,0.0,500.0,500.0,1,500.0,500.0,9.0,19.0,1.0,1,0.0,financial_services,ChannelId_3,ProviderId_1,13,1,500.0,0
CustomerId_1029,50500.0,6312.5,9059.08186770129,-5000.0,20000.0,8,74500.0,9312.5,9.0,20.375,11.125,5,0.0,financial_services,ChannelId_3,ProviderId_6,59,8,50500.0,1
CustomerId_1030,2350.0,293.75,713.8614811612364,-1000.0,1000.0,8,4650.0,581.25,12.0,8.375,1.0,3,0.0,airtime,ChannelId_2,ProviderId_4,18,8,2350.0,0
CustomerId_1031,106838.8,2136.776,4615.395748241059,-5000.0,23000.0,50,145322.0,2906.44,12.4,15.5,8.26,8,0.0,airtime,ChannelId_3,ProviderId_4,3,50,106838.8,0
CustomerId_1032,2000.0,1000.0,0.0,1000.0,1000.0,2,2000.0,1000.0,1.0,11.0,1.0,2,0.0,airtime,ChannelId_3,ProviderId_5,21,2,2000.0,0
CustomerId_1033,950.0,475.0,742.4621202458749,-50.0,1000.0,2,1050.0,525.0,9.0,9.0,12.0,2,0.0,airtime,ChannelId_2,ProviderId_4,54,2,950.0,1
CustomerId_1034,37708.0,2900.6153846153848,8783.921196694766,-5000.0,28000.0,13,60952.0,4688.615384615385,10.307692307692308,15.461538461538462,11.538461538461538,4,0.0,airtime,ChannelId_3,ProviderId_6,48,13,37708.0,1
CustomerId_1036,-50.0,-16.666666666666668,1000.4165798972613,-1000.0,1000.0,3,2050.0,683.3333333333334,9.0,15.0,11.0,2,0.0,financial_services,ChannelId_2,ProviderId_4,78,3,-50.0,1
CustomerId_1039,103595.0,5755.277777777777,9542.477861741678,-5000.0,22050.0,18,119375.0,6631.944444444444,11.38888888888889,6.944444444444445,12.0,5,0.0,airtime,ChannelId_3,ProviderId_6,54,18,103595.0,1
CustomerId_1040,50000.0,50000.0,0.0,50000.0,50000.0,1,50000.0,50000.0,6.0,7.0,1.0,1,0.0,financial_services,ChannelId_3,ProviderId_1,25,1,50000.0,0
CustomerId_1043,14000.0,2333.3333333333335,6976.14984548545,-5000.0,10000.0,6,36000.0,6000.0,19.0,28.0,12.0,3,0.0,airtime,ChannelId_2,ProviderId_4,34,6,14000.0,1
CustomerId_1044,21848.5,1365.53125,2064.1874064527988,-622.0,6000.0,16,24268.0,1516.75,15.5625,23.4375,11.25,6,0.0,financial_services,ChannelId_3,ProviderId_4,36,16,21848.5,1
CustomerId_1048,1000.0,1000.0,0.0,1000.0,1000.0,1,1000.0,1000.0,7.0,2.0,1.0,1,0.0,financial_services,ChannelId_3,ProviderId_1,30,1,1000.0,0
CustomerId_1050,5000.0,5000.0,0.0,5000.0,5000.0,1,5000.0,5000.0,18.0,21.0,12.0,1,0.0,financial_services,ChannelId_3,ProviderId_1,41,1,5000.0,1
CustomerId_1052,56900.0,8128.571428571428,18504.47822246589,-1000.0,50000.0,7,59100.0,8442.857142857143,11.285714285714286,26.142857142857142,7.285714285714286,3,0.0,financial_services,ChannelId_3,ProviderId_1,11,7,56900.0,0
CustomerId_1053,13788.0,1969.7142857142858,1911.4446294435452,-12.0,4000.0,7,13812.0,1973.142857142857,4.857142857142857,15.285714285714286,11.0,3,0.0,financial_services,ChannelId_3,ProviderId_3,77,7,13788.0,1
CustomerId_1054,96970.0,2255.1162790697676,4446.078460467545,-1000.0,20000.0,43,102030.0,2372.7906976744184,17.511627906976745,14.279069767441861,8.674418604651162,4,0.0,financial_services,ChannelId_3,ProviderId_6,25,43,96970.0,0
CustomerId_1055,5850.0,1170.0,1338.6560424545207,-100.0,3000.0,5,6150.0,1230.0,9.8,19.0,11.0,3,0.0,financial_services,ChannelId_3,ProviderId_4,69,5,5850.0,1
CustomerId_1056,5500.0,1375.0,1108.6778913041726,500.0,3000.0,4,5500.0,1375.0,11.5,17.75,12.0,2,0.0,financial_services,ChannelId_3,ProviderId_1,43,4,5500.0,1
CustomerId_1057,4504.0,2252.0,3886.258869401265,-496.0,5000.0,2,6246.0,3123.0,6.0,15.0,11.0,2,0.0,financial_services,ChannelId_2,ProviderId_4,78,2,4504.0,1
CustomerId_1058,11250.0,450.0,563.0090289388498,-100.0,2000.0,25,12974.0,518.96,12.8,17.8,9.36,5,0.0,financial_services,ChannelId_3,ProviderId_4,19,25,11250.0,0
CustomerId_1059,20000.0,4000.0,6745.368781616021,-5000.0,10000.0,5,32000.0,6400.0,12.0,25.0,1.0,3,0.0,financial_services,ChannelId_3,ProviderId_4,6,5,20000.0,0
CustomerId_1064,119830.0,3994.3333333333335,5770.259620844978,-5000.0,15000.0,30,152760.0,5092.0,15.2,20.633333333333333,2.8333333333333335,6,0.0,financial_services,ChannelId_3,ProviderId_6,7,30,119830.0,0
CustomerId_1068,500.0,500.0,0.0,500.0,500.0,1,500.0,500.0,14.0,22.0,12.0,1,0.0,airtime,ChannelId_3,ProviderId_1,40,1,500.0,1
CustomerId_1070,5000.0,5000.0,0.0,5000.0,5000.0,1,5000.0,5000.0,15.0,18.0,1.0,1,0.0,financial_services,ChannelId_3,ProviderId_5,13,1,5000.0,0
CustomerId_1071,2000.0,2000.0,0.0,2000.0,2000.0,1,2000.0,2000.0,5.0,8.0,1.0,1,0.0,airtime,ChannelId_3,ProviderId_5,24,1,2000.0,0
CustomerId_1073,1000.0,1000.0,0.0,1000.0,1000.0,1,1000.0,1000.0,17.0,3.0,12.0,1,0.0,airtime,ChannelId_3,ProviderId_3,59,1,1000.0,1
CustomerId_1074,97500.0,2785.714285714286,5363.5009888265,-14500.0,10000.0,35,178700.0,5105.714285714285,10.885714285714286,19.714285714285715,5.714285714285714,5,0.0,financial_services,ChannelId_3,ProviderId_6,6,35,97500.0,0
CustomerId_1078,19000.0,3166.6666666666665,7626.707459098367,-5000.0,10000.0,6,41000.0,6833.333333333333,21.0,28.0,12.0,3,0.0,airtime,ChannelId_2,ProviderId_4,34,6,19000.0,1
CustomerId_1079,20000.0,20000.0,0.0,20000.0,20000.0,1,20000.0,20000.0,18.0,30.0,12.0,1,0.0,airtime,ChannelId_3,ProviderId_3,32,1,20000.0,1
CustomerId_1080,5000.0,5000.0,0.0,5000.0,5000.0,1,5000.0,5000.0,6.0,14.0,1.0,1,0.0,financial_services,ChannelId_3,ProviderId_1,18,1,5000.0,0
CustomerId_1081,1500.0,750.0,353.5533905932738,500.0,1000.0,2,1500.0,750.0,19.0,20.5,1.0,2,0.0,airtime,ChannelId_3,ProviderId_1,1,2,1500.0,0
CustomerId_1082,19000.0,3800.0,6685.805860178712,-5000.0,10000.0,5,31000.0,6200.0,13.0,28.0,12.0,3,0.0,financial_services,ChannelId_3,ProviderId_4,34,5,19000.0,1
CustomerId_1083,500.0,500.0,0.0,500.0,500.0,1,500.0,500.0,17.0,12.0,1.0,1,0.0,airtime,ChannelId_3,ProviderId_6,19,1,500.0,0
CustomerId_1084,10000.0,10000.0,0.0,10000.0,10000.0,1,10000.0,10000.0,16.0,4.0,12.0,1,0.0,financial_services,ChannelId_3,ProviderId_1,58,1,10000.0,1
CustomerId_1085,2900.0,725.0,1517.3990905493517,-1000.0,2000.0,4,5100.0,1275.0,20.0,17.0,12.0,3,0.0,financial_services,ChannelId_2,ProviderId_4,45,4,2900.0,1
CustomerId_1086,39355.0,2623.6666666666665,5175.501516991465,-50.0,15000.0,15,39645.0,2643.0,12.4,29.733333333333334,1.0,5,0.0,financial_services,ChannelId_3,ProviderId_6,1,15,39355.0,0
CustomerId_1087,40000.0,4444.444444444444,6463.573143221772,-5000.0,10000.0,9,62000.0,6888.888888888889,19.11111111111111,20.444444444444443,7.111111111111111,3,0.0,financial_services,ChannelId_3,ProviderId_6,20,9,40000.0,0
CustomerId_1089,169651.5,1116.1282894736842,1695.0127365720368,-175.0,10000.0,152,175729.0,1156.1118421052631,11.631578947368421,14.855263157894736,11.618421052631579,4,0.0,financial_services,ChannelId_3,ProviderId_6,24,152,169651.5,0
CustomerId_1091,3000.0,1500.0,707.1067811865476,1000.0,2000.0,2,3000.0,1500.0,18.0,19.0,1.0,2,0.0,airtime,ChannelId_3,ProviderId_1,12,2,3000.0,0
CustomerId_1092,65000.0,4062.5,5801.9393309478855,-5000.0,10000.0,16,97000.0,6062.5,11.375,23.5,5.125,4,0.0,airtime,ChannelId_3,ProviderId_6,6,16,65000.0,0
CustomerId_1093,42620.0,774.9090909090909,1912.920128366163,-3500.0,5200.0,55,81340.0,1478.909090909091,16.6,14.181818181818182,9.909090909090908,5,0.0,airtime,ChannelId_3,ProviderId_4,20,55,42620.0,0
CustomerId_1094,32460.0,4637.142857142857,9189.939633979675,-5000.0,20000.0,7,46190.0,6598.571428571428,15.428571428571429,18.142857142857142,1.0,5,0.0,financial_services,ChannelId_3,ProviderId_4,12,7,32460.0,0
CustomerId_1095,2925.0,325.0,617.7074550302918,-1000.0,1000.0,9,5075.0,563.8888888888889,10.333333333333334,26.88888888888889,1.0,4,0.0,financial_services,ChannelId_3,ProviderId_1,4,9,2925.0,0
CustomerId_1096,1918126.0,2709.2175141242938,18730.44752463565,-1500.0,202000.0,708,1975444.0,2790.175141242938,10.391242937853107,27.911016949152543,1.0,9,0.0,airtime,ChannelId_3,ProviderId_6,1,708,1918126.0,0
CustomerId_1099,6180.0,686.6666666666666,843.8601779915912,-1000.0,2000.0,9,8220.0,913.3333333333334,16.555555555555557,10.777777777777779,3.4444444444444446,3,0.0,financial_services,ChannelId_3,ProviderId_6,12,9,6180.0,0
CustomerId_11,-10000.0,-10000.0,0.0,-10000.0,-10000.0,1,10000.0,10000.0,16.0,21.0,11.0,1,0.0,airtime,ChannelId_2,ProviderId_4,71,1,-10000.0,1
CustomerId_1101,60000.0,6666.666666666667,5873.670062235366,1000.0,15000.0,9,60000.0,6666.666666666667,11.11111111111111,16.666666666666668,12.0,1,0.0,financial_services,ChannelId_3,ProviderId_3,40,9,60000.0,1
CustomerId_1102,19000.0,3800.0,6685.805860178712,-5000.0,10000.0,5,31000.0,6200.0,6.0,25.0,1.0,3,0.0,financial_services,ChannelId_3,ProviderId_4,7,5,19000.0,0
CustomerId_1103,30000.0,30000.0,0.0,30000.0,30000.0,1,30000.0,30000.0,13.0,27.0,12.0,1,0.0,financial_services,ChannelId_3,ProviderId_1,35,1,30000.0,1
CustomerId_1105,500.0,500.0,0.0,500.0,500.0,1,500.0,500.0,20.0,17.0,1.0,1,0.0,airtime,ChannelId_3,ProviderId_1,14,1,500.0,0
CustomerId_1106,10000.0,10000.0,0.0,10000.0,10000.0,1,10000.0,10000.0,1.0,18.0,11.0,1,0.0,financial_services,ChannelId_3,ProviderId_5,75,1,10000.0,1
CustomerId_1108,20000.0,3333.3333333333335,7814.516406449389,-5000.0,11000.0,6,42000.0,7000.0,13.5,25.166666666666668,1.0,3,0.0,airtime,ChannelId_2,ProviderId_4,5,6,20000.0,0
CustomerId_1109,39800.0,4975.0,6193.718015630262,-5000.0,10500.0,8,52200.0,6525.0,12.0,28.0,12.0,3,0.0,financial_services,ChannelId_3,ProviderId_4,34,8,39800.0,1
CustomerId_1111,-20.0,-6.666666666666667,1000.0666644445926,-1000.0,1000.0,3,2020.0,673.3333333333334,16.0,6.0,12.0,2,0.0,financial_services,ChannelId_2,ProviderId_4,56,3,-20.0,1
CustomerId_1113,29700.0,1291.304347826087,3184.930860313962,-5000.0,10000.0,23,42300.0,1839.1304347826087,14.652173913043478,7.304347826086956,12.0,6,0.0,airtime,ChannelId_3,ProviderId_6,52,23,29700.0,1
CustomerId_1114,42875.0,932.0652173913044,974.2350709299844,-1000.0,2000.0,46,48125.0,1046.195652173913,10.782608695652174,15.804347826086957,6.978260869565218,2,0.0,airtime,ChannelId_3,ProviderId_5,2,46,42875.0,0
CustomerId_1116,1960.0,326.6666666666667,819.8211187000898,-1000.0,1000.0,6,4040.0,673.3333333333334,20.166666666666668,16.166666666666668,1.0,3,0.0,airtime,ChannelId_2,ProviderId_4,10,6,1960.0,0
CustomerId_1117,4000.0,4000.0,0.0,4000.0,4000.0,1,4000.0,4000.0,7.0,2.0,12.0,1,0.0,financial_services,ChannelId_3,ProviderId_3,61,1,4000.0,1
CustomerId_1118,40000.0,3636.3636363636365,7593.05903141451,-5000.0,11000.0,11,82000.0,7454.545454545455,9.545454545454545,17.454545454545453,1.0,3,0.0,airtime,ChannelId_3,ProviderId_4,5,11,40000.0,0
CustomerId_1119,5450.0,778.5714285714286,410.13934914158835,-50.0,1000.0,7,5550.0,792.8571428571429,9.285714285714286,11.285714285714286,1.0,3,0.0,airtime,ChannelId_3,ProviderId_5,14,7,5450.0,0
CustomerId_1120,1960.0,980.0,1442.497833620557,-40.0,2000.0,2,2040.0,1020.0,3.0,13.0,12.0,2,0.0,airtime,ChannelId_2,ProviderId_1,50,2,1960.0,1
CustomerId_1121,12097.02,1728.1457142857143,2428.372158867315,-1000.0,5000.0,7,14781.0,2111.5714285714284,17.714285714285715,26.857142857142858,1.0,3,0.0,airtime,ChannelId_3,ProviderId_1,3,7,12097.02,0
CustomerId_1122,1850000.0,1850000.0,0.0,1850000.0,1850000.0,1,1850000.0,1850000.0,5.0,11.0,12.0,1,1.0,financial_services,ChannelId_3,ProviderId_1,52,1,1850000.0,1
CustomerId_1123,1000.0,1000.0,0.0,1000.0,1000.0,1,1000.0,1000.0,2.0,29.0,12.0,1,0.0,airtime,ChannelId_3,ProviderId_1,34,1,1000.0,1
CustomerId_1124,19000.0,3166.6666666666665,7626.707459098367,-5000.0,10000.0,6,41000.0,6833.333333333333,14.166666666666666,11.0,1.0,3,0.0,airtime,ChannelId_2,ProviderId_4,20,6,19000.0,0
CustomerId_1125,5000.0,5000.0,0.0,5000.0,5000.0,1,5000.0,5000.0,6.0,13.0,1.0,1,0.0,financial_services,ChannelId_3,ProviderId_1,19,1,5000.0,0
CustomerId_1127,63230.0,2634.5833333333335,3250.217690591183,-500.0,10000.0,24,65170.0,2715.4166666666665,13.25,19.166666666666668,4.458333333333333,6,0.0,financial_services,ChannelId_3,ProviderId_6,6,24,63230.0,0
CustomerId_1129,1000.0,500.0,0.0,500.0,500.0,2,1000.0,500.0,9.0,15.5,11.5,2,0.0,airtime,ChannelId_3,ProviderId_1,62,2,1000.0,1
CustomerId_1130,3960.0,990.0,1833.1393836803572,-1000.0,3000.0,4,6040.0,1510.0,19.0,27.0,11.0,2,0.0,airtime,ChannelId_2,ProviderId_1,65,4,3960.0,1
CustomerId_1131,11800.0,1311.111111111111,2016.924914594272,-1000.0,5000.0,9,14920.0,1657.7777777777778,11.555555555555555,16.88888888888889,7.111111111111111,4,0.0,financial_services,ChannelId_3,ProviderId_3,19,9,11800.0,0
CustomerId_1134,2400.0,342.85714285714283,393.8893366464869,-50.0,1000.0,7,2600.0,371.42857142857144,15.857142857142858,21.571428571428573,11.0,2,0.0,airtime,ChannelId_3,ProviderId_1,67,7,2400.0,1
CustomerId_1135,71000.0,5071.428571428572,10547.561043011032,-1000.0,40000.0,14,75000.0,5357.142857142857,9.571428571428571,16.714285714285715,8.857142857142858,5,0.0,airtime,ChannelId_3,ProviderId_4,11,14,71000.0,0
CustomerId_1137,80000.0,4000.0,8911.199340392432,-5000.0,20700.0,20,161400.0,8070.0,11.55,24.95,11.25,3,0.0,airtime,ChannelId_2,ProviderId_4,41,20,80000.0,1
CustomerId_1140,3750.0,1250.0,3269.174207655505,-1000.0,5000.0,3,6250.0,2083.3333333333335,21.0,30.0,12.0,2,0.0,financial_services,ChannelId_2,ProviderId_4,32,3,3750.0,1
CustomerId_1141,139115.0,3024.2391304347825,5222.57641477964,-5000.0,10000.0,46,220685.0,4797.5,11.043478260869565,13.695652173913043,8.826086956521738,5,0.0,airtime,ChannelId_3,ProviderId_6,12,46,139115.0,0
CustomerId_1145,9500.0,2375.0,1887.4586088176875,500.0,5000.0,4,9500.0,2375.0,11.75,24.25,9.25,1,0.0,financial_services,ChannelId_3,ProviderId_1,26,4,9500.0,0
CustomerId_1146,19000.0,3166.6666666666665,7626.707459098367,-5000.0,10000.0,6,41000.0,6833.333333333333,14.0,28.0,12.0,3,0.0,airtime,ChannelId_2,ProviderId_4,34,6,19000.0,1
CustomerId_1147,60000.0,4285.714285714285,5743.606096261389,-5000.0,10000.0,14,82000.0,5857.142857142857,8.0,14.357142857142858,1.0,4,0.0,airtime,ChannelId_3,ProviderId_6,7,14,60000.0,0
CustomerId_1150,2000.0,1000.0,0.0,1000.0,1000.0,2,2000.0,1000.0,18.0,1.0,12.0,1,0.0,airtime,ChannelId_3,ProviderId_5,61,2,2000.0,1
CustomerId_1153,3000.0,3000.0,0.0,3000.0,3000.0,1,3000.0,3000.0,12.0,17.0,12.0,1,0.0,financial_services,ChannelId_3,ProviderId_1,45,1,3000.0,1
CustomerId_1154,1425.0,712.5,1113.6931803688124,-75.0,1500.0,2,1575.0,787.5,10.0,30.0,11.0,2,0.0,airtime,ChannelId_2,ProviderId_4,63,2,1425.0,1
CustomerId_1156,1394007.0,4124.281065088758,8346.097232582635,-10000.0,49000.0,338,1558042.0,4609.591715976331,12.242603550295858,16.653846153846153,7.233727810650888,9,0.0,financial_services,ChannelId_3,ProviderId_6,1,338,1394007.0,0
CustomerId_1158,30000.0,3750.0,7094.061903149301,-5000.0,10700.0,8,51400.0,6425.0,14.0,16.0,11.0,3,0.0,airtime,ChannelId_2,ProviderId_4,76,8,30000.0,1
CustomerId_1160,20000.0,3333.3333333333335,7814.516406449389,-5000.0,11000.0,6,42000.0,7000.0,12.166666666666666,25.166666666666668,1.0,3,0.0,airtime,ChannelId_2,ProviderId_4,5,6,20000.0,0
CustomerId_1161,2500.0,2500.0,0.0,2500.0,2500.0,1,2500.0,2500.0,17.0,19.0,1.0,1,0.0,financial_services,ChannelId_3,ProviderId_1,12,1,2500.0,0
CustomerId_1163,20000.0,3333.3333333333335,7814.516406449389,-5000.0,11000.0,6,42000.0,7000.0,11.833333333333334,25.166666666666668,1.0,3,0.0,airtime,ChannelId_2,ProviderId_4,5,6,20000.0,0
CustomerId_1164,19000.0,3166.6666666666665,7626.707459098367,-5000.0,10000.0,6,41000.0,6833.333333333333,18.0,7.0,12.0,3,0.0,airtime,ChannelId_2,ProviderId_4,55,6,19000.0,1
CustomerId_1165,54000.0,10800.0,14515.508947329405,-5000.0,30000.0,5,66000.0,13200.0,9.4,5.4,1.0,3,0.0,financial_services,ChannelId_3,ProviderId_4,23,5,54000.0,0
CustomerId_1170,54103.0,3381.4375,7530.383717259478,-5000.0,25000.0,16,98167.0,6135.4375,13.25,15.1875,11.25,3,0.0,utility_bill,ChannelId_3,ProviderId_4,55,16,54103.0,1
CustomerId_1171,3925.0,654.1666666666666,1373.9010760119036,-1000.0,2500.0,6,7075.0,1179.1666666666667,9.333333333333334,21.0,12.0,4,0.0,financial_services,ChannelId_3,ProviderId_4,32,6,3925.0,1
CustomerId_1172,235759.7,2806.6630952380956,4417.996239581807,-1000.0,19500.0,84,248611.0,2959.654761904762,11.392857142857142,20.607142857142858,1.0,10,0.0,financial_services,ChannelId_3,ProviderId_6,1,84,235759.7,0
CustomerId_1174,1000.0,1000.0,0.0,1000.0,1000.0,1,1000.0,1000.0,21.0,15.0,11.0,1,0.0,airtime,ChannelId_3,ProviderId_5,77,1,1000.0,1
CustomerId_1175,5532692.5,64333.63372093023,538665.1728171463,-10000.0,5000000.0,86,5585608.0,64948.93023255814,10.023255813953488,22.953488372093023,1.0,8,1.0,financial_services,ChannelId_3,ProviderId_6,1,86,5532692.5,0
CustomerId_1179,900.0,300.0,1539.4804318340653,-1000.0,2000.0,3,3100.0,1033.3333333333333,11.0,23.0,1.0,2,0.0,financial_services,ChannelId_2,ProviderId_4,8,3,900.0,0
CustomerId_1180,67906.0,1170.7931034482758,1257.0932743048465,-75.0,5000.0,58,69054.0,1190.5862068965516,14.172413793103448,22.379310344827587,11.017241379310345,7,0.0,airtime,ChannelId_3,ProviderId_6,6,58,67906.0,0
CustomerId_1183,45075.0,2504.1666666666665,5054.265016096918,-5000.0,11000.0,18,66965.0,3720.277777777778,11.88888888888889,19.11111111111111,6.666666666666667,6,0.0,airtime,ChannelId_3,ProviderId_6,7,18,45075.0,0
CustomerId_1184,1000.0,1000.0,0.0,1000.0,1000.0,1,1000.0,1000.0,6.0,1.0,12.0,1,0.0,financial_services,ChannelId_3,ProviderId_1,62,1,1000.0,1
CustomerId_1186,5900.0,1475.0,2665.0515942472857,-1000.0,5000.0,4,8100.0,2025.0,17.0,28.0,11.0,3,0.0,financial_services,ChannelId_2,ProviderId_4,64,4,5900.0,1
CustomerId_1187,39000.0,5571.428571428572,9431.456989902512,-5000.0,20000.0,7,61000.0,8714.285714285714,5.0,21.0,12.0,4,0.0,financial_services,ChannelId_3,ProviderId_4,42,7,39000.0,1
CustomerId_1189,3000.0,1500.0,707.1067811865476,1000.0,2000.0,2,3000.0,1500.0,6.0,7.0,1.0,1,0.0,financial_services,ChannelId_3,ProviderId_3,25,2,3000.0,0
CustomerId_1190,60000.0,4615.384615384615,6357.914510519697,-5000.0,10000.0,13,92000.0,7076.923076923077,12.615384615384615,20.076923076923077,8.615384615384615,3,0.0,financial_services,ChannelId_3,ProviderId_6,20,13,60000.0,0
CustomerId_1192,20845.0,1226.1764705882354,2574.130635653864,-250.0,10000.0,17,22355.0,1315.0,12.647058823529411,23.764705882352942,7.470588235294118,5,0.0,airtime,ChannelId_3,ProviderId_4,4,17,20845.0,0
CustomerId_1193,9000.0,2250.0,6601.767440112787,-5000.0,10000.0,4,21000.0,5250.0,11.0,21.0,12.0,2,0.0,airtime,ChannelId_2,ProviderId_4,41,4,9000.0,1
CustomerId_1194,9000.0,2250.0,6601.767440112787,-5000.0,10000.0,4,21000.0,5250.0,8.0,21.0,12.0,2,0.0,airtime,ChannelId_2,ProviderId_4,42,4,9000.0,1
CustomerId_1195,19000.0,3166.6666666666665,6047.037842337905,-5000.0,10000.0,6,31000.0,5166.666666666667,10.666666666666666,21.0,12.0,2,0.0,airtime,ChannelId_3,ProviderId_1,41,6,19000.0,1
CustomerId_1196,19000.0,3166.6666666666665,6266.31204670392,-5000.0,10000.0,6,32000.0,5333.333333333333,7.0,28.0,12.0,2,0.0,airtime,ChannelId_2,ProviderId_4,35,6,19000.0,1
CustomerId_1197,9000.0,2250.0,6601.767440112787,-5000.0,10000.0,4,21000.0,5250.0,9.0,21.0,12.0,2,0.0,airtime,ChannelId_2,ProviderId_4,42,4,9000.0,1
CustomerId_1198,9000.0,2250.0,6601.767440112787,-5000.0,10000.0,4,21000.0,5250.0,8.0,21.0,12.0,2,0.0,airtime,ChannelId_2,ProviderId_4,42,4,9000.0,1
CustomerId_12,-10000.0,-10000.0,0.0,-10000.0,-10000.0,1,10000.0,10000.0,16.0,21.0,11.0,1,0.0,airtime,ChannelId_2,ProviderId_4,71,1,-10000.0,1
CustomerId_1200,9000.0,2250.0,6601.767440112787,-5000.0,10000.0,4,21000.0,5250.0,7.0,28.0,12.0,2,0.0,airtime,ChannelId_2,ProviderId_4,35,4,9000.0,1
CustomerId_1201,521661.5,3105.127976190476,8911.621063478462,-5000.0,83170.0,168,728425.0,4335.863095238095,11.541666666666666,18.333333333333332,8.833333333333334,8,0.0,airtime,ChannelId_3,ProviderId_6,1,168,521661.5,0
CustomerId_1202,80000.0,5333.333333333333,7047.458170621992,-5000.0,11000.0,15,122000.0,8133.333333333333,8.466666666666667,21.333333333333332,1.0,3,0.0,airtime,ChannelId_3,ProviderId_1,6,15,80000.0,0
CustomerId_1203,29880.0,830.0,2215.2910160324955,-5000.0,12000.0,36,41320.0,1147.7777777777778,12.527777777777779,15.944444444444445,10.38888888888889,4,0.0,airtime,ChannelId_3,ProviderId_4,1,36,29880.0,0
CustomerId_1204,9000.0,2250.0,6601.767440112787,-5000.0,10000.0,4,21000.0,5250.0,12.0,28.0,12.0,2,0.0,airtime,ChannelId_2,ProviderId_4,34,4,9000.0,1
CustomerId_1208,19770.0,2196.6666666666665,3365.0334322261942,-100.0,10000.0,9,20230.0,2247.777777777778,12.555555555555555,18.333333333333332,11.0,5,0.0,financial_services,ChannelId_3,ProviderId_4,72,9,19770.0,1
CustomerId_1209,30000.0,5000.0,6511.528238439882,-5000.0,10000.0,6,42000.0,7000.0,7.0,25.0,1.0,3,0.0,financial_services,ChannelId_3,ProviderId_4,7,6,30000.0,0
CustomerId_1210,25000.0,8333.333333333334,25181.01136438593,-12000.0,36500.0,3,50455.0,16818.333333333332,9.666666666666666,28.0,11.0,2,0.0,tv,ChannelId_3,ProviderId_1,64,3,25000.0,1
CustomerId_1211,200000.0,100000.0,0.0,100000.0,100000.0,2,200000.0,100000.0,7.0,21.0,11.0,1,0.0,financial_services,ChannelId_3,ProviderId_5,72,2,200000.0,1
CustomerId_1212,39000.0,2294.1176470588234,4928.992111506582,-1000.0,20000.0,17,43000.0,2529.4117647058824,10.882352941176471,13.705882352941176,12.0,4,0.0,financial_services,ChannelId_3,ProviderId_4,38,17,39000.0,1
CustomerId_1214,98525.0,2815.0,6314.488475393899,-1000.0,26500.0,35,101475.0,2899.285714285714,12.114285714285714,19.085714285714285,1.0,5,0.0,financial_services,ChannelId_3,ProviderId_6,4,35,98525.0,0
CustomerId_1215,1000.0,1000.0,0.0,1000.0,1000.0,1,1000.0,1000.0,16.0,1.0,12.0,1,0.0,airtime,ChannelId_3,ProviderId_6,61,1,1000.0,1
CustomerId_1217,29000.0,3222.222222222222,6255.553088612104,-5000.0,10000.0,9,52000.0,5777.777777777777,6.666666666666667,24.88888888888889,12.0,2,0.0,airtime,ChannelId_3,ProviderId_4,35,9,29000.0,1
CustomerId_1218,41045.0,1001.0975609756098,990.4572884500889,-155.0,3500.0,41,42955.0,1047.6829268292684,15.585365853658537,12.560975609756097,3.4146341463414633,4,0.0,financial_services,ChannelId_3,ProviderId_5,2,41,41045.0,0
CustomerId_1219,3850.0,641.6666666666666,841.080654079421,-50.0,2000.0,6,4150.0,691.6666666666666,13.333333333333334,15.333333333333334,1.0,3,0.0,financial_services,ChannelId_2,ProviderId_4,14,6,3850.0,0
CustomerId_1220,40000.0,3076.923076923077,5488.040610599537,-5000.0,10000.0,13,62000.0,4769.2307692307695,12.538461538461538,18.53846153846154,1.0,4,0.0,airtime,ChannelId_3,ProviderId_6,6,13,40000.0,0
CustomerId_1222,78705.0,2018.076923076923,8280.800210457082,-1000.0,52000.0,39,82405.0,2112.948717948718,12.666666666666666,16.871794871794872,1.0,7,0.0,financial_services,ChannelId_3,ProviderId_1,3,39,78705.0,0
CustomerId_1223,1000.0,1000.0,0.0,1000.0,1000.0,1,1000.0,1000.0,7.0,7.0,12.0,1,0.0,financial_services,ChannelId_3,ProviderId_1,56,1,1000.0,1
CustomerId_1226,10700.0,1337.5,2290.4693842092715,-1000.0,6000.0,8,13300.0,1662.5,11.875,18.125,9.25,3,0.0,financial_services,ChannelId_2,ProviderId_4,31,8,10700.0,1
CustomerId_1227,73233.6,2816.6769230769232,3686.5900224796023,-5000.0,10000.0,26,86427.0,3324.1153846153848,9.961538461538462,15.576923076923077,8.576923076923077,5,0.0,financial_services,ChannelId_3,ProviderId_4,1,26,73233.6,0
CustomerId_1229,-50.0,-16.666666666666668,1000.4165798972613,-1000.0,1000.0,3,2050.0,683.3333333333334,10.0,28.0,1.0,2,0.0,financial_services,ChannelId_2,ProviderId_4,3,3,-50.0,0
CustomerId_1231,2000.0,2000.0,0.0,2000.0,2000.0,1,2000.0,2000.0,8.0,8.0,1.0,1,0.0,airtime,ChannelId_3,ProviderId_1,24,1,2000.0,0
CustomerId_1232,5000.0,5000.0,0.0,5000.0,5000.0,1,5000.0,5000.0,8.0,29.0,1.0,1,0.0,financial_services,ChannelId_3,ProviderId_1,3,1,5000.0,0
CustomerId_1233,1000.0,1000.0,0.0,1000.0,1000.0,1,1000.0,1000.0,13.0,16.0,1.0,1,0.0,airtime,ChannelId_3,ProviderId_1,15,1,1000.0,0
CustomerId_1234,40000.0,3333.3333333333335,7270.404932243312,-5000.0,10700.0,12,81400.0,6783.333333333333,13.333333333333334,22.166666666666668,11.416666666666666,3,0.0,airtime,ChannelId_2,ProviderId_4,41,12,40000.0,1
CustomerId_1235,19000.0,3166.6666666666665,6104.643041707408,-5000.0,10000.0,6,31000.0,5166.666666666667,13.0,28.0,12.0,4,0.0,airtime,ChannelId_3,ProviderId_6,34,6,19000.0,1
CustomerId_1236,8765.0,1095.625,2169.185886620666,-1000.0,5000.0,8,11235.0,1404.375,7.25,31.0,12.0,4,0.0,financial_services,ChannelId_2,ProviderId_4,32,8,8765.0,1
CustomerId_1237,1000.0,1000.0,0.0,1000.0,1000.0,1,1000.0,1000.0,7.0,16.0,1.0,1,0.0,airtime,ChannelId_3,ProviderId_6,16,1,1000.0,0
CustomerId_1240,34000.0,5666.666666666667,7527.72652709081,-5000.0,15000.0,6,46000.0,7666.666666666667,16.0,28.333333333333332,12.0,3,0.0,airtime,ChannelId_3,ProviderId_6,32,6,34000.0,1
CustomerId_1241,30000.0,4285.714285714285,6102.302453836194,-5000.0,10000.0,7,42000.0,6000.0,15.0,18.0,1.0,3,0.0,financial_services,ChannelId_3,ProviderId_6,13,7,30000.0,0
CustomerId_1242,761514.0,5518.217391304348,9366.307094833683,-5000.0,31000.0,138,1082800.0,7846.376811594203,8.992753623188406,16.355072463768117,8.804347826086957,8,0.0,financial_services,ChannelId_3,ProviderId_6,6,138,761514.0,0
CustomerId_1244,5000.0,5000.0,0.0,5000.0,5000.0,1,5000.0,5000.0,8.0,18.0,11.0,1,0.0,financial_services,ChannelId_3,ProviderId_1,75,1,5000.0,1
CustomerId_1245,80000.0,4444.444444444444,6652.927018124934,-5000.0,15000.0,18,122000.0,6777.777777777777,15.444444444444445,16.0,5.277777777777778,4,0.0,airtime,ChannelId_3,ProviderId_6,13,18,80000.0,0
CustomerId_1246,79000.0,4157.894736842105,6048.536626460769,-5000.0,10000.0,19,121000.0,6368.421052631579,14.421052631578947,12.473684210526315,6.2105263157894735,4,0.0,airtime,ChannelId_3,ProviderId_6,13,19,79000.0,0
CustomerId_1247,30000.0,5000.0,10411.532067856297,-5000.0,21000.0,6,52000.0,8666.666666666666,12.166666666666666,25.166666666666668,1.0,3,0.0,airtime,ChannelId_2,ProviderId_4,5,6,30000.0,0
CustomerId_1250,561519.15,2320.3270661157026,4642.354420026757,-5000.0,39000.0,242,596894.0,2466.504132231405,12.458677685950413,17.93801652892562,10.75206611570248,9,0.0,financial_services,ChannelId_3,ProviderId_6,5,242,561519.15,0
CustomerId_1252,60000.0,4000.0,6020.797289396148,-5000.0,10000.0,15,92000.0,6133.333333333333,8.2,16.6,1.0,4,0.0,airtime,ChannelId_3,ProviderId_6,7,15,60000.0,0
CustomerId_1256,20000.0,3333.3333333333335,7814.516406449389,-5000.0,11000.0,6,42000.0,7000.0,17.0,11.0,1.0,3,0.0,airtime,ChannelId_2,ProviderId_4,20,6,20000.0,0
CustomerId_1257,9815.0,981.5,1775.6752236825291,-70.0,5000.0,10,10185.0,1018.5,10.8,13.4,12.0,5,0.0,financial_services,ChannelId_2,ProviderId_4,48,10,9815.0,1
CustomerId_1259,17213.5,1075.84375,1617.5299246974278,-75.0,5000.0,16,17787.0,1111.6875,12.9375,15.5,11.5625,4,0.0,airtime,ChannelId_3,ProviderId_6,56,16,17213.5,1
CustomerId_1262,10040.0,1115.5555555555557,791.5034919555173,-40.0,2000.0,9,10160.0,1128.888888888889,13.777777777777779,22.0,4.666666666666667,4,0.0,financial_services,ChannelId_3,ProviderId_6,13,9,10040.0,0
CustomerId_1263,19000.0,3800.0,6685.805860178712,-5000.0,10000.0,5,31000.0,6200.0,15.0,21.0,12.0,3,0.0,financial_services,ChannelId_3,ProviderId_4,41,5,19000.0,1
CustomerId_1265,250500.0,2582.4742268041236,4735.234238514465,-5000.0,24000.0,97,278900.0,2875.257731958763,11.103092783505154,17.371134020618555,11.422680412371134,5,0.0,financial_services,ChannelId_3,ProviderId_6,9,97,250500.0,0
CustomerId_1266,9470.0,473.5,476.74085424396253,-50.0,1195.0,20,10120.0,506.0,12.4,20.85,11.3,4,0.0,airtime,ChannelId_3,ProviderId_5,3,20,9470.0,0
CustomerId_1267,-20.0,-6.666666666666667,1000.0666644445926,-1000.0,1000.0,3,2020.0,673.3333333333334,19.0,19.0,1.0,2,0.0,financial_services,ChannelId_2,ProviderId_4,12,3,-20.0,0
CustomerId_1268,1000000.0,1000000.0,0.0,1000000.0,1000000.0,1,1000000.0,1000000.0,10.0,28.0,1.0,1,0.0,financial_services,ChannelId_3,ProviderId_1,4,1,1000000.0,0
CustomerId_1269,2000.0,666.6666666666666,3785.9388972001825,-2000.0,5000.0,3,10000.0,3333.3333333333335,9.0,30.0,11.0,2,0.0,financial_services,ChannelId_2,ProviderId_4,63,3,2000.0,1
CustomerId_1270,23654.0,1244.9473684210527,1872.0240226878682,-1000.0,5000.0,19,28096.0,1478.7368421052631,10.947368421052632,18.263157894736842,4.473684210526316,5,0.0,financial_services,ChannelId_3,ProviderId_4,1,19,23654.0,0
CustomerId_1271,5550.0,925.0,503.7360419902471,-50.0,1400.0,6,5650.0,941.6666666666666,13.166666666666666,22.0,1.0,3,0.0,financial_services,ChannelId_3,ProviderId_1,5,6,5550.0,0
CustomerId_1272,4500.0,1500.0,866.0254037844386,500.0,2000.0,3,4500.0,1500.0,12.333333333333334,11.666666666666666,12.0,2,0.0,financial_services,ChannelId_3,ProviderId_1,41,3,4500.0,1
CustomerId_1273,19000.0,3166.6666666666665,7626.707459098367,-5000.0,10000.0,6,41000.0,6833.333333333333,19.0,7.0,12.0,3,0.0,airtime,ChannelId_2,ProviderId_4,55,6,19000.0,1
CustomerId_1274,5000.0,5000.0,0.0,5000.0,5000.0,1,5000.0,5000.0,7.0,1.0,1.0,1,0.0,financial_services,ChannelId_3,ProviderId_1,31,1,5000.0,1
CustomerId_1275,181744.0,1698.5420560747664,5730.949204004078,-5000.0,50000.0,107,204756.0,1913.607476635514,11.69158878504673,26.672897196261683,1.0,9,0.0,financial_services,ChannelId_3,ProviderId_6,1,107,181744.0,0
CustomerId_1276,571500.0,6885.542168674699,21952.599337897853,-5000.0,120000.0,83,931000.0,11216.867469879518,9.91566265060241,13.987951807228916,11.939759036144578,4,0.0,financial_services,ChannelId_3,ProviderId_4,42,83,571500.0,1
CustomerId_1277,70420.0,2200.625,5902.6062791869135,-1000.0,30000.0,32,73580.0,2299.375,11.5,23.125,1.0,5,0.0,financial_services,ChannelId_3,ProviderId_4,5,32,70420.0,0
CustomerId_1279,29000.0,4142.857142857143,7425.823667638301,-5000.0,10000.0,7,51000.0,7285.714285714285,19.142857142857142,21.0,12.0,3,0.0,airtime,ChannelId_3,ProviderId_3,41,7,29000.0,1
CustomerId_1280,105203.0,2390.9772727272725,3286.966782214027,-1000.0,15000.0,44,118447.0,2691.9772727272725,10.840909090909092,20.5,9.5,5,0.0,airtime,ChannelId_3,ProviderId_3,9,44,105203.0,0
CustomerId_1281,140000.0,5833.333333333333,9122.817388364696,-5000.0,20700.0,24,211800.0,8825.0,10.25,19.291666666666668,11.25,4,0.0,financial_services,ChannelId_3,ProviderId_4,56,24,140000.0,1
CustomerId_1283,17905.0,942.3684210526316,382.45685457844144,-75.0,1500.0,19,18095.0,952.3684210526316,8.578947368421053,18.0,11.0,3,0.0,airtime,ChannelId_3,ProviderId_6,62,19,17905.0,1
CustomerId_1285,2950.0,737.5,525.0,-50.0,1000.0,4,3050.0,762.5,18.25,28.25,11.0,3,0.0,airtime,ChannelId_3,ProviderId_6,63,4,2950.0,1
CustomerId_1286,74269.0,2652.464285714286,3371.4044631626152,-622.0,11000.0,28,81152.0,2898.285714285714,13.357142857142858,23.571428571428573,7.285714285714286,5,0.0,financial_services,ChannelId_3,ProviderId_6,4,28,74269.0,0
CustomerId_1287,29000.0,4142.857142857143,7425.823667638301,-5000.0,10000.0,7,51000.0,7285.714285714285,6.0,14.0,12.0,3,0.0,airtime,ChannelId_3,ProviderId_4,49,7,29000.0,1
CustomerId_1288,4450.0,741.6666666666666,436.3675820528682,-50.0,1000.0,6,4550.0,758.3333333333334,13.166666666666666,19.5,1.0,4,0.0,airtime,ChannelId_3,ProviderId_6,6,6,4450.0,0
CustomerId_1294,49178.0,4470.727272727273,6365.064478713614,-1000.0,20000.0,11,54839.0,4985.363636363636,11.181818181818182,13.0,12.0,4,0.0,financial_services,ChannelId_3,ProviderId_4,47,11,49178.0,1
CustomerId_1295,92150.0,6143.333333333333,6625.676964514286,-5000.0,17000.0,15,103850.0,6923.333333333333,8.466666666666667,18.933333333333334,11.066666666666666,5,0.0,financial_services,ChannelId_3,ProviderId_6,49,15,92150.0,1
CustomerId_1296,-525.0,-175.0,761.1668673819164,-1000.0,500.0,3,1525.0,508.3333333333333,10.0,23.0,12.0,2,0.0,financial_services,ChannelId_2,ProviderId_4,39,3,-525.0,1
CustomerId_1297,5000.0,5000.0,0.0,5000.0,5000.0,1,5000.0,5000.0,10.0,10.0,12.0,1,0.0,financial_services,ChannelId_3,ProviderId_1,52,1,5000.0,1
CustomerId_1298,407980.0,20399.0,43873.992044202416,-5000.0,160000.0,20,430020.0,21501.0,10.15,14.35,8.15,6,0.0,airtime,ChannelId_3,ProviderId_6,16,20,407980.0,0
CustomerId_1299,216780.0,6021.666666666667,14360.298743410596,-1000.0,50000.0,36,241220.0,6700.555555555556,12.194444444444445,16.61111111111111,10.444444444444445,6,0.0,financial_services,ChannelId_2,ProviderId_4,16,36,216780.0,0
CustomerId_13,-10000.0,-10000.0,0.0,-10000.0,-10000.0,1,10000.0,10000.0,16.0,21.0,11.0,1,0.0,airtime,ChannelId_2,ProviderId_4,71,1,-10000.0,1
CustomerId_1300,20000.0,3333.3333333333335,6088.2400303098,-5000.0,10000.0,6,32000.0,5333.333333333333,6.0,25.0,1.0,3,0.0,airtime,ChannelId_3,ProviderId_6,7,6,20000.0,0
CustomerId_1301,70000.0,5000.0,6275.716324421889,-5000.0,10000.0,14,102000.0,7285.714285714285,13.285714285714286,20.142857142857142,8.857142857142858,3,0.0,financial_services,ChannelId_3,ProviderId_6,20,14,70000.0,0
CustomerId_1302,7740285.0,430015.8333333333,1235636.027663308,-1000.0,5000000.0,18,7742715.0,430150.8333333333,11.222222222222221,15.0,1.0,5,3.0,financial_services,ChannelId_3,ProviderId_1,12,18,7740285.0,0
CustomerId_1303,60000.0,4615.384615384615,6357.914510519697,-5000.0,10000.0,13,92000.0,7076.923076923077,8.76923076923077,17.46153846153846,1.0,3,0.0,financial_services,ChannelId_3,ProviderId_6,7,13,60000.0,0
CustomerId_1304,150000.0,50000.0,0.0,50000.0,50000.0,3,150000.0,50000.0,16.333333333333332,24.0,1.0,1,0.0,airtime,ChannelId_3,ProviderId_3,7,3,150000.0,0
CustomerId_1306,61860.0,1014.0983606557377,1984.3446668435909,-1000.0,10000.0,61,65740.0,1077.704918032787,9.78688524590164,6.967213114754099,12.0,6,0.0,financial_services,ChannelId_3,ProviderId_6,53,61,61860.0,1
CustomerId_1307,253650.0,14920.588235294117,32368.421430189534,-1000.0,100000.0,17,256350.0,15079.411764705883,14.588235294117647,16.294117647058822,1.0,4,0.0,airtime,ChannelId_3,ProviderId_3,14,17,253650.0,0
CustomerId_1308,148558.0,9903.866666666667,25991.4281745421,-1000.0,100000.0,15,150558.0,10037.2,9.133333333333333,8.133333333333333,1.0,5,0.0,airtime,ChannelId_3,ProviderId_6,22,15,148558.0,0
CustomerId_1311,41740.0,1264.8484848484848,1393.6521741725078,-175.0,5000.0,33,43430.0,1316.060606060606,13.848484848484848,13.757575757575758,8.0,5,0.0,financial_services,ChannelId_3,ProviderId_6,8,33,41740.0,0
CustomerId_1312,1000.0,1000.0,0.0,1000.0,1000.0,1,1000.0,1000.0,12.0,25.0,1.0,1,0.0,financial_services,ChannelId_3,ProviderId_1,6,1,1000.0,0
CustomerId_1313,19000.0,3166.6666666666665,7626.707459098367,-5000.0,10000.0,6,41000.0,6833.333333333333,20.0,28.0,12.0,3,0.0,airtime,ChannelId_2,ProviderId_4,34,6,19000.0,1
CustomerId_1316,30000.0,15000.0,7071.067811865475,10000.0,20000.0,2,30000.0,15000.0,7.5,19.0,1.0,1,0.0,financial_services,ChannelId_3,ProviderId_1,3,2,30000.0,0
CustomerId_1317,19000.0,3800.0,6685.805860178712,-5000.0,10000.0,5,31000.0,6200.0,20.0,25.0,1.0,3,0.0,financial_services,ChannelId_3,ProviderId_4,6,5,19000.0,0
CustomerId_1318,4986.0,712.2857142857143,1130.3754117232786,-1000.0,2000.0,7,7066.0,1009.4285714285714,10.142857142857142,7.857142857142857,12.0,3,0.0,financial_services,ChannelId_3,ProviderId_4,52,7,4986.0,1
CustomerId_1320,10000.0,5000.0,0.0,5000.0,5000.0,2,14000.0,7000.0,14.5,26.0,11.0,1,0.0,movies,ChannelId_3,ProviderId_3,66,2,10000.0,1
CustomerId_1321,60000.0,30000.0,28284.2712474619,10000.0,50000.0,2,60000.0,30000.0,10.5,12.0,12.0,2,0.0,airtime,ChannelId_3,ProviderId_1,50,2,60000.0,1
CustomerId_1322,2950.0,491.6666666666667,842.8621872326856,-1000.0,1000.0,6,5050.0,841.6666666666666,12.5,18.0,11.5,3,0.0,financial_services,ChannelId_3,ProviderId_1,49,6,2950.0,1
CustomerId_1323,40000.0,3636.3636363636365,5933.341845414391,-5000.0,10000.0,11,62000.0,5636.363636363636,12.363636363636363,16.09090909090909,1.0,4,0.0,airtime,ChannelId_3,ProviderId_6,6,11,40000.0,0
CustomerId_1324,572500.0,19741.379310344826,42975.20478835424,-5000.0,160000.0,29,629500.0,21706.896551724138,11.0,18.379310344827587,7.068965517241379,6,0.0,financial_services,ChannelId_3,ProviderId_6,6,29,572500.0,0
CustomerId_1325,41280.0,8256.0,10833.867268893413,-220.0,26000.0,5,41720.0,8344.0,14.6,9.2,12.0,3,0.0,tv,ChannelId_3,ProviderId_1,36,5,41280.0,1
CustomerId_1326,13000.0,4333.333333333333,1154.7005383792514,3000.0,5000.0,3,13000.0,4333.333333333333,13.0,25.0,12.0,1,0.0,airtime,ChannelId_3,ProviderId_6,34,3,13000.0,1
CustomerId_1328,1000.0,1000.0,0.0,1000.0,1000.0,1,1000.0,1000.0,8.0,22.0,1.0,1,0.0,airtime,ChannelId_3,ProviderId_6,10,1,1000.0,0
CustomerId_1329,12000.0,6000.0,5656.85424949238,2000.0,10000.0,2,12000.0,6000.0,14.0,26.0,1.0,2,0.0,airtime,ChannelId_3,ProviderId_3,3,2,12000.0,0
CustomerId_1331,66000.0,5500.0,5916.079783099616,-5000.0,10000.0,12,88000.0,7333.333333333333,11.833333333333334,26.25,5.583333333333333,3,0.0,airtime,ChannelId_3,ProviderId_6,6,12,66000.0,0
CustomerId_1332,3000.0,1500.0,707.1067811865476,1000.0,2000.0,2,3000.0,1500.0,19.0,22.0,11.0,2,0.0,airtime,ChannelId_3,ProviderId_1,70,2,3000.0,1
CustomerId_1335,179093.5,1738.7718446601941,4382.08252587868,-10000.0,20000.0,103,267687.0,2598.902912621359,12.048543689320388,16.106796116504853,10.262135922330097,9,0.0,financial_services,ChannelId_3,ProviderId_4,7,103,179093.5,0
CustomerId_1338,22000.0,11000.0,12727.922061357855,2000.0,20000.0,2,22000.0,11000.0,11.0,28.0,11.0,1,0.0,financial_services,ChannelId_3,ProviderId_3,64,2,22000.0,1
CustomerId_1339,19000.0,3800.0,6685.805860178712,-5000.0,10000.0,5,31000.0,6200.0,13.0,28.0,12.0,3,0.0,financial_services,ChannelId_3,ProviderId_4,34,5,19000.0,1
CustomerId_1341,21560.0,1960.0,2140.1869077255847,-200.0,5000.0,11,22440.0,2040.0,9.090909090909092,16.363636363636363,11.454545454545455,5,0.0,financial_services,ChannelId_3,ProviderId_6,47,11,21560.0,1
CustomerId_1343,1000.0,1000.0,0.0,1000.0,1000.0,1,1000.0,1000.0,8.0,24.0,12.0,1,0.0,airtime,ChannelId_3,ProviderId_1,39,1,1000.0,1
CustomerId_1349,8000.0,1142.857142857143,377.9644730092272,1000.0,2000.0,7,8000.0,1142.857142857143,6.0,22.0,12.0,2,0.0,airtime,ChannelId_3,ProviderId_3,41,7,8000.0,1
CustomerId_1351,95100.0,6340.0,14258.721641758173,-1500.0,50000.0,15,98900.0,6593.333333333333,14.933333333333334,22.733333333333334,11.0,4,0.0,airtime,ChannelId_3,ProviderId_6,67,15,95100.0,1
CustomerId_1353,2000000.0,2000000.0,0.0,2000000.0,2000000.0,1,2000000.0,2000000.0,12.0,22.0,1.0,1,0.0,financial_services,ChannelId_3,ProviderId_1,9,1,2000000.0,0
CustomerId_1355,10000.0,2000.0,0.0,2000.0,2000.0,5,10000.0,2000.0,15.8,17.0,12.0,2,0.0,financial_services,ChannelId_3,ProviderId_3,45,5,10000.0,1
CustomerId_1356,5000.0,5000.0,0.0,5000.0,5000.0,1,5000.0,5000.0,9.0,16.0,11.0,1,0.0,financial_services,ChannelId_3,ProviderId_1,77,1,5000.0,1
CustomerId_1357,100.0,100.0,0.0,100.0,100.0,1,100.0,100.0,19.0,17.0,1.0,1,0.0,airtime,ChannelId_3,ProviderId_1,14,1,100.0,0
CustomerId_1359,20000.0,4000.0,6745.368781616021,-5000.0,10000.0,5,32000.0,6400.0,17.0,25.0,1.0,3,0.0,financial_services,ChannelId_3,ProviderId_4,6,5,20000.0,0
CustomerId_1360,10000.0,10000.0,0.0,10000.0,10000.0,1,10000.0,10000.0,13.0,9.0,12.0,1,0.0,financial_services,ChannelId_3,ProviderId_1,53,1,10000.0,1
CustomerId_1361,10500.0,1166.6666666666667,2260.530911091463,-350.0,7000.0,9,11500.0,1277.7777777777778,11.0,21.333333333333332,11.0,2,0.0,airtime,ChannelId_3,ProviderId_5,69,9,10500.0,1
CustomerId_1362,20000.0,3333.3333333333335,7814.516406449389,-5000.0,11000.0,6,42000.0,7000.0,18.166666666666668,25.166666666666668,1.0,3,0.0,airtime,ChannelId_2,ProviderId_4,5,6,20000.0,0
CustomerId_1363,5000.0,5000.0,0.0,5000.0,5000.0,1,5000.0,5000.0,15.0,21.0,12.0,1,0.0,financial_services,ChannelId_3,ProviderId_5,41,1,5000.0,1
CustomerId_1365,18500.0,4625.0,6209.87117418711,-1000.0,10000.0,4,21500.0,5375.0,14.5,11.5,1.0,3,0.0,financial_services,ChannelId_1,ProviderId_4,20,4,18500.0,0
CustomerId_1366,900.0,180.0,843.0599029724993,-1000.0,1000.0,5,3100.0,620.0,15.0,21.4,1.0,3,0.0,financial_services,ChannelId_2,ProviderId_4,10,5,900.0,0
CustomerId_1369,19000.0,3166.6666666666665,7626.707459098367,-5000.0,10000.0,6,41000.0,6833.333333333333,19.0,7.0,12.0,3,0.0,airtime,ChannelId_2,ProviderId_4,55,6,19000.0,1
CustomerId_1370,112850.0,16121.42857142857,23193.818449873972,-150.0,50000.0,7,120900.0,17271.428571428572,13.428571428571429,11.714285714285714,11.714285714285714,3,0.0,airtime,ChannelId_3,ProviderId_1,53,7,112850.0,1
CustomerId_1372,500.0,500.0,0.0,500.0,500.0,1,500.0,500.0,14.0,25.0,1.0,1,0.0,financial_services,ChannelId_3,ProviderId_1,6,1,500.0,0
CustomerId_1373,10000.0,10000.0,0.0,10000.0,10000.0,1,10000.0,10000.0,10.0,5.0,1.0,1,0.0,financial_services,ChannelId_3,ProviderId_5,26,1,10000.0,0
CustomerId_1375,30000.0,10000.0,8660.254037844386,5000.0,20000.0,3,30000.0,10000.0,9.0,29.0,1.0,1,0.0,financial_services,ChannelId_3,ProviderId_5,3,3,30000.0,0
CustomerId_1376,220000.0,110000.0,127279.22061357855,20000.0,200000.0,2,220000.0,110000.0,5.5,5.0,1.0,1,0.0,financial_services,ChannelId_3,ProviderId_5,27,2,220000.0,0
CustomerId_1377,-20.0,-6.666666666666667,1000.0666644445926,-1000.0,1000.0,3,2020.0,673.3333333333334,11.0,21.0,1.0,2,0.0,financial_services,ChannelId_2,ProviderId_4,10,3,-20.0,0
CustomerId_1378,20000.0,3333.3333333333335,7814.516406449389,-5000.0,11000.0,6,42000.0,7000.0,12.833333333333334,25.166666666666668,1.0,3,0.0,airtime,ChannelId_2,ProviderId_4,5,6,20000.0,0
CustomerId_1379,1000.0,1000.0,0.0,1000.0,1000.0,1,1000.0,1000.0,10.0,20.0,11.0,1,0.0,airtime,ChannelId_3,ProviderId_5,72,1,1000.0,1
CustomerId_1380,50000.0,4166.666666666667,7469.128382072355,-5000.0,11000.0,12,92000.0,7666.666666666667,10.083333333333334,21.666666666666668,1.0,3,0.0,airtime,ChannelId_3,ProviderId_1,5,12,50000.0,0
CustomerId_1381,5000.0,5000.0,0.0,5000.0,5000.0,1,5000.0,5000.0,5.0,13.0,12.0,1,0.0,financial_services,ChannelId_3,ProviderId_1,50,1,5000.0,1
CustomerId_1384,7000.0,2333.3333333333335,577.3502691896258,2000.0,3000.0,3,7000.0,2333.3333333333335,5.333333333333333,15.333333333333334,1.0,2,0.0,financial_services,ChannelId_3,ProviderId_1,12,3,7000.0,0
CustomerId_1385,50000.0,50000.0,0.0,50000.0,50000.0,1,50000.0,50000.0,13.0,26.0,1.0,1,0.0,financial_services,ChannelId_3,ProviderId_1,5,1,50000.0,0
CustomerId_1386,1000.0,1000.0,0.0,1000.0,1000.0,1,1000.0,1000.0,8.0,23.0,11.0,1,0.0,airtime,ChannelId_3,ProviderId_6,70,1,1000.0,1
CustomerId_1387,12438.0,540.7826086956521,776.1762309565892,-1000.0,3000.0,23,14962.0,650.5217391304348,13.347826086956522,24.91304347826087,1.0,6,0.0,financial_services,ChannelId_3,ProviderId_4,1,23,12438.0,0
CustomerId_1389,100000.0,100000.0,0.0,100000.0,100000.0,1,100000.0,100000.0,12.0,19.0,12.0,1,0.0,financial_services,ChannelId_3,ProviderId_5,43,1,100000.0,1
CustomerId_1390,500.0,500.0,0.0,500.0,500.0,1,500.0,500.0,14.0,22.0,1.0,1,0.0,airtime,ChannelId_3,ProviderId_5,9,1,500.0,0
CustomerId_1392,11260.0,2252.0,2489.4818738042663,-240.0,4800.0,5,11940.0,2388.0,15.8,18.4,12.0,3,0.0,financial_services,ChannelId_2,ProviderId_4,37,5,11260.0,1
CustomerId_1393,200.0,100.0,7212.489168102785,-5000.0,5200.0,2,10200.0,5100.0,17.0,10.0,12.0,2,0.0,airtime,ChannelId_3,ProviderId_1,52,2,200.0,1
CustomerId_1394,10000.0,10000.0,0.0,10000.0,10000.0,1,10000.0,10000.0,9.0,4.0,12.0,1,0.0,financial_services,ChannelId_3,ProviderId_1,59,1,10000.0,1
CustomerId_1396,29800.0,4257.142857142857,6127.222628798234,-5000.0,10000.0,7,40600.0,5800.0,4.714285714285714,18.714285714285715,11.142857142857142,2,0.0,airtime,ChannelId_3,ProviderId_4,55,7,29800.0,1
CustomerId_1398,215771.0,5262.707317073171,10908.82965822618,-220.0,45000.0,41,219229.0,5347.048780487805,16.0,12.975609756097562,8.24390243902439,4,0.0,financial_services,ChannelId_3,ProviderId_6,25,41,215771.0,0
CustomerId_14,-10000.0,-10000.0,0.0,-10000.0,-10000.0,1,10000.0,10000.0,16.0,21.0,11.0,1,0.0,airtime,ChannelId_2,ProviderId_4,71,1,-10000.0,1
CustomerId_1400,500.0,500.0,0.0,500.0,500.0,1,500.0,500.0,4.0,26.0,12.0,1,0.0,airtime,ChannelId_3,ProviderId_1,37,1,500.0,1
CustomerId_1402,9960.0,1660.0,2166.4717861075414,-1000.0,5000.0,6,12040.0,2006.6666666666667,6.666666666666667,10.666666666666666,1.0,3,0.0,airtime,ChannelId_3,ProviderId_6,20,6,9960.0,0
CustomerId_1406,490.0,245.0,360.62445840513925,-10.0,500.0,2,510.0,255.0,14.5,18.5,11.0,2,0.0,airtime,ChannelId_2,ProviderId_1,73,2,490.0,1
CustomerId_1407,40000.0,4444.444444444444,6463.573143221772,-5000.0,10000.0,9,62000.0,6888.888888888889,13.11111111111111,26.666666666666668,7.111111111111111,3,0.0,financial_services,ChannelId_3,ProviderId_6,6,9,40000.0,0
CustomerId_1408,1000.0,1000.0,0.0,1000.0,1000.0,1,1000.0,1000.0,19.0,26.0,12.0,1,0.0,financial_services,ChannelId_3,ProviderId_1,36,1,1000.0,1
CustomerId_1409,29389.0,1277.7826086956522,1952.0209564011466,-1000.0,5000.0,23,35101.0,1526.1304347826087,7.173913043478261,18.652173913043477,11.521739130434783,4,0.0,airtime,ChannelId_3,ProviderId_5,39,23,29389.0,1
CustomerId_1411,7000.0,1166.6666666666667,408.24829046386304,1000.0,2000.0,6,7000.0,1166.6666666666667,10.333333333333334,9.166666666666666,1.0,2,0.0,financial_services,ChannelId_3,ProviderId_5,22,6,7000.0,0
CustomerId_1413,399939.0,3539.283185840708,7167.8210171136,-5000.0,40000.0,113,443975.0,3928.9823008849557,12.4070796460177,18.469026548672566,6.9734513274336285,6,0.0,financial_services,ChannelId_3,ProviderId_6,1,113,399939.0,0
CustomerId_1415,2339.0,55.69047619047619,1256.0931588897074,-2000.0,5000.0,42,41021.0,976.6904761904761,9.476190476190476,13.619047619047619,11.30952380952381,6,0.0,airtime,ChannelId_3,ProviderId_4,14,42,2339.0,0
CustomerId_1417,7000.0,3500.0,2121.3203435596424,2000.0,5000.0,2,7000.0,3500.0,4.0,9.0,1.0,1,0.0,financial_services,ChannelId_3,ProviderId_1,23,2,7000.0,0
CustomerId_1418,3500.0,3500.0,0.0,3500.0,3500.0,1,3500.0,3500.0,13.0,20.0,1.0,1,0.0,airtime,ChannelId_3,ProviderId_1,11,1,3500.0,0
CustomerId_1419,34225.0,3802.777777777778,5534.782691709264,-5000.0,10000.0,9,45775.0,5086.111111111111,11.222222222222221,12.222222222222221,1.0,5,0.0,financial_services,ChannelId_3,ProviderId_4,14,9,34225.0,0
CustomerId_1420,11850.0,1185.0,1680.2513039555852,-1000.0,5000.0,10,15640.0,1564.0,12.3,13.1,12.0,5,0.0,financial_services,ChannelId_3,ProviderId_6,49,10,11850.0,1
CustomerId_1421,29810.0,2981.0,6228.605069444611,-1000.0,20000.0,10,32190.0,3219.0,9.1,26.8,1.0,4,0.0,financial_services,ChannelId_3,ProviderId_4,1,10,29810.0,0
CustomerId_1422,14000.0,4666.666666666667,7252.153703096296,-20.0,13020.0,3,14040.0,4680.0,14.0,16.0,11.0,3,0.0,financial_services,ChannelId_3,ProviderId_3,76,3,14000.0,1
CustomerId_1423,8360.0,597.1428571428571,883.2843306609763,-50.0,3000.0,14,8640.0,617.1428571428571,14.357142857142858,19.571428571428573,11.0,3,0.0,airtime,ChannelId_3,ProviderId_6,71,14,8360.0,1
CustomerId_1424,20000.0,4000.0,6745.368781616021,-5000.0,10000.0,5,32000.0,6400.0,8.8,25.0,1.0,3,0.0,financial_services,ChannelId_3,ProviderId_4,7,5,20000.0,0
CustomerId_1426,10000.0,10000.0,0.0,10000.0,10000.0,1,10000.0,10000.0,9.0,22.0,11.0,1,0.0,financial_services,ChannelId_3,ProviderId_1,71,1,10000.0,1
CustomerId_1427,120000.0,4000.0,7655.424040598882,-5000.0,20000.0,30,222800.0,7426.666666666667,12.233333333333333,22.4,11.3,3,0.0,airtime,ChannelId_3,ProviderId_4,41,30,120000.0,1
CustomerId_1429,176640.0,5046.857142857143,9874.280248208881,-5000.0,40000.0,35,218360.0,6238.857142857143,12.342857142857143,19.457142857142856,6.171428571428572,4,0.0,airtime,ChannelId_3,ProviderId_6,3,35,176640.0,0
CustomerId_1431,5000.0,5000.0,0.0,5000.0,5000.0,1,5000.0,5000.0,15.0,11.0,12.0,1,0.0,financial_services,ChannelId_3,ProviderId_1,51,1,5000.0,1
CustomerId_1432,2000.0,2000.0,0.0,2000.0,2000.0,1,2000.0,2000.0,3.0,15.0,11.0,1,0.0,airtime,ChannelId_3,ProviderId_6,78,1,2000.0,1
CustomerId_1435,90000.0,3600.0,5413.871073455666,-5000.0,10000.0,25,132200.0,5288.0,9.32,22.28,4.96,4,0.0,airtime,ChannelId_3,ProviderId_6,7,25,90000.0,0
CustomerId_1436,9000.0,2250.0,6601.767440112787,-5000.0,10000.0,4,21000.0,5250.0,7.0,21.0,12.0,2,0.0,airtime,ChannelId_2,ProviderId_4,42,4,9000.0,1
CustomerId_1437,20000.0,20000.0,0.0,20000.0,20000.0,1,20000.0,20000.0,16.0,6.0,1.0,1,0.0,financial_services,ChannelId_3,ProviderId_1,25,1,20000.0,0
CustomerId_1438,92608.0,4409.9047619047615,7101.975794838799,-5000.0,28000.0,21,107232.0,5106.285714285715,13.952380952380953,16.523809523809526,3.0952380952380953,5,0.0,financial_services,ChannelId_3,ProviderId_1,3,21,92608.0,0
CustomerId_1439,500.0,500.0,0.0,500.0,500.0,1,500.0,500.0,14.0,21.0,12.0,1,0.0,airtime,ChannelId_3,ProviderId_6,41,1,500.0,1
CustomerId_1441,1000.0,1000.0,0.0,1000.0,1000.0,1,1000.0,1000.0,13.0,18.0,12.0,1,0.0,financial_services,ChannelId_3,ProviderId_1,44,1,1000.0,1
CustomerId_1443,2000.0,1000.0,0.0,1000.0,1000.0,2,2000.0,1000.0,5.0,12.0,1.0,1,0.0,airtime,ChannelId_3,ProviderId_3,20,2,2000.0,0
CustomerId_1444,500.0,500.0,0.0,500.0,500.0,1,500.0,500.0,11.0,17.0,12.0,1,0.0,airtime,ChannelId_3,ProviderId_1,45,1,500.0,1
CustomerId_1445,500.0,500.0,0.0,500.0,500.0,1,500.0,500.0,11.0,15.0,1.0,1,0.0,airtime,ChannelId_3,ProviderId_6,16,1,500.0,0
CustomerId_1447,9850.0,1231.25,1847.186567265395,-1000.0,5000.0,8,12150.0,1518.75,7.25,22.125,11.125,4,0.0,airtime,ChannelId_3,ProviderId_6,62,8,9850.0,1
CustomerId_1448,3500.0,1166.6666666666667,577.3502691896257,500.0,1500.0,3,3500.0,1166.6666666666667,18.666666666666668,18.0,1.0,1,0.0,financial_services,ChannelId_3,ProviderId_1,1,3,3500.0,0
CustomerId_1449,492768.0,18250.666666666668,43571.03462340372,-2000.0,150000.0,27,504432.0,18682.666666666668,15.814814814814815,14.592592592592593,11.11111111111111,6,0.0,airtime,ChannelId_3,ProviderId_1,3,27,492768.0,0
CustomerId_1450,60725.0,6747.222222222223,16366.268876700164,-1000.0,50000.0,9,63275.0,7030.555555555556,11.88888888888889,15.777777777777779,1.0,4,0.0,financial_services,ChannelId_3,ProviderId_1,14,9,60725.0,0
CustomerId_1451,18550.0,1030.5555555555557,2436.9417242355757,-1000.0,10000.0,18,20850.0,1158.3333333333333,16.0,16.77777777777778,1.0,5,0.0,financial_services,ChannelId_3,ProviderId_6,10,18,18550.0,0
CustomerId_1452,24600.0,2236.3636363636365,3194.61194115114,-250.0,10000.0,11,25400.0,2309.090909090909,11.0,11.636363636363637,1.0,3,0.0,airtime,ChannelId_3,ProviderId_6,18,11,24600.0,0
CustomerId_1453,1950.0,390.0,900.2777349240622,-1000.0,1000.0,5,4050.0,810.0,20.0,21.2,1.0,4,0.0,financial_services,ChannelId_3,ProviderId_4,9,5,1950.0,0
CustomerId_1454,20000.0,3333.3333333333335,7814.516406449389,-5000.0,11000.0,6,42000.0,7000.0,12.0,25.166666666666668,1.0,3,0.0,airtime,ChannelId_2,ProviderId_4,5,6,20000.0,0
CustomerId_1455,1000.0,1000.0,0.0,1000.0,1000.0,1,1000.0,1000.0,12.0,28.0,11.0,1,0.0,airtime,ChannelId_3,ProviderId_6,64,1,1000.0,1
CustomerId_1458,500.0,500.0,0.0,500.0,500.0,1,500.0,500.0,13.0,2.0,1.0,1,0.0,airtime,ChannelId_3,ProviderId_6,29,1,500.0,0
CustomerId_1459,10000.0,10000.0,0.0,10000.0,10000.0,1,14000.0,14000.0,19.0,29.0,12.0,1,0.0,movies,ChannelId_3,ProviderId_1,33,1,10000.0,1
CustomerId_1461,65600.0,1561.904761904762,2612.7608872843903,-1000.0,10000.0,42,69400.0,1652.3809523809523,15.476190476190476,20.023809523809526,9.119047619047619,5,0.0,financial_services,ChannelId_3,ProviderId_4,6,42,65600.0,0
CustomerId_1466,38200.0,5457.142857142857,6181.654887071677,-5000.0,10700.0,7,52120.0,7445.714285714285,19.714285714285715,25.0,1.0,3,0.0,financial_services,ChannelId_3,ProviderId_1,6,7,38200.0,0
CustomerId_1468,400864.0,26724.266666666666,28193.687255601504,-1000.0,70000.0,15,428024.0,28534.933333333334,10.666666666666666,22.4,3.2,4,0.0,airtime,ChannelId_3,ProviderId_3,8,15,400864.0,0
CustomerId_1472,124496.0,2394.153846153846,4820.075352859105,-14000.0,10050.0,52,218476.0,4201.461538461538,13.48076923076923,14.01923076923077,9.038461538461538,7,0.0,financial_services,ChannelId_3,ProviderId_6,14,52,124496.0,0
CustomerId_1474,10000.0,10000.0,0.0,10000.0,10000.0,1,10000.0,10000.0,10.0,3.0,12.0,1,0.0,financial_services,ChannelId_1,ProviderId_5,59,1,10000.0,1
CustomerId_1475,16740.0,2092.5,3703.6806017798026,-220.0,11000.0,8,17260.0,2157.5,9.375,21.0,11.0,4,0.0,financial_services,ChannelId_3,ProviderId_4,69,8,16740.0,1
CustomerId_1476,14000.0,1750.0,3414.3604295471127,-1000.0,10000.0,8,16100.0,2012.5,8.5,24.625,11.0,3,0.0,financial_services,ChannelId_3,ProviderId_1,63,8,14000.0,1
CustomerId_1477,54941.4,2497.336363636364,4135.81320310718,-5000.0,10070.0,22,75199.0,3418.1363636363635,14.227272727272727,12.590909090909092,11.772727272727273,6,0.0,financial_services,ChannelId_3,ProviderId_6,54,22,54941.4,1
CustomerId_1479,20000.0,3333.3333333333335,6161.709719442054,-5000.0,10000.0,6,32000.0,5333.333333333333,16.0,25.0,1.0,4,0.0,airtime,ChannelId_3,ProviderId_6,6,6,20000.0,0
CustomerId_1480,80000.0,4000.0,5920.526292395581,-5000.0,10000.0,20,122000.0,6100.0,8.75,20.2,6.5,4,0.0,airtime,ChannelId_3,ProviderId_6,6,20,80000.0,0
CustomerId_1481,19000.0,1461.5384615384614,3555.87271555532,-5000.0,10000.0,13,31000.0,2384.6153846153848,14.307692307692308,14.615384615384615,12.0,5,0.0,airtime,ChannelId_3,ProviderId_6,47,13,19000.0,1
CustomerId_1482,24000.0,2400.0,4135.214625627066,-5000.0,10000.0,10,36000.0,3600.0,9.1,14.5,12.0,4,0.0,airtime,ChannelId_3,ProviderId_6,47,10,24000.0,1
CustomerId_1483,9930.0,1103.3333333333333,1637.0075595427163,-1000.0,3555.0,9,12180.0,1353.3333333333333,13.333333333333334,26.333333333333332,12.0,4,0.0,financial_services,ChannelId_3,ProviderId_4,31,9,9930.0,1
CustomerId_1484,990.0,198.0,758.959814482954,-1000.0,1000.0,5,3010.0,602.0,8.6,18.2,3.0,3,0.0,financial_services,ChannelId_3,ProviderId_4,15,5,990.0,0
CustomerId_1485,80000.0,4210.526315789473,6030.74481643318,-5000.0,10000.0,19,122000.0,6421.0526315789475,9.473684210526315,22.526315789473685,6.7894736842105265,4,0.0,airtime,ChannelId_3,ProviderId_6,7,19,80000.0,0
CustomerId_1486,20000.0,3333.3333333333335,7814.516406449389,-5000.0,11000.0,6,42000.0,7000.0,15.0,11.0,1.0,3,0.0,airtime,ChannelId_2,ProviderId_4,20,6,20000.0,0
CustomerId_1487,6500.0,812.5,530.3300858899107,500.0,2000.0,8,6500.0,812.5,9.0,7.5,12.0,2,0.0,airtime,ChannelId_3,ProviderId_3,54,8,6500.0,1
CustomerId_1488,20000.0,4000.0,6745.368781616021,-5000.0,10000.0,5,32000.0,6400.0,10.2,11.0,1.0,3,0.0,financial_services,ChannelId_3,ProviderId_4,20,5,20000.0,0
CustomerId_1489,90000.0,15000.0,7745.966692414834,5000.0,20000.0,6,90000.0,15000.0,12.166666666666666,21.666666666666668,12.0,2,0.0,financial_services,ChannelId_3,ProviderId_3,38,6,90000.0,1
CustomerId_1490,30000.0,10000.0,8660.254037844386,5000.0,20000.0,3,30000.0,10000.0,16.0,15.0,12.0,2,0.0,financial_services,ChannelId_3,ProviderId_5,47,3,30000.0,1
CustomerId_1492,3350.0,1116.6666666666667,1663.079472945696,-150.0,3000.0,3,3650.0,1216.6666666666667,11.666666666666666,23.333333333333332,11.0,2,0.0,airtime,ChannelId_3,ProviderId_6,69,3,3350.0,1
CustomerId_1495,9950.0,1990.0,2837.3403038761494,-1000.0,5000.0,5,12050.0,2410.0,13.4,22.6,11.0,3,0.0,financial_services,ChannelId_3,ProviderId_1,69,5,9950.0,1
CustomerId_1496,50000.0,50000.0,0.0,50000.0,50000.0,1,50000.0,50000.0,6.0,28.0,11.0,1,0.0,financial_services,ChannelId_3,ProviderId_1,65,1,50000.0,1
CustomerId_1499,34000.0,4250.0,5092.010548749033,-5000.0,10000.0,8,46000.0,5750.0,18.0,30.0,11.0,3,0.0,financial_services,ChannelId_3,ProviderId_1,62,8,34000.0,1
CustomerId_15,-10000.0,-10000.0,0.0,-10000.0,-10000.0,1,10000.0,10000.0,16.0,21.0,11.0,1,0.0,airtime,ChannelId_2,ProviderId_4,71,1,-10000.0,1
CustomerId_1502,5000.0,5000.0,0.0,5000.0,5000.0,1,5000.0,5000.0,14.0,22.0,12.0,1,0.0,airtime,ChannelId_3,ProviderId_1,40,1,5000.0,1
CustomerId_1503,296471.0,4006.364864864865,16625.54046629934,-5000.0,101500.0,74,327089.0,4420.121621621622,11.378378378378379,25.716216216216218,10.95945945945946,7,0.0,financial_services,ChannelId_3,ProviderId_4,7,74,296471.0,0
CustomerId_1505,225910.0,1964.4347826086957,4036.1711470902865,-1000.0,20000.0,115,233490.0,2030.3478260869565,9.991304347826087,15.582608695652175,1.0,8,0.0,financial_services,ChannelId_3,ProviderId_6,9,115,225910.0,0
CustomerId_1506,5000.0,5000.0,0.0,5000.0,5000.0,1,5000.0,5000.0,21.0,28.0,12.0,1,0.0,financial_services,ChannelId_3,ProviderId_1,34,1,5000.0,1
CustomerId_1508,60000.0,3529.4117647058824,5688.339466166989,-5000.0,10000.0,17,92000.0,5411.764705882353,9.411764705882353,18.647058823529413,4.882352941176471,4,0.0,airtime,ChannelId_3,ProviderId_6,6,17,60000.0,0
CustomerId_1509,40429.0,3675.3636363636365,5969.909668876528,-5000.0,10000.0,11,61459.0,5587.181818181818,14.454545454545455,17.272727272727273,11.909090909090908,3,0.0,airtime,ChannelId_3,ProviderId_1,42,11,40429.0,1
CustomerId_1510,216279.0,2325.5806451612902,4194.390111059265,-644.0,20000.0,93,227302.0,2444.1075268817203,9.526881720430108,18.053763440860216,11.21505376344086,6,0.0,financial_services,ChannelId_3,ProviderId_6,46,93,216279.0,1
CustomerId_1511,3950.0,987.5,2168.0924795773817,-1000.0,4000.0,4,6050.0,1512.5,12.75,18.75,1.0,3,0.0,financial_services,ChannelId_2,ProviderId_4,12,4,3950.0,0
CustomerId_1512,10000.0,10000.0,0.0,10000.0,10000.0,1,10000.0,10000.0,10.0,29.0,12.0,1,0.0,financial_services,ChannelId_3,ProviderId_1,33,1,10000.0,1
CustomerId_1513,19000.0,3166.6666666666665,7626.707459098367,-5000.0,10000.0,6,41000.0,6833.333333333333,19.0,28.0,12.0,3,0.0,airtime,ChannelId_2,ProviderId_4,34,6,19000.0,1
CustomerId_1514,4350.0,483.3333333333333,738.1353195722313,-1000.0,1400.0,9,6450.0,716.6666666666666,11.555555555555555,25.88888888888889,11.0,4,0.0,financial_services,ChannelId_3,ProviderId_1,64,9,4350.0,1
CustomerId_1515,63755.0,1301.1224489795918,2047.3385328340814,-1000.0,11000.0,49,67775.0,1383.1632653061224,14.285714285714286,17.693877551020407,2.795918367346939,8,0.0,financial_services,ChannelId_3,ProviderId_6,3,49,63755.0,0
CustomerId_1516,20975.0,2996.4285714285716,5840.241657589831,-5000.0,10500.0,7,33025.0,4717.857142857143,18.0,11.0,1.0,3,0.0,financial_services,ChannelId_1,ProviderId_4,20,7,20975.0,0
CustomerId_1517,25000.0,2272.7272727272725,3860.5934541443003,-5000.0,10000.0,11,35000.0,3181.818181818182,9.545454545454545,15.545454545454545,1.0,4,0.0,airtime,ChannelId_3,ProviderId_6,8,11,25000.0,0
CustomerId_1518,9000.0,2250.0,6601.767440112787,-5000.0,10000.0,4,21000.0,5250.0,7.75,28.0,12.0,2,0.0,airtime,ChannelId_2,ProviderId_4,35,4,9000.0,1
CustomerId_1520,77920.0,4870.0,6074.932098385956,-5000.0,10000.0,16,110280.0,6892.5,9.875,14.0625,1.0,3,0.0,financial_services,ChannelId_3,ProviderId_6,7,16,77920.0,0
CustomerId_1521,1000.0,1000.0,0.0,1000.0,1000.0,1,1000.0,1000.0,13.0,18.0,11.0,1,0.0,financial_services,ChannelId_3,ProviderId_1,74,1,1000.0,1
CustomerId_1523,278854.0,19918.14285714286,52557.29452973882,-1000.0,200000.0,14,282470.0,20176.428571428572,13.785714285714286,26.0,1.0,3,0.0,financial_services,ChannelId_1,ProviderId_3,5,14,278854.0,0
CustomerId_1525,1000.0,1000.0,0.0,1000.0,1000.0,1,1000.0,1000.0,21.0,3.0,12.0,1,0.0,airtime,ChannelId_3,ProviderId_6,59,1,1000.0,1
CustomerId_1526,500.0,500.0,0.0,500.0,500.0,1,500.0,500.0,17.0,11.0,1.0,1,0.0,airtime,ChannelId_3,ProviderId_1,20,1,500.0,0
CustomerId_1528,11780.0,2356.0,4906.493656370097,-1000.0,11000.0,5,14220.0,2844.0,16.4,4.2,1.0,4,0.0,airtime,ChannelId_3,ProviderId_4,25,5,11780.0,0
CustomerId_1529,27386.0,978.0714285714286,1352.6555754589215,-1000.0,5000.0,28,29814.0,1064.7857142857142,6.571428571428571,22.214285714285715,11.0,6,0.0,financial_services,ChannelId_3,ProviderId_1,70,28,27386.0,1
CustomerId_1531,3000.0,3000.0,0.0,3000.0,3000.0,1,3000.0,3000.0,12.0,12.0,12.0,1,0.0,financial_services,ChannelId_3,ProviderId_1,50,1,3000.0,1
CustomerId_1532,592356.0,29617.8,65032.14365106407,-5000.0,180000.0,20,628594.0,31429.7,12.1,21.35,11.65,7,0.0,financial_services,ChannelId_3,ProviderId_1,32,20,592356.0,1
CustomerId_1533,142945.0,1764.7530864197531,5709.18442627943,-1000.0,50000.0,81,149030.0,1839.8765432098764,13.209876543209877,17.234567901234566,2.3580246913580245,6,0.0,financial_services,ChannelId_3,ProviderId_6,3,81,142945.0,0
CustomerId_1537,99171.0,4132.125,4594.306176623976,-5000.0,10001.0,24,132100.0,5504.166666666667,13.583333333333334,15.583333333333334,3.75,5,0.0,financial_services,ChannelId_3,ProviderId_6,6,24,99171.0,0
CustomerId_1538,40000.0,4000.0,6164.414002968976,-5000.0,10000.0,10,62000.0,6200.0,16.5,26.5,6.5,3,0.0,airtime,ChannelId_3,ProviderId_6,6,10,40000.0,0
CustomerId_1540,19000.0,3800.0,6685.805860178712,-5000.0,10000.0,5,31000.0,6200.0,17.0,30.0,11.0,3,0.0,financial_services,ChannelId_3,ProviderId_4,62,5,19000.0,1
CustomerId_1541,78400.0,2703.448275862069,3718.0527505883542,-2000.0,15000.0,29,112400.0,3875.862068965517,12.482758620689655,23.310344827586206,12.0,4,0.0,financial_services,ChannelId_3,ProviderId_6,33,29,78400.0,1
CustomerId_1545,242985.0,3471.214285714286,12157.945838478929,-1629.0,60000.0,70,253715.0,3624.5,16.757142857142856,23.428571428571427,10.857142857142858,6,0.0,financial_services,ChannelId_3,ProviderId_6,1,70,242985.0,0
CustomerId_1546,240000.0,6315.789473684211,9002.988282150258,-5000.0,20000.0,38,361400.0,9510.526315789473,12.921052631578947,15.289473684210526,9.894736842105264,4,0.0,financial_services,ChannelId_3,ProviderId_6,28,38,240000.0,0
CustomerId_1547,104250.0,2004.8076923076924,2900.926654103596,-1000.0,10000.0,52,110950.0,2133.653846153846,13.73076923076923,15.403846153846153,12.0,4,0.0,financial_services,ChannelId_3,ProviderId_4,40,52,104250.0,1
CustomerId_1550,20000.0,4000.0,6745.368781616021,-5000.0,10000.0,5,32000.0,6400.0,11.0,11.0,1.0,3,0.0,financial_services,ChannelId_3,ProviderId_4,20,5,20000.0,0
CustomerId_1554,22925.0,1091.6666666666667,1779.1910615033264,-1000.0,5000.0,21,26075.0,1241.6666666666667,11.904761904761905,8.714285714285714,12.0,4,0.0,financial_services,ChannelId_3,ProviderId_4,44,21,22925.0,1
CustomerId_1557,80000.0,4705.882352941177,6302.427170169769,-5000.0,10000.0,17,122000.0,7176.470588235294,10.294117647058824,19.88235294117647,4.235294117647059,3,0.0,financial_services,ChannelId_3,ProviderId_6,7,17,80000.0,0
CustomerId_1562,3750.0,1250.0,3269.174207655505,-1000.0,5000.0,3,6250.0,2083.3333333333335,6.0,8.0,12.0,2,0.0,financial_services,ChannelId_2,ProviderId_4,55,3,3750.0,1
CustomerId_1564,17530.0,626.0714285714286,3141.1985672913834,-5000.0,12000.0,28,56740.0,2026.4285714285713,12.321428571428571,21.142857142857142,11.214285714285714,6,0.0,airtime,ChannelId_3,ProviderId_4,46,28,17530.0,1
CustomerId_1565,59600.0,3505.8823529411766,5186.1860490435665,-300.0,15000.0,17,62400.0,3670.5882352941176,8.588235294117647,12.529411764705882,12.0,3,0.0,financial_services,ChannelId_3,ProviderId_4,42,17,59600.0,1
CustomerId_1566,1000.0,1000.0,0.0,1000.0,1000.0,1,1000.0,1000.0,23.0,21.0,1.0,1,0.0,airtime,ChannelId_3,ProviderId_1,10,1,1000.0,0
CustomerId_1567,1000500.0,333500.0,288386.4594602181,500.0,500000.0,3,1000500.0,333500.0,9.666666666666666,21.333333333333332,1.0,2,2.0,financial_services,ChannelId_3,ProviderId_3,8,3,1000500.0,0
CustomerId_1568,22840.0,1522.6666666666667,2754.856663802173,-1000.0,10000.0,15,25360.0,1690.6666666666667,10.933333333333334,18.6,9.066666666666666,7,0.0,financial_services,ChannelId_3,ProviderId_4,14,15,22840.0,0
CustomerId_1569,5000.0,5000.0,0.0,5000.0,5000.0,1,5000.0,5000.0,21.0,9.0,1.0,1,0.0,financial_services,ChannelId_3,ProviderId_1,22,1,5000.0,0
CustomerId_1570,29000.0,3222.222222222222,5124.153046547736,-5000.0,10000.0,9,42000.0,4666.666666666667,19.0,21.0,12.0,3,0.0,financial_services,ChannelId_3,ProviderId_4,41,9,29000.0,1
CustomerId_1571,10000.0,10000.0,0.0,10000.0,10000.0,1,10000.0,10000.0,7.0,5.0,1.0,1,0.0,financial_services,ChannelId_3,ProviderId_5,27,1,10000.0,0
CustomerId_1572,40000.0,4444.444444444444,6463.573143221772,-5000.0,10000.0,9,62000.0,6888.888888888889,10.88888888888889,21.11111111111111,1.0,3,0.0,financial_services,ChannelId_3,ProviderId_6,7,9,40000.0,0
CustomerId_1573,19000.0,3166.6666666666665,7626.707459098367,-5000.0,10000.0,6,41000.0,6833.333333333333,18.0,7.0,12.0,3,0.0,airtime,ChannelId_2,ProviderId_4,55,6,19000.0,1
CustomerId_1576,246592.0,2709.802197802198,9369.563800139471,-5000.0,80000.0,91,298834.0,3283.8901098901097,11.54945054945055,16.857142857142858,11.087912087912088,12,0.0,financial_services,ChannelId_3,ProviderId_6,25,91,246592.0,0
CustomerId_1577,5250.0,1750.0,2839.4541729001367,-250.0,5000.0,3,5750.0,1916.6666666666667,15.333333333333334,16.666666666666668,11.0,3,0.0,airtime,ChannelId_3,ProviderId_6,74,3,5250.0,1
CustomerId_1578,80000.0,6666.666666666667,9374.36866561092,-5000.0,20000.0,12,120000.0,10000.0,13.916666666666666,18.5,11.5,4,0.0,airtime,ChannelId_3,ProviderId_6,56,12,80000.0,1
CustomerId_1579,40000.0,3636.3636363636365,7593.05903141451,-5000.0,11000.0,11,82000.0,7454.545454545455,16.454545454545453,17.454545454545453,1.0,3,0.0,airtime,ChannelId_3,ProviderId_4,5,11,40000.0,0
CustomerId_1580,5932.0,988.6666666666666,944.2047800486221,-40.0,2000.0,6,6068.0,1011.3333333333334,20.166666666666668,3.8333333333333335,2.8333333333333335,4,0.0,airtime,ChannelId_3,ProviderId_1,29,6,5932.0,0
CustomerId_1581,25000.0,1923.076923076923,3639.1743216820137,-5000.0,10000.0,13,37000.0,2846.153846153846,14.307692307692308,18.0,1.0,4,0.0,airtime,ChannelId_3,ProviderId_6,13,13,25000.0,0
CustomerId_1583,7730.0,858.8888888888889,1150.276536799352,-1000.0,1800.0,9,10270.0,1141.111111111111,10.333333333333334,20.555555555555557,9.555555555555555,2,0.0,airtime,ChannelId_3,ProviderId_5,23,9,7730.0,0
CustomerId_1584,220954.0,4249.115384615385,10056.788856492532,-5000.0,50000.0,52,240846.0,4631.653846153846,10.5,21.923076923076923,7.403846153846154,7,0.0,airtime,ChannelId_3,ProviderId_6,4,52,220954.0,0
CustomerId_1587,18955.0,1263.6666666666667,1646.646447726264,-100.0,5000.0,15,19645.0,1309.6666666666667,14.0,18.2,11.0,5,0.0,financial_services,ChannelId_3,ProviderId_4,73,15,18955.0,1
CustomerId_1588,123640.0,3746.6666666666665,14155.694672698568,-5000.0,80000.0,33,146360.0,4435.151515151515,11.454545454545455,10.090909090909092,11.606060606060606,7,0.0,financial_services,ChannelId_3,ProviderId_6,18,33,123640.0,0
CustomerId_1591,35000.0,3888.8888888888887,6527.71867585538,-5000.0,10000.0,9,57000.0,6333.333333333333,11.555555555555555,21.11111111111111,1.0,3,0.0,financial_services,ChannelId_3,ProviderId_6,7,9,35000.0,0
CustomerId_1593,20000.0,3333.3333333333335,7814.516406449389,-5000.0,11000.0,6,42000.0,7000.0,13.333333333333334,25.166666666666668,1.0,3,0.0,airtime,ChannelId_2,ProviderId_4,5,6,20000.0,0
CustomerId_1594,276500.0,3787.671232876712,5251.155830584123,-5000.0,12000.0,73,378700.0,5187.671232876713,11.246575342465754,15.32876712328767,7.4520547945205475,6,0.0,airtime,ChannelId_3,ProviderId_6,7,73,276500.0,0
CustomerId_1595,-8050.0,-2012.5,5347.955216716011,-10000.0,1000.0,4,12050.0,3012.5,6.25,27.75,11.0,3,0.0,airtime,ChannelId_3,ProviderId_4,63,4,-8050.0,1
CustomerId_1597,50000.0,50000.0,0.0,50000.0,50000.0,1,50000.0,50000.0,15.0,28.0,11.0,1,0.0,ticket,ChannelId_1,ProviderId_1,64,1,50000.0,1
CustomerId_1599,0.0,0.0,866.0254037844386,-1000.0,500.0,3,2000.0,666.6666666666666,13.0,9.333333333333334,1.0,2,0.0,airtime,ChannelId_3,ProviderId_1,21,3,0.0,0
CustomerId_1601,-430.0,-143.33333333333334,805.9983457385836,-1000.0,600.0,3,1630.0,543.3333333333334,13.0,16.0,12.0,2,0.0,financial_services,ChannelId_2,ProviderId_4,46,3,-430.0,1
CustomerId_1602,4230560.0,75545.71428571429,374004.2377925058,-1000.0,2000000.0,56,4233440.0,75597.14285714286,12.196428571428571,17.053571428571427,1.0,4,1.0,financial_services,ChannelId_3,ProviderId_3,1,56,4230560.0,0
CustomerId_1604,65225.5,2174.1833333333334,4481.880936891482,-1000.0,14000.0,30,69925.0,2330.8333333333335,13.666666666666666,26.933333333333334,12.0,6,0.0,financial_services,ChannelId_3,ProviderId_4,35,30,65225.5,1
CustomerId_1605,1800.0,1800.0,0.0,1800.0,1800.0,1,1800.0,1800.0,9.0,29.0,11.0,1,0.0,airtime,ChannelId_3,ProviderId_1,64,1,1800.0,1
CustomerId_1608,20050.0,1253.125,1696.2860165667817,-125.0,5000.0,16,20950.0,1309.375,18.0,16.25,11.0,6,0.0,financial_services,ChannelId_3,ProviderId_4,73,16,20050.0,1
CustomerId_1609,975.0,195.0,760.0164471904538,-1000.0,1000.0,5,3025.0,605.0,17.0,21.0,11.0,4,0.0,financial_services,ChannelId_3,ProviderId_4,71,5,975.0,1
CustomerId_1610,500.0,500.0,0.0,500.0,500.0,1,500.0,500.0,10.0,22.0,1.0,1,0.0,airtime,ChannelId_3,ProviderId_1,9,1,500.0,0
CustomerId_1611,19000.0,3800.0,6685.805860178712,-5000.0,10000.0,5,31000.0,6200.0,12.0,28.0,12.0,3,0.0,financial_services,ChannelId_3,ProviderId_4,34,5,19000.0,1
CustomerId_1613,60000.0,4285.714285714285,6169.759644097497,-5000.0,10000.0,14,92000.0,6571.428571428572,9.785714285714286,21.071428571428573,4.928571428571429,4,0.0,airtime,ChannelId_3,ProviderId_6,6,14,60000.0,0
CustomerId_1614,1000.0,200.0,670.820393249937,-1000.0,500.0,5,3000.0,600.0,15.0,5.0,1.0,3,0.0,airtime,ChannelId_3,ProviderId_1,26,5,1000.0,0
CustomerId_1618,40000.0,6666.666666666667,13750.151514316729,-5000.0,31000.0,6,62000.0,10333.333333333334,12.833333333333334,25.166666666666668,1.0,3,0.0,airtime,ChannelId_2,ProviderId_4,5,6,40000.0,0
CustomerId_1619,5000.0,5000.0,0.0,5000.0,5000.0,1,5000.0,5000.0,6.0,16.0,11.0,1,0.0,financial_services,ChannelId_3,ProviderId_5,77,1,5000.0,1
CustomerId_1620,20000.0,4000.0,6745.368781616021,-5000.0,10000.0,5,32000.0,6400.0,14.0,18.0,1.0,3,0.0,financial_services,ChannelId_3,ProviderId_4,13,5,20000.0,0
CustomerId_1621,1000.0,1000.0,0.0,1000.0,1000.0,1,1000.0,1000.0,22.0,18.0,1.0,1,0.0,airtime,ChannelId_3,ProviderId_1,13,1,1000.0,0
CustomerId_1622,295190.0,2612.3008849557523,5993.049435275828,-5000.0,35000.0,113,476400.0,4215.929203539823,14.91150442477876,16.23008849557522,8.247787610619469,8,0.0,airtime,ChannelId_3,ProviderId_4,1,113,295190.0,0
CustomerId_1624,75000.0,4166.666666666667,6731.314005102876,-5000.0,10000.0,18,127150.0,7063.888888888889,13.222222222222221,24.27777777777778,11.333333333333334,4,0.0,airtime,ChannelId_3,ProviderId_4,41,18,75000.0,1
CustomerId_1625,80000.0,3809.5238095238096,6981.397049438226,-5000.0,10700.0,21,142800.0,6800.0,11.619047619047619,20.095238095238095,11.285714285714286,3,0.0,airtime,ChannelId_3,ProviderId_4,42,21,80000.0,1
CustomerId_1626,5875.0,451.9230769230769,602.119653327374,-1000.0,1000.0,13,8125.0,625.0,13.76923076923077,20.0,1.0,4,0.0,financial_services,ChannelId_3,ProviderId_1,11,13,5875.0,0
CustomerId_1629,500.0,500.0,0.0,500.0,500.0,1,500.0,500.0,14.0,27.0,12.0,1,0.0,airtime,ChannelId_3,ProviderId_1,35,1,500.0,1
CustomerId_1632,289100.0,4818.333333333333,5915.427736921014,-5000.0,11000.0,60,409700.0,6828.333333333333,12.133333333333333,19.716666666666665,8.683333333333334,6,0.0,financial_services,ChannelId_3,ProviderId_6,6,60,289100.0,0
CustomerId_1634,93900.0,4942.105263157895,6281.305224365189,-5000.0,10000.0,19,137130.0,7217.368421052632,11.157894736842104,22.36842105263158,11.31578947368421,4,0.0,airtime,ChannelId_3,ProviderId_4,41,19,93900.0,1
CustomerId_1635,20000.0,3333.3333333333335,7814.516406449389,-5000.0,11000.0,6,42000.0,7000.0,18.5,11.0,1.0,3,0.0,airtime,ChannelId_2,ProviderId_4,20,6,20000.0,0
CustomerId_1636,72654.0,3027.25,5217.037533930037,-5000.0,14500.0,24,86146.0,3589.4166666666665,13.375,24.25,9.708333333333334,5,0.0,financial_services,ChannelId_3,ProviderId_6,3,24,72654.0,0
CustomerId_1637,10000.0,10000.0,0.0,10000.0,10000.0,1,10000.0,10000.0,4.0,30.0,1.0,1,0.0,financial_services,ChannelId_3,ProviderId_5,2,1,10000.0,0
CustomerId_1638,-525.0,-175.0,761.1668673819164,-1000.0,500.0,3,1525.0,508.3333333333333,17.0,16.0,12.0,2,0.0,financial_services,ChannelId_2,ProviderId_4,46,3,-525.0,1
CustomerId_1639,17440.0,1245.7142857142858,1596.6393277309508,-1000.0,5000.0,14,19760.0,1411.4285714285713,6.928571428571429,16.857142857142858,1.0,4,0.0,financial_services,ChannelId_3,ProviderId_4,13,14,17440.0,0
CustomerId_1640,3375.0,421.875,912.7506994167215,-1000.0,2000.0,8,5625.0,703.125,14.0,2.0,1.0,3,0.0,financial_services,ChannelId_2,ProviderId_4,29,8,3375.0,0
CustomerId_1641,19000.0,3166.6666666666665,7626.707459098367,-5000.0,10000.0,6,41000.0,6833.333333333333,19.0,21.0,12.0,3,0.0,airtime,ChannelId_2,ProviderId_4,41,6,19000.0,1
CustomerId_1642,28310.0,2831.0,4818.984332823671,-1000.0,15000.0,10,31690.0,3169.0,9.6,24.4,12.0,4,0.0,financial_services,ChannelId_2,ProviderId_4,31,10,28310.0,1
CustomerId_1643,19000.0,3800.0,6685.805860178712,-5000.0,10000.0,5,31000.0,6200.0,20.0,28.0,12.0,3,0.0,financial_services,ChannelId_3,ProviderId_4,34,5,19000.0,1
CustomerId_1646,-500.0,-250.0,1060.6601717798212,-1000.0,500.0,2,1500.0,750.0,5.0,5.0,1.0,2,0.0,airtime,ChannelId_2,ProviderId_4,27,2,-500.0,0
CustomerId_1647,10000.0,666.6666666666666,745.6221435501906,-1000.0,2000.0,15,12400.0,826.6666666666666,17.933333333333334,12.666666666666666,1.0,4,0.0,financial_services,ChannelId_3,ProviderId_4,17,15,10000.0,0
CustomerId_1649,-525.0,-175.0,761.1668673819164,-1000.0,500.0,3,1525.0,508.3333333333333,8.0,19.0,1.0,2,0.0,financial_services,ChannelId_2,ProviderId_4,13,3,-525.0,0
CustomerId_1652,5000.0,5000.0,0.0,5000.0,5000.0,1,5000.0,5000.0,4.0,30.0,12.0,1,0.0,financial_services,ChannelId_3,ProviderId_1,33,1,5000.0,1
CustomerId_1653,1660475.0,276745.8333333333,677653.6302597121,-1000.0,1660000.0,6,1662525.0,277087.5,13.166666666666666,25.666666666666668,10.166666666666666,4,1.0,financial_services,ChannelId_3,ProviderId_1,12,6,1660475.0,0
CustomerId_1655,20000.0,4000.0,6745.368781616021,-5000.0,10000.0,5,32000.0,6400.0,20.0,25.0,1.0,3,0.0,financial_services,ChannelId_3,ProviderId_4,6,5,20000.0,0
CustomerId_1656,542170.0,7973.088235294118,17234.181410430283,-5000.0,80000.0,68,699150.0,10281.617647058823,11.676470588235293,19.029411764705884,8.014705882352942,11,0.0,airtime,ChannelId_3,ProviderId_6,3,68,542170.0,0
CustomerId_1657,6000.0,2000.0,0.0,2000.0,2000.0,3,6000.0,2000.0,13.0,23.0,12.0,2,0.0,airtime,ChannelId_3,ProviderId_1,39,3,6000.0,1
CustomerId_1658,79808.0,2156.972972972973,4082.7289857975475,-5000.0,12000.0,37,103762.0,2804.3783783783783,15.54054054054054,17.216216216216218,7.837837837837838,8,0.0,airtime,ChannelId_3,ProviderId_6,7,37,79808.0,0
CustomerId_1659,165000.0,55000.0,91810.94705970524,500.0,161000.0,3,165000.0,55000.0,22.0,5.0,12.0,3,0.0,airtime,ChannelId_3,ProviderId_3,57,3,165000.0,1
CustomerId_1660,1000.0,1000.0,0.0,1000.0,1000.0,1,1000.0,1000.0,6.0,9.0,12.0,1,0.0,airtime,ChannelId_3,ProviderId_1,54,1,1000.0,1
CustomerId_1661,13684.0,1368.4,4189.420941159078,-5000.0,11000.0,10,27466.0,2746.6,7.2,11.2,1.0,5,0.0,airtime,ChannelId_3,ProviderId_1,20,10,13684.0,0
CustomerId_1663,1620379.0,3530.2374727668844,8112.907277120306,-5000.0,50000.0,459,1691856.0,3685.9607843137255,16.734204793028322,18.130718954248366,6.919389978213507,9,0.0,airtime,ChannelId_3,ProviderId_6,19,459,1620379.0,0
CustomerId_1664,1000.0,1000.0,0.0,1000.0,1000.0,1,1000.0,1000.0,7.0,20.0,11.0,1,0.0,financial_services,ChannelId_3,ProviderId_3,73,1,1000.0,1
CustomerId_1666,50000.0,50000.0,0.0,50000.0,50000.0,1,50000.0,50000.0,8.0,11.0,1.0,1,0.0,financial_services,ChannelId_3,ProviderId_1,21,1,50000.0,0
CustomerId_1669,-525.0,-175.0,761.1668673819164,-1000.0,500.0,3,1525.0,508.3333333333333,15.0,14.0,1.0,2,0.0,financial_services,ChannelId_2,ProviderId_4,17,3,-525.0,0
CustomerId_1670,229685.0,15312.333333333334,32311.918289136123,-1629.0,120000.0,15,244085.0,16272.333333333334,13.4,7.066666666666666,12.0,6,0.0,financial_services,ChannelId_3,ProviderId_4,49,15,229685.0,1
CustomerId_1671,10000.0,5000.0,0.0,5000.0,5000.0,2,10000.0,5000.0,14.0,2.0,12.0,1,0.0,airtime,ChannelId_3,ProviderId_3,60,2,10000.0,1
CustomerId_1672,20250.0,3375.0,3767.45935611786,-1000.0,10000.0,6,22250.0,3708.3333333333335,13.5,10.0,2.8333333333333335,4,0.0,airtime,ChannelId_3,ProviderId_1,22,6,20250.0,0
CustomerId_1674,20000.0,20000.0,0.0,20000.0,20000.0,1,20000.0,20000.0,13.0,23.0,11.0,1,0.0,financial_services,ChannelId_3,ProviderId_1,69,1,20000.0,1
CustomerId_1676,123000.0,5125.0,6366.095656919041,-5000.0,15000.0,24,175000.0,7291.666666666667,15.458333333333334,22.916666666666668,7.625,4,0.0,airtime,ChannelId_3,ProviderId_6,6,24,123000.0,0
CustomerId_1679,9000.0,2250.0,6601.767440112787,-5000.0,10000.0,4,21000.0,5250.0,7.25,21.0,12.0,2,0.0,airtime,ChannelId_2,ProviderId_4,42,4,9000.0,1
CustomerId_1680,658150.0,73127.77777777778,163053.0303135898,-4500.0,500000.0,9,669850.0,74427.77777777778,11.222222222222221,16.555555555555557,7.111111111111111,3,1.0,financial_services,ChannelId_3,ProviderId_1,22,9,658150.0,0
CustomerId_1681,20000.0,3333.3333333333335,7814.516406449389,-5000.0,11000.0,6,42000.0,7000.0,13.333333333333334,25.166666666666668,1.0,3,0.0,airtime,ChannelId_2,ProviderId_4,5,6,20000.0,0
CustomerId_1683,98500.0,8954.545454545454,12764.118742503428,-5000.0,30000.0,11,124780.0,11343.636363636364,11.454545454545455,10.636363636363637,10.0,5,0.0,airtime,ChannelId_3,ProviderId_6,14,11,98500.0,0
CustomerId_1684,41000.0,4555.555555555556,5876.034187934732,-5000.0,15000.0,9,53000.0,5888.888888888889,12.555555555555555,25.0,1.0,3,0.0,financial_services,ChannelId_3,ProviderId_6,6,9,41000.0,0
CustomerId_1687,2000.0,2000.0,0.0,2000.0,2000.0,1,2000.0,2000.0,3.0,15.0,12.0,1,0.0,financial_services,ChannelId_3,ProviderId_5,48,1,2000.0,1
CustomerId_1688,110779.0,6923.6875,7204.237028478449,-1000.0,20000.0,16,124121.0,7757.5625,9.25,13.9375,6.5,4,0.0,financial_services,ChannelId_3,ProviderId_6,11,16,110779.0,0
CustomerId_1690,2017630.0,96077.61904761905,138962.67351899797,-275.0,300000.0,21,2018370.0,96112.85714285714,13.952380952380953,18.285714285714285,11.0,5,0.0,airtime,ChannelId_3,ProviderId_5,68,21,2017630.0,1
CustomerId_1692,11950.0,1707.142857142857,3721.606795841971,-1000.0,10000.0,7,14050.0,2007.142857142857,14.857142857142858,14.142857142857142,4.142857142857143,3,0.0,financial_services,ChannelId_3,ProviderId_1,14,7,11950.0,0
CustomerId_1694,80000.0,4444.444444444444,6166.5341798168665,-5000.0,10000.0,18,122000.0,6777.777777777777,7.277777777777778,20.666666666666668,6.5,3,0.0,airtime,ChannelId_3,ProviderId_6,7,18,80000.0,0
CustomerId_1695,765327.0,8899.151162790698,33095.946271593064,-1000.0,250000.0,86,782278.0,9096.255813953489,14.244186046511627,13.94186046511628,1.0,5,0.0,airtime,ChannelId_3,ProviderId_6,2,86,765327.0,0
CustomerId_1696,29090.0,2644.5454545454545,3370.087131325728,-1000.0,11000.0,11,31510.0,2864.5454545454545,14.272727272727273,10.727272727272727,1.0,4,0.0,financial_services,ChannelId_3,ProviderId_5,13,11,29090.0,0
CustomerId_1697,10000.0,2500.0,6757.711644237764,-5000.0,10000.0,4,22000.0,5500.0,16.0,25.0,1.0,2,0.0,airtime,ChannelId_2,ProviderId_4,6,4,10000.0,0
CustomerId_1698,500000.0,500000.0,0.0,500000.0,500000.0,1,500000.0,500000.0,22.0,20.0,1.0,1,1.0,financial_services,ChannelId_3,ProviderId_3,11,1,500000.0,0
CustomerId_1699,616150.0,4080.46357615894,9238.590996304458,-5000.0,66856.0,151,1102562.0,7301.735099337749,13.933774834437086,10.516556291390728,10.973509933774835,5,0.0,airtime,ChannelId_3,ProviderId_4,23,151,616150.0,0
CustomerId_1701,40000.0,4000.0,7745.966692414834,-5000.0,10000.0,10,80000.0,8000.0,12.7,18.1,1.0,3,0.0,airtime,ChannelId_3,ProviderId_4,5,10,40000.0,0
CustomerId_1702,12080.0,862.8571428571429,1139.0510799070262,-150.0,3000.0,14,12920.0,922.8571428571429,11.285714285714286,15.285714285714286,11.0,3,0.0,airtime,ChannelId_2,ProviderId_4,76,14,12080.0,1
CustomerId_1703,-525.0,-175.0,761.1668673819164,-1000.0,500.0,3,1525.0,508.3333333333333,21.0,11.0,12.0,2,0.0,financial_services,ChannelId_2,ProviderId_4,51,3,-525.0,1
CustomerId_1707,11000.0,1571.4285714285713,2801.466452719769,-1000.0,5000.0,7,16000.0,2285.714285714286,10.714285714285714,12.428571428571429,1.0,4,0.0,financial_services,ChannelId_2,ProviderId_4,14,7,11000.0,0
CustomerId_1709,775735.0,1626.2788259958072,3134.475708345876,-5000.0,20000.0,477,910973.0,1909.796645702306,12.341719077568134,18.450733752620547,7.660377358490566,10,0.0,airtime,ChannelId_3,ProviderId_6,2,477,775735.0,0
CustomerId_1710,2980.0,596.0,1142.838571277676,-1000.0,2000.0,5,5020.0,1004.0,19.2,21.6,1.0,3,0.0,financial_services,ChannelId_3,ProviderId_1,9,5,2980.0,0
CustomerId_1712,1000.0,1000.0,0.0,1000.0,1000.0,1,1000.0,1000.0,16.0,5.0,1.0,1,0.0,airtime,ChannelId_3,ProviderId_1,26,1,1000.0,0
CustomerId_1713,42814.0,910.936170212766,993.1032260426497,-1000.0,3300.0,47,45746.0,973.3191489361702,16.19148936170213,21.425531914893618,9.680851063829786,5,0.0,financial_services,ChannelId_3,ProviderId_5,8,47,42814.0,0
CustomerId_1714,29000.0,4142.857142857143,7425.823667638301,-5000.0,10000.0,7,51000.0,7285.714285714285,6.857142857142857,13.0,12.0,3,0.0,airtime,ChannelId_3,ProviderId_4,49,7,29000.0,1
CustomerId_1716,80000.0,80000.0,0.0,80000.0,80000.0,1,80000.0,80000.0,18.0,13.0,12.0,1,0.0,ticket,ChannelId_1,ProviderId_1,49,1,80000.0,1
CustomerId_1717,20000.0,3333.3333333333335,7814.516406449389,-5000.0,11000.0,6,42000.0,7000.0,12.333333333333334,25.166666666666668,1.0,3,0.0,airtime,ChannelId_2,ProviderId_4,5,6,20000.0,0
CustomerId_1720,19000.0,3166.6666666666665,7626.707459098367,-5000.0,10000.0,6,41000.0,6833.333333333333,16.0,28.0,12.0,3,0.0,airtime,ChannelId_2,ProviderId_4,34,6,19000.0,1
CustomerId_1721,19000.0,3166.6666666666665,7626.707459098367,-5000.0,10000.0,6,41000.0,6833.333333333333,14.0,28.0,12.0,3,0.0,airtime,ChannelId_2,ProviderId_4,34,6,19000.0,1
CustomerId_1722,1000.0,1000.0,0.0,1000.0,1000.0,1,1000.0,1000.0,19.0,23.0,1.0,1,0.0,financial_services,ChannelId_3,ProviderId_1,8,1,1000.0,0
CustomerId_1723,800.0,800.0,0.0,800.0,800.0,1,800.0,800.0,10.0,19.0,11.0,1,0.0,airtime,ChannelId_3,ProviderId_6,73,1,800.0,1
CustomerId_1724,1000000.0,1000000.0,0.0,1000000.0,1000000.0,1,1000000.0,1000000.0,20.0,15.0,1.0,1,0.0,financial_services,ChannelId_3,ProviderId_1,16,1,1000000.0,0
CustomerId_1725,25950.0,1297.5,1665.5301826966943,-100.0,5000.0,20,27050.0,1352.5,10.35,19.1,11.0,4,0.0,financial_services,ChannelId_3,ProviderId_4,72,20,25950.0,1
CustomerId_1726,6880.0,1146.6666666666667,2150.410813464875,-1000.0,5000.0,6,9120.0,1520.0,9.833333333333334,18.333333333333332,12.0,4,0.0,financial_services,ChannelId_2,ProviderId_4,44,6,6880.0,1
CustomerId_1728,4500.0,1500.0,3122.4989991991993,-1000.0,5000.0,3,6500.0,2166.6666666666665,15.0,5.0,1.0,3,0.0,financial_services,ChannelId_3,ProviderId_3,26,3,4500.0,0
CustomerId_1729,40000.0,5000.0,6053.334382210944,-5000.0,10000.0,8,52000.0,6500.0,13.0,11.0,1.0,4,0.0,financial_services,ChannelId_3,ProviderId_1,20,8,40000.0,0
CustomerId_1730,166430.0,2641.746031746032,7503.213836080088,-1500.0,50000.0,63,174970.0,2777.3015873015875,16.761904761904763,16.07936507936508,6.587301587301587,5,0.0,financial_services,ChannelId_3,ProviderId_6,14,63,166430.0,0
CustomerId_1731,348000.0,15130.434782608696,41346.052738745195,-5000.0,145000.0,23,361000.0,15695.652173913044,10.826086956521738,14.608695652173912,12.0,4,0.0,financial_services,ChannelId_3,ProviderId_6,43,23,348000.0,1
CustomerId_1732,161000.0,8944.444444444445,26099.85851262579,-5000.0,80000.0,18,211000.0,11722.222222222223,16.166666666666668,8.722222222222221,12.0,6,0.0,airtime,ChannelId_3,ProviderId_6,40,18,161000.0,1
CustomerId_1733,140000.0,4666.666666666667,6588.04211056477,-5000.0,15000.0,30,222000.0,7400.0,13.0,20.666666666666668,7.4,3,0.0,financial_services,ChannelId_3,ProviderId_6,6,30,140000.0,0
CustomerId_1735,-17000.0,-5666.666666666667,7505.553499465135,-10000.0,3000.0,3,23000.0,7666.666666666667,4.0,15.333333333333334,1.0,2,0.0,airtime,ChannelId_5,ProviderId_4,6,3,-17000.0,0
CustomerId_1736,475.0,237.5,371.23106012293744,-25.0,500.0,2,525.0,262.5,19.0,10.0,1.0,2,0.0,airtime,ChannelId_2,ProviderId_1,21,2,475.0,0
CustomerId_1739,8436.0,766.9090909090909,407.80521196901213,-50.0,1000.0,11,8564.0,778.5454545454545,16.363636363636363,10.909090909090908,7.0,4,0.0,financial_services,ChannelId_3,ProviderId_1,24,11,8436.0,0
CustomerId_1741,13000.0,4333.333333333333,4932.882862316247,1000.0,10000.0,3,14200.0,4733.333333333333,5.0,5.0,1.0,3,0.0,airtime,ChannelId_3,ProviderId_1,27,3,13000.0,0
CustomerId_1742,7000.0,2333.3333333333335,1154.7005383792514,1000.0,3000.0,3,7000.0,2333.3333333333335,11.0,20.333333333333332,1.0,2,0.0,financial_services,ChannelId_3,ProviderId_1,11,3,7000.0,0
CustomerId_1744,5000.0,5000.0,0.0,5000.0,5000.0,1,5000.0,5000.0,4.0,11.0,1.0,1,0.0,financial_services,ChannelId_3,ProviderId_1,21,1,5000.0,0
CustomerId_1748,64000.0,21333.333333333332,35218.366420567174,1000.0,62000.0,3,64000.0,21333.333333333332,16.0,23.666666666666668,1.0,2,0.0,airtime,ChannelId_3,ProviderId_1,7,3,64000.0,0
CustomerId_1749,950.0,237.5,962.0940702446928,-1000.0,1000.0,4,3050.0,762.5,10.5,10.75,1.0,2,0.0,airtime,ChannelId_2,ProviderId_1,21,4,950.0,0
CustomerId_1750,18474.0,1319.5714285714287,1548.432543141399,-125.0,5000.0,14,19126.0,1366.142857142857,7.428571428571429,17.785714285714285,8.714285714285714,4,0.0,financial_services,ChannelId_3,ProviderId_6,2,14,18474.0,0
CustomerId_1752,950.0,237.5,962.0940702446928,-1000.0,1000.0,4,3050.0,762.5,19.0,21.0,1.0,2,0.0,airtime,ChannelId_2,ProviderId_1,10,4,950.0,0
CustomerId_1753,250000.0,250000.0,0.0,250000.0,250000.0,1,250000.0,250000.0,9.0,8.0,12.0,1,0.0,financial_services,ChannelId_3,ProviderId_1,55,1,250000.0,1
CustomerId_1754,500.0,500.0,0.0,500.0,500.0,1,500.0,500.0,7.0,27.0,12.0,1,0.0,airtime,ChannelId_3,ProviderId_5,36,1,500.0,1
CustomerId_1755,5000.0,5000.0,0.0,5000.0,5000.0,1,5000.0,5000.0,6.0,2.0,1.0,1,0.0,airtime,ChannelId_3,ProviderId_1,30,1,5000.0,0
CustomerId_1756,5000.0,5000.0,0.0,5000.0,5000.0,1,5000.0,5000.0,5.0,15.0,12.0,1,0.0,financial_services,ChannelId_3,ProviderId_1,48,1,5000.0,1
CustomerId_1757,950.0,237.5,303.10889132455355,-25.0,500.0,4,1050.0,262.5,9.5,11.0,11.5,2,0.0,airtime,ChannelId_2,ProviderId_4,57,4,950.0,1
CustomerId_1758,105514.5,1199.028409090909,3775.230068621345,-13000.0,22000.0,88,178776.0,2031.5454545454545,14.045454545454545,16.488636363636363,9.522727272727273,8,0.0,airtime,ChannelId_3,ProviderId_4,4,88,105514.5,0
CustomerId_1759,24000.0,2400.0,5896.326540030383,-5000.0,15000.0,10,50000.0,5000.0,11.4,13.6,6.5,5,0.0,airtime,ChannelId_3,ProviderId_6,19,10,24000.0,0
CustomerId_1763,40000.0,3076.923076923077,6143.581182306436,-5000.0,10000.0,13,72000.0,5538.461538461538,15.23076923076923,21.846153846153847,1.0,4,0.0,airtime,ChannelId_3,ProviderId_6,6,13,40000.0,0
CustomerId_1764,11000.0,5500.0,6363.961030678927,1000.0,10000.0,2,11000.0,5500.0,13.5,15.5,11.5,2,0.0,airtime,ChannelId_3,ProviderId_1,62,2,11000.0,1
CustomerId_1767,216595.0,15471.07142857143,18535.233203755015,-2000.0,50000.0,14,232905.0,16636.071428571428,14.571428571428571,13.714285714285714,1.0,5,0.0,airtime,ChannelId_3,ProviderId_3,1,14,216595.0,0
CustomerId_1768,142842.0,2380.7,4823.1226735102655,-5000.0,20000.0,60,189109.0,3151.8166666666666,12.15,14.083333333333334,8.116666666666667,6,0.0,financial_services,ChannelId_2,ProviderId_4,1,60,142842.0,0
CustomerId_1769,10000.0,10000.0,0.0,10000.0,10000.0,1,11200.0,11200.0,18.0,4.0,1.0,1,0.0,utility_bill,ChannelId_3,ProviderId_6,27,1,10000.0,0
CustomerId_1774,139000.0,4633.333333333333,6479.321661671252,-5000.0,15000.0,30,211000.0,7033.333333333333,11.7,17.466666666666665,5.766666666666667,4,0.0,airtime,ChannelId_3,ProviderId_6,6,30,139000.0,0
CustomerId_1776,490.0,245.0,360.62445840513925,-10.0,500.0,2,510.0,255.0,7.0,31.0,12.0,2,0.0,airtime,ChannelId_2,ProviderId_1,32,2,490.0,1
CustomerId_1786,99800.0,5252.631578947368,6134.27243001271,-5000.0,10000.0,19,132200.0,6957.894736842105,14.473684210526315,22.63157894736842,3.8947368421052633,4,0.0,airtime,ChannelId_3,ProviderId_5,6,19,99800.0,0
CustomerId_1790,34000.0,4857.142857142857,5928.141120356122,-5000.0,10000.0,7,49150.0,7021.428571428572,6.142857142857143,25.285714285714285,1.0,3,0.0,financial_services,ChannelId_3,ProviderId_6,5,7,34000.0,0
CustomerId_1791,30000.0,5000.0,6511.528238439882,-5000.0,10000.0,6,42000.0,7000.0,12.0,11.0,1.0,3,0.0,financial_services,ChannelId_3,ProviderId_4,20,6,30000.0,0
CustomerId_1792,1000000.0,1000000.0,0.0,1000000.0,1000000.0,1,1000000.0,1000000.0,6.0,30.0,11.0,1,0.0,financial_services,ChannelId_3,ProviderId_1,63,1,1000000.0,1
CustomerId_1794,10000.0,1111.111111111111,3838.7642687603407,-5000.0,10000.0,9,20000.0,2222.222222222222,13.88888888888889,8.222222222222221,11.777777777777779,3,0.0,airtime,ChannelId_3,ProviderId_6,60,9,10000.0,1
CustomerId_1795,9000.0,1800.0,7661.592523751182,-5000.0,10000.0,5,31000.0,6200.0,13.8,25.0,1.0,3,0.0,financial_services,ChannelId_2,ProviderId_4,6,5,9000.0,0
CustomerId_1797,8000.0,2666.6666666666665,577.3502691896257,2000.0,3000.0,3,8000.0,2666.6666666666665,8.666666666666666,1.0,1.0,1,0.0,airtime,ChannelId_3,ProviderId_1,31,3,8000.0,1
CustomerId_1798,50000.0,50000.0,0.0,50000.0,50000.0,1,50000.0,50000.0,14.0,8.0,1.0,1,0.0,financial_services,ChannelId_3,ProviderId_1,23,1,50000.0,0
CustomerId_1801,9895.0,659.6666666666666,844.089675894914,-1000.0,2000.0,15,12105.0,807.0,8.866666666666667,25.866666666666667,1.0,4,0.0,financial_services,ChannelId_3,ProviderId_4,2,15,9895.0,0
CustomerId_1805,343644.25,11849.801724137931,34907.86393668666,-5000.0,190000.0,29,390317.0,13459.206896551725,11.724137931034482,24.586206896551722,10.724137931034482,5,0.0,financial_services,ChannelId_3,ProviderId_6,29,29,343644.25,0
CustomerId_1806,60000.0,3000.0,4313.381870168087,-5000.0,10000.0,20,74000.0,3700.0,9.95,21.8,11.3,5,0.0,airtime,ChannelId_3,ProviderId_6,58,20,60000.0,1
CustomerId_1807,30000.0,5000.0,7745.966692414834,-5000.0,10000.0,6,50000.0,8333.333333333334,12.0,21.0,12.0,3,0.0,airtime,ChannelId_3,ProviderId_1,41,6,30000.0,1
CustomerId_1809,56156.42,2955.601052631579,4067.6853813684793,-5000.0,10000.0,19,68836.0,3622.9473684210525,13.842105263157896,13.68421052631579,11.526315789473685,6,0.0,financial_services,ChannelId_3,ProviderId_4,50,19,56156.42,1
CustomerId_1810,60000.0,3529.4117647058824,7072.107598329719,-5000.0,10000.0,17,122000.0,7176.470588235294,14.764705882352942,24.176470588235293,4.882352941176471,3,0.0,airtime,ChannelId_3,ProviderId_4,5,17,60000.0,0
CustomerId_1811,1975.0,658.3333333333334,591.7840259193664,-25.0,1000.0,3,2025.0,675.0,17.666666666666668,19.333333333333332,11.0,2,0.0,airtime,ChannelId_3,ProviderId_6,72,3,1975.0,1
CustomerId_1812,533794.0,16681.0625,56781.00039281513,-60000.0,200000.0,32,1104612.0,34519.125,12.71875,18.03125,5.125,8,0.0,financial_services,ChannelId_3,ProviderId_4,4,32,533794.0,0
CustomerId_1813,19280.0,3856.0,7210.279328847116,-1000.0,16000.0,5,23950.0,4790.0,15.2,5.2,12.0,3,0.0,financial_services,ChannelId_2,ProviderId_4,55,5,19280.0,1
CustomerId_1815,63725.0,910.3571428571429,1196.5443363541879,-250.0,5000.0,70,67665.0,966.6428571428571,10.157142857142857,17.15714285714286,8.4,4,0.0,airtime,ChannelId_3,ProviderId_5,6,70,63725.0,0
CustomerId_1817,19000.0,3166.6666666666665,7626.707459098367,-5000.0,10000.0,6,41000.0,6833.333333333333,8.0,21.0,12.0,3,0.0,airtime,ChannelId_2,ProviderId_4,42,6,19000.0,1
CustomerId_1820,14800.0,1480.0,2071.3924463188205,-1000.0,5000.0,10,17200.0,1720.0,13.7,9.9,1.0,5,0.0,airtime,ChannelId_3,ProviderId_6,15,10,14800.0,0
CustomerId_1825,80000.0,6153.846153846154,8734.377995848301,-5000.0,20000.0,13,111400.0,8569.23076923077,11.615384615384615,25.307692307692307,11.461538461538462,4,0.0,financial_services,ChannelId_3,ProviderId_6,34,13,80000.0,1
CustomerId_1827,19000.0,3166.6666666666665,7626.707459098367,-5000.0,10000.0,6,41000.0,6833.333333333333,21.0,21.0,12.0,3,0.0,airtime,ChannelId_2,ProviderId_4,41,6,19000.0,1
CustomerId_1828,9000.0,1800.0,7661.592523751182,-5000.0,10000.0,5,31000.0,6200.0,20.0,21.0,12.0,3,0.0,financial_services,ChannelId_2,ProviderId_4,41,5,9000.0,1
CustomerId_1830,2800.0,311.1111111111111,719.2781875680029,-1000.0,1000.0,9,5200.0,577.7777777777778,17.444444444444443,10.0,12.0,2,0.0,financial_services,ChannelId_2,ProviderId_4,52,9,2800.0,1
CustomerId_1831,296800.0,21200.0,39865.4853611106,-5000.0,150000.0,14,313200.0,22371.428571428572,9.0,19.571428571428573,8.071428571428571,6,0.0,financial_services,ChannelId_3,ProviderId_6,19,14,296800.0,0
CustomerId_1833,784000.0,78400.0,93932.83652577398,-5000.0,240000.0,10,816000.0,81600.0,12.9,14.0,12.0,2,0.0,ticket,ChannelId_3,ProviderId_1,48,10,784000.0,1
CustomerId_1835,19000.0,3166.6666666666665,7626.707459098367,-5000.0,10000.0,6,41000.0,6833.333333333333,16.166666666666668,28.0,12.0,3,0.0,airtime,ChannelId_2,ProviderId_4,34,6,19000.0,1
CustomerId_1836,5000.0,5000.0,0.0,5000.0,5000.0,1,5000.0,5000.0,7.0,23.0,1.0,1,0.0,financial_services,ChannelId_3,ProviderId_5,9,1,5000.0,0
CustomerId_1838,1000.0,1000.0,0.0,1000.0,1000.0,1,1000.0,1000.0,20.0,15.0,1.0,1,0.0,airtime,ChannelId_3,ProviderId_1,16,1,1000.0,0
CustomerId_1839,26628.0,1566.3529411764705,2802.43530124195,-500.0,10000.0,17,28772.0,1692.4705882352941,12.764705882352942,14.882352941176471,11.470588235294118,4,0.0,financial_services,ChannelId_3,ProviderId_1,55,17,26628.0,1
CustomerId_1841,70000.0,5000.0,6275.71632442189,-5000.0,10000.0,14,102000.0,7285.714285714285,10.428571428571429,13.357142857142858,1.0,3,0.0,airtime,ChannelId_3,ProviderId_6,7,14,70000.0,0
CustomerId_1843,965.0,74.23076923076923,910.5535087559064,-1000.0,2000.0,13,9055.0,696.5384615384615,10.923076923076923,27.53846153846154,11.076923076923077,4,0.0,financial_services,ChannelId_2,ProviderId_4,49,13,965.0,1
CustomerId_1844,47175.0,4717.5,5456.622505420974,-5000.0,10500.0,10,57225.0,5722.5,9.1,24.0,9.8,4,0.0,airtime,ChannelId_3,ProviderId_6,27,10,47175.0,0
CustomerId_1845,3900.0,557.1428571428571,985.912678447645,-1000.0,2000.0,7,6100.0,871.4285714285714,4.428571428571429,14.285714285714286,1.0,4,0.0,financial_services,ChannelId_3,ProviderId_4,16,7,3900.0,0
CustomerId_1846,37535.0,2345.9375,10422.491579711957,-12000.0,21000.0,16,118085.0,7380.3125,12.75,16.9375,1.0,7,0.0,financial_services,ChannelId_3,ProviderId_4,3,16,37535.0,0
CustomerId_1848,76640.0,5474.285714285715,13060.33176294698,-1000.0,50000.0,14,81200.0,5800.0,14.357142857142858,23.5,5.714285714285714,5,0.0,financial_services,ChannelId_3,ProviderId_1,7,14,76640.0,0
CustomerId_1849,50300.0,2286.3636363636365,2992.816073858875,-250.0,10000.0,22,51700.0,2350.0,10.727272727272727,16.727272727272727,3.272727272727273,4,0.0,financial_services,ChannelId_3,ProviderId_6,10,22,50300.0,0
CustomerId_1850,1509988.0,1509988.0,0.0,1509988.0,1509988.0,1,1509988.0,1509988.0,15.0,21.0,1.0,1,1.0,financial_services,ChannelId_3,ProviderId_1,10,1,1509988.0,0
CustomerId_1852,2000.0,2000.0,0.0,2000.0,2000.0,1,2000.0,2000.0,14.0,22.0,1.0,1,0.0,airtime,ChannelId_3,ProviderId_6,9,1,2000.0,0
CustomerId_1853,1000.0,1000.0,0.0,1000.0,1000.0,1,1000.0,1000.0,8.0,21.0,12.0,1,0.0,airtime,ChannelId_3,ProviderId_1,42,1,1000.0,1
CustomerId_1856,60600.0,30300.0,42002.14280248092,600.0,60000.0,2,60600.0,30300.0,17.0,22.0,1.0,1,0.0,financial_services,ChannelId_3,ProviderId_1,6,2,60600.0,0
CustomerId_1858,3696125.0,66002.23214285714,302017.51960609475,-5000.0,2000000.0,56,3708555.0,66224.19642857143,15.0,11.25,9.803571428571429,7,2.0,financial_services,ChannelId_3,ProviderId_6,20,56,3696125.0,0
CustomerId_1859,-25.0,-6.25,707.2172579907818,-1000.0,500.0,4,2025.0,506.25,13.0,15.0,12.0,3,0.0,financial_services,ChannelId_2,ProviderId_4,47,4,-25.0,1
CustomerId_1860,141552.0,6434.181818181818,6192.976510580842,-5000.0,12000.0,22,172848.0,7856.727272727273,13.363636363636363,25.181818181818183,6.454545454545454,5,0.0,financial_services,ChannelId_3,ProviderId_6,1,22,141552.0,0
CustomerId_1861,19000.0,3800.0,6685.805860178712,-5000.0,10000.0,5,31000.0,6200.0,11.0,21.0,12.0,3,0.0,financial_services,ChannelId_3,ProviderId_4,41,5,19000.0,1
CustomerId_1862,2425.0,485.0,518.8930525647843,-50.0,1000.0,5,2575.0,515.0,13.0,19.0,11.0,4,0.0,financial_services,ChannelId_3,ProviderId_1,71,5,2425.0,1
CustomerId_1864,71600.0,3768.4210526315787,5528.919186280538,-5000.0,10000.0,19,101600.0,5347.368421052632,16.42105263157895,19.05263157894737,1.5789473684210527,5,0.0,airtime,ChannelId_3,ProviderId_6,7,19,71600.0,0
CustomerId_1867,110000.0,4400.0,5962.661598089677,-5000.0,10000.0,25,162000.0,6480.0,9.56,20.44,5.84,5,0.0,airtime,ChannelId_3,ProviderId_6,7,25,110000.0,0
CustomerId_1870,9800.0,2450.0,6481.5121692395205,-5000.0,10000.0,4,20200.0,5050.0,14.25,16.0,11.0,3,0.0,airtime,ChannelId_2,ProviderId_4,76,4,9800.0,1
CustomerId_1871,50000.0,2941.176470588235,4019.026440496724,-5000.0,11000.0,17,63000.0,3705.8823529411766,15.235294117647058,21.294117647058822,7.470588235294118,4,0.0,financial_services,ChannelId_3,ProviderId_6,20,17,50000.0,0
CustomerId_1872,15000.0,5000.0,0.0,5000.0,5000.0,3,15000.0,5000.0,11.0,1.0,1.0,1,0.0,airtime,ChannelId_3,ProviderId_3,30,3,15000.0,0
CustomerId_1873,1000.0,1000.0,0.0,1000.0,1000.0,1,1000.0,1000.0,14.0,16.0,11.0,1,0.0,airtime,ChannelId_3,ProviderId_6,76,1,1000.0,1
CustomerId_1874,82770.0,4356.315789473684,6521.155496217519,-750.0,20000.0,19,87430.0,4601.578947368421,12.894736842105264,21.63157894736842,3.6315789473684212,6,0.0,airtime,ChannelId_3,ProviderId_4,2,19,82770.0,0
CustomerId_1875,531180.6,6249.1835294117645,8572.000035342742,-5000.0,20000.0,85,776850.0,9139.411764705883,8.258823529411766,16.870588235294118,7.6,5,0.0,financial_services,ChannelId_3,ProviderId_6,6,85,531180.6,0
CustomerId_1876,11000.0,3666.6666666666665,3785.9388972001825,1000.0,8000.0,3,11000.0,3666.6666666666665,14.333333333333334,21.333333333333332,12.0,1,0.0,financial_services,ChannelId_3,ProviderId_3,39,3,11000.0,1
CustomerId_1877,179320.0,10548.235294117647,16995.225062975085,-5000.0,70000.0,17,210290.0,12370.0,13.588235294117647,19.823529411764707,1.588235294117647,5,0.0,financial_services,ChannelId_3,ProviderId_6,6,17,179320.0,0
CustomerId_1879,1000.0,1000.0,0.0,1000.0,1000.0,1,1000.0,1000.0,9.0,19.0,11.0,1,0.0,airtime,ChannelId_3,ProviderId_1,74,1,1000.0,1
CustomerId_1881,189000.0,6750.0,5528.545451998637,-5000.0,10000.0,28,231000.0,8250.0,14.714285714285714,19.5,10.214285714285714,3,0.0,financial_services,ChannelId_3,ProviderId_5,6,28,189000.0,0
CustomerId_1882,6500.0,1625.0,2250.0,500.0,5000.0,4,6500.0,1625.0,13.75,23.0,1.0,3,0.0,airtime,ChannelId_3,ProviderId_5,6,4,6500.0,0
CustomerId_1884,10000.0,10000.0,0.0,10000.0,10000.0,1,10000.0,10000.0,13.0,3.0,12.0,1,0.0,airtime,ChannelId_3,ProviderId_1,59,1,10000.0,1
CustomerId_1885,150000.0,150000.0,0.0,150000.0,150000.0,1,150000.0,150000.0,9.0,15.0,1.0,1,0.0,financial_services,ChannelId_3,ProviderId_1,17,1,150000.0,0
CustomerId_1886,7000.0,2333.3333333333335,6658.328118479393,-2000.0,10000.0,3,17000.0,5666.666666666667,8.0,26.0,12.0,2,0.0,financial_services,ChannelId_2,ProviderId_4,37,3,7000.0,1
CustomerId_1887,1000.0,1000.0,0.0,1000.0,1000.0,1,1000.0,1000.0,18.0,19.0,12.0,1,0.0,airtime,ChannelId_3,ProviderId_1,43,1,1000.0,1
CustomerId_1888,10000.0,10000.0,0.0,10000.0,10000.0,1,10000.0,10000.0,20.0,12.0,12.0,1,0.0,financial_services,ChannelId_3,ProviderId_1,50,1,10000.0,1
CustomerId_1889,308150.4,5312.937931034483,7711.450046745313,-5000.0,35000.0,58,407408.0,7024.275862068966,10.120689655172415,17.79310344827586,7.568965517241379,7,0.0,financial_services,ChannelId_3,ProviderId_6,2,58,308150.4,0
CustomerId_1891,2008840.0,182621.81818181818,602758.2432421506,-1000.0,2000000.0,11,2011160.0,182832.72727272726,9.090909090909092,29.363636363636363,12.0,5,1.0,financial_services,ChannelId_3,ProviderId_4,32,11,2008840.0,1
CustomerId_1895,10948.0,842.1538461538462,931.6349290498081,-100.0,2500.0,13,11452.0,880.9230769230769,12.384615384615385,18.384615384615383,11.0,5,0.0,financial_services,ChannelId_3,ProviderId_3,71,13,10948.0,1
CustomerId_1898,200000.0,3636.3636363636365,5478.928106724271,-5000.0,10000.0,55,282400.0,5134.545454545455,11.636363636363637,19.381818181818183,9.127272727272727,4,0.0,airtime,ChannelId_3,ProviderId_6,6,55,200000.0,0
CustomerId_1899,20000.0,4000.0,6745.368781616021,-5000.0,10000.0,5,32000.0,6400.0,18.0,25.0,1.0,3,0.0,financial_services,ChannelId_3,ProviderId_4,6,5,20000.0,0
CustomerId_1900,30000.0,30000.0,0.0,30000.0,30000.0,1,30000.0,30000.0,14.0,5.0,1.0,1,0.0,financial_services,ChannelId_3,ProviderId_1,26,1,30000.0,0
CustomerId_1901,60000.0,4615.384615384615,6357.914510519697,-5000.0,10000.0,13,92000.0,7076.923076923077,11.461538461538462,17.46153846153846,1.0,3,0.0,financial_services,ChannelId_3,ProviderId_6,7,13,60000.0,0
CustomerId_1903,10000.0,10000.0,0.0,10000.0,10000.0,1,10000.0,10000.0,21.0,24.0,1.0,1,0.0,financial_services,ChannelId_3,ProviderId_1,7,1,10000.0,0
CustomerId_1906,190795.0,4437.093023255814,12593.765968798009,-5000.0,60000.0,43,213355.0,4961.7441860465115,13.511627906976743,17.930232558139537,10.581395348837209,7,0.0,financial_services,ChannelId_3,ProviderId_6,18,43,190795.0,0
CustomerId_1907,11000.0,5500.0,6363.961030678927,1000.0,10000.0,2,11000.0,5500.0,17.5,27.0,11.0,1,0.0,financial_services,ChannelId_3,ProviderId_1,65,2,11000.0,1
CustomerId_1908,128387.0,844.6513157894736,1376.9323292026936,-125.0,10000.0,152,132137.0,869.3223684210526,11.993421052631579,18.342105263157894,11.269736842105264,6,0.0,financial_services,ChannelId_3,ProviderId_6,14,152,128387.0,0
CustomerId_1911,5216371.0,127228.56097560975,129111.61773017347,-3920.0,280000.0,41,5379179.0,131199.48780487804,13.195121951219512,15.853658536585366,1.0,8,0.0,tv,ChannelId_1,ProviderId_3,8,41,5216371.0,0
CustomerId_1913,500.0,500.0,0.0,500.0,500.0,1,500.0,500.0,14.0,28.0,11.0,1,0.0,financial_services,ChannelId_3,ProviderId_1,64,1,500.0,1
CustomerId_1914,10750.0,2150.0,2642.4420523447625,-200.0,5000.0,5,11250.0,2250.0,7.6,28.4,11.0,4,0.0,financial_services,ChannelId_3,ProviderId_4,64,5,10750.0,1
CustomerId_1915,4624.0,420.3636363636364,7991.784872889501,-10000.0,17000.0,11,63824.0,5802.181818181818,10.363636363636363,4.0,4.0,6,0.0,airtime,ChannelId_5,ProviderId_4,21,11,4624.0,0
CustomerId_1916,4965.0,496.5,669.6269691236888,-1000.0,1000.0,10,7035.0,703.5,16.5,22.6,1.0,4,0.0,financial_services,ChannelId_3,ProviderId_3,8,10,4965.0,0
CustomerId_1917,320000.0,45714.28571428572,62988.66111111926,-5000.0,160000.0,7,330000.0,47142.857142857145,11.285714285714286,11.285714285714286,7.285714285714286,5,0.0,ticket,ChannelId_3,ProviderId_6,24,7,320000.0,0
CustomerId_1918,500.0,500.0,0.0,500.0,500.0,1,500.0,500.0,16.0,10.0,12.0,1,0.0,airtime,ChannelId_3,ProviderId_5,52,1,500.0,1
CustomerId_1919,19000.0,3800.0,6685.805860178712,-5000.0,10000.0,5,31000.0,6200.0,15.0,28.0,12.0,3,0.0,financial_services,ChannelId_3,ProviderId_4,34,5,19000.0,1
CustomerId_1925,58175.0,1292.7777777777778,2405.5368318724513,-1000.0,15000.0,45,61025.0,1356.111111111111,13.533333333333333,14.733333333333333,1.0,6,0.0,financial_services,ChannelId_3,ProviderId_5,13,45,58175.0,0
CustomerId_1927,18800.0,4700.0,6128.621378417825,-1000.0,10000.0,4,21200.0,5300.0,10.0,12.0,1.0,3,0.0,financial_services,ChannelId_2,ProviderId_4,19,4,18800.0,0
CustomerId_1928,900.0,300.0,606.2177826491071,-50.0,1000.0,3,1100.0,366.6666666666667,15.333333333333334,16.666666666666668,1.0,2,0.0,financial_services,ChannelId_2,ProviderId_4,14,3,900.0,0
CustomerId_1929,349617.0,2378.3469387755104,4971.096978869918,-5000.0,26000.0,147,370568.0,2520.8707482993195,10.673469387755102,26.027210884353742,1.0748299319727892,8,0.0,financial_services,ChannelId_3,ProviderId_6,1,147,349617.0,0
CustomerId_1930,19000.0,3166.6666666666665,7626.707459098367,-5000.0,10000.0,6,41000.0,6833.333333333333,18.0,28.0,12.0,3,0.0,airtime,ChannelId_2,ProviderId_4,34,6,19000.0,1
CustomerId_1931,20000.0,3333.3333333333335,6088.2400303098,-5000.0,10000.0,6,32000.0,5333.333333333333,10.0,11.0,1.0,4,0.0,airtime,ChannelId_3,ProviderId_6,20,6,20000.0,0
CustomerId_1932,29150.0,910.9375,2282.568388368823,-5000.0,11000.0,32,41180.0,1286.875,17.0625,13.0,11.59375,5,0.0,airtime,ChannelId_3,ProviderId_4,45,32,29150.0,1
CustomerId_1935,1000.0,1000.0,0.0,1000.0,1000.0,1,1000.0,1000.0,18.0,4.0,12.0,1,0.0,financial_services,ChannelId_3,ProviderId_1,58,1,1000.0,1
CustomerId_1937,234058.0,3715.2063492063494,6834.155346159678,-5000.0,24000.0,63,335942.0,5332.412698412699,13.507936507936508,17.41269841269841,7.634920634920635,5,0.0,airtime,ChannelId_3,ProviderId_6,3,63,234058.0,0
CustomerId_1938,73727.0,1117.0757575757575,2206.632333604979,-2055.0,10000.0,66,84961.0,1287.2878787878788,13.106060606060606,10.787878787878787,10.0,5,0.0,financial_services,ChannelId_3,ProviderId_4,20,66,73727.0,0
CustomerId_1942,2900.0,414.2857142857143,796.1963146288555,-1000.0,1000.0,7,5100.0,728.5714285714286,13.714285714285714,16.857142857142858,7.285714285714286,2,0.0,airtime,ChannelId_3,ProviderId_1,27,7,2900.0,0
CustomerId_1943,55890.0,1074.8076923076924,3903.89222086068,-5000.0,10000.0,52,147110.0,2829.0384615384614,14.192307692307692,16.692307692307693,10.211538461538462,4,0.0,airtime,ChannelId_3,ProviderId_6,15,52,55890.0,0
CustomerId_1944,69000.0,17250.0,25368.944269191285,-11000.0,50000.0,4,91330.0,22832.5,19.5,19.25,1.0,2,0.0,financial_services,ChannelId_3,ProviderId_1,2,4,69000.0,0
CustomerId_1945,6850.0,1712.5,2786.388044284811,-1000.0,5000.0,4,9150.0,2287.5,9.0,20.0,1.0,2,0.0,airtime,ChannelId_2,ProviderId_1,12,4,6850.0,0
CustomerId_1946,40000.0,3636.3636363636365,7593.05903141451,-5000.0,11000.0,11,82000.0,7454.545454545455,10.727272727272727,21.363636363636363,1.0,3,0.0,airtime,ChannelId_3,ProviderId_4,5,11,40000.0,0
CustomerId_1947,164530.0,5876.071428571428,18850.028458429388,-100.0,100000.0,28,165470.0,5909.642857142857,12.464285714285714,21.428571428571427,11.0,5,0.0,financial_services,ChannelId_3,ProviderId_4,68,28,164530.0,1
CustomerId_1950,39000.0,4333.333333333333,6442.049363362563,-5000.0,10000.0,9,61000.0,6777.777777777777,15.11111111111111,20.22222222222222,12.0,3,0.0,financial_services,ChannelId_3,ProviderId_6,34,9,39000.0,1
CustomerId_1951,2000.0,1000.0,0.0,1000.0,1000.0,2,2000.0,1000.0,19.5,6.0,1.0,1,0.0,financial_services,ChannelId_3,ProviderId_1,25,2,2000.0,0
CustomerId_1956,37260.0,1490.4,2802.932214663779,-1000.0,10000.0,25,40740.0,1629.6,13.0,15.0,1.44,4,0.0,financial_services,ChannelId_3,ProviderId_4,14,25,37260.0,0
CustomerId_1963,14450.0,2408.3333333333335,2165.736980029354,-50.0,5000.0,6,14550.0,2425.0,14.0,17.0,11.0,3,0.0,financial_services,ChannelId_3,ProviderId_1,73,6,14450.0,1
CustomerId_1965,106490.0,5070.952380952381,5651.302420470794,-5000.0,10000.0,21,138510.0,6595.714285714285,8.428571428571429,25.38095238095238,7.285714285714286,3,0.0,financial_services,ChannelId_3,ProviderId_5,7,21,106490.0,0
CustomerId_1966,10000.0,10000.0,0.0,10000.0,10000.0,1,10000.0,10000.0,11.0,8.0,12.0,1,0.0,financial_services,ChannelId_3,ProviderId_1,54,1,10000.0,1
CustomerId_1967,8950.0,1790.0,11258.13039540758,-11000.0,20000.0,5,33050.0,6610.0,16.6,26.6,1.0,2,0.0,airtime,ChannelId_2,ProviderId_4,3,5,8950.0,0
CustomerId_1969,578884.0,5513.1809523809525,20252.140724349723,-5000.0,120000.0,105,625466.0,5956.8190476190475,13.295238095238096,13.8,9.533333333333333,8,0.0,financial_services,ChannelId_3,ProviderId_6,14,105,578884.0,0
CustomerId_1970,13750.0,1964.2857142857142,2484.068283702209,-1000.0,5000.0,7,16250.0,2321.4285714285716,12.714285714285714,19.0,8.857142857142858,3,0.0,airtime,ChannelId_3,ProviderId_3,7,7,13750.0,0
CustomerId_1971,19000.0,3166.6666666666665,7626.707459098367,-5000.0,10000.0,6,41000.0,6833.333333333333,11.0,28.0,12.0,3,0.0,airtime,ChannelId_2,ProviderId_4,34,6,19000.0,1
CustomerId_1972,-500.0,-250.0,1060.6601717798212,-1000.0,500.0,2,1500.0,750.0,9.0,8.0,1.0,2,0.0,airtime,ChannelId_2,ProviderId_1,24,2,-500.0,0
CustomerId_1974,60000.0,3750.0,8304.697465892421,-5000.0,20000.0,16,122000.0,7625.0,12.6875,20.875,1.0,4,0.0,airtime,ChannelId_3,ProviderId_4,5,16,60000.0,0
CustomerId_1975,19000.0,3166.6666666666665,7626.707459098367,-5000.0,10000.0,6,41000.0,6833.333333333333,20.0,21.0,12.0,3,0.0,airtime,ChannelId_2,ProviderId_4,41,6,19000.0,1
CustomerId_1978,20000.0,3333.3333333333335,7814.516406449389,-5000.0,11000.0,6,42000.0,7000.0,16.0,11.0,1.0,3,0.0,airtime,ChannelId_2,ProviderId_4,20,6,20000.0,0
CustomerId_1979,306568.0,1693.745856353591,6898.632414515774,-1250.0,50000.0,181,319567.0,1765.5635359116022,14.187845303867404,15.922651933701658,11.0,7,0.0,airtime,ChannelId_3,ProviderId_6,70,181,306568.0,1
CustomerId_1981,4965.0,620.625,632.0117398321919,-75.0,1500.0,8,5235.0,654.375,7.25,22.0,9.25,3,0.0,financial_services,ChannelId_3,ProviderId_4,30,8,4965.0,0
CustomerId_1983,24000.0,1846.1538461538462,3659.37503421358,-5000.0,10000.0,13,36000.0,2769.230769230769,13.615384615384615,14.0,12.0,4,0.0,airtime,ChannelId_3,ProviderId_6,48,13,24000.0,1
CustomerId_1984,540000.0,540000.0,0.0,540000.0,540000.0,1,540000.0,540000.0,13.0,10.0,1.0,1,1.0,financial_services,ChannelId_3,ProviderId_1,21,1,540000.0,0
CustomerId_1985,56342.0,971.4137931034483,2439.17248718957,-7000.0,8785.0,58,87574.0,1509.896551724138,8.982758620689655,21.06896551724138,10.051724137931034,7,0.0,airtime,ChannelId_3,ProviderId_4,2,58,56342.0,0
CustomerId_1986,-500.0,-250.0,1060.6601717798212,-1000.0,500.0,2,1500.0,750.0,8.0,8.0,1.0,2,0.0,airtime,ChannelId_2,ProviderId_4,24,2,-500.0,0
CustomerId_1987,1876310.6,5330.427840909091,12501.188080555918,-5000.0,120000.0,352,1958490.0,5563.892045454545,12.647727272727273,14.667613636363637,9.715909090909092,6,0.0,financial_services,ChannelId_3,ProviderId_4,1,352,1876310.6,0
CustomerId_1988,1912705.0,79696.04166666667,61491.39269882955,-5000.0,200000.0,24,1934895.0,80620.625,16.25,23.791666666666668,1.0,4,14.0,financial_services,ChannelId_3,ProviderId_3,6,24,1912705.0,0
CustomerId_1990,20000.0,3333.3333333333335,7814.516406449389,-5000.0,11000.0,6,42000.0,7000.0,19.0,11.0,1.0,3,0.0,airtime,ChannelId_2,ProviderId_4,20,6,20000.0,0
CustomerId_1994,2995.0,332.77777777777777,672.4354574562859,-1000.0,1000.0,9,5205.0,578.3333333333334,16.88888888888889,13.444444444444445,1.0,3,0.0,airtime,ChannelId_3,ProviderId_4,8,9,2995.0,0
CustomerId_1995,895442.3,3379.0275471698114,11212.509746194188,-5000.0,102269.0,265,962154.0,3630.769811320755,12.128301886792453,20.422641509433962,9.860377358490567,8,0.0,financial_services,ChannelId_3,ProviderId_6,1,265,895442.3,0
CustomerId_1996,53882.0,3367.625,3765.4440176425405,-1000.0,10000.0,16,60338.0,3771.125,15.625,26.3125,1.0,4,0.0,financial_services,ChannelId_3,ProviderId_6,2,16,53882.0,0
CustomerId_1997,3260.0,652.0,437.62998069145124,-40.0,1000.0,5,3340.0,668.0,13.2,18.2,11.0,4,0.0,financial_services,ChannelId_3,ProviderId_1,73,5,3260.0,1
CustomerId_1999,101500.0,50750.0,69650.01794687493,1500.0,100000.0,2,101500.0,50750.0,8.5,19.0,1.0,2,0.0,airtime,ChannelId_3,ProviderId_1,12,2,101500.0,0
CustomerId_2,-10000.0,-10000.0,0.0,-10000.0,-10000.0,1,10000.0,10000.0,16.0,21.0,11.0,1,0.0,airtime,ChannelId_2,ProviderId_4,71,1,-10000.0,1
CustomerId_2001,9770.0,697.8571428571429,1007.3283672966028,-1000.0,2000.0,14,12230.0,873.5714285714286,9.642857142857142,19.357142857142858,11.0,3,0.0,airtime,ChannelId_2,ProviderId_4,69,14,9770.0,1
CustomerId_2003,7000.0,7000.0,0.0,7000.0,7000.0,1,7000.0,7000.0,19.0,28.0,1.0,1,0.0,financial_services,ChannelId_3,ProviderId_1,3,1,7000.0,0
CustomerId_2004,1500.0,750.0,353.5533905932738,500.0,1000.0,2,1500.0,750.0,13.0,13.5,11.5,2,0.0,airtime,ChannelId_3,ProviderId_1,59,2,1500.0,1
CustomerId_2006,720830.0,9611.066666666668,39290.24859466571,-5000.0,300000.0,75,736920.0,9825.6,11.386666666666667,11.106666666666667,11.813333333333333,6,0.0,financial_services,ChannelId_3,ProviderId_6,42,75,720830.0,1
CustomerId_2007,500.0,500.0,0.0,500.0,500.0,1,500.0,500.0,7.0,19.0,11.0,1,0.0,financial_services,ChannelId_3,ProviderId_1,74,1,500.0,1
CustomerId_2008,500.0,500.0,0.0,500.0,500.0,1,500.0,500.0,3.0,23.0,11.0,1,0.0,airtime,ChannelId_3,ProviderId_5,70,1,500.0,1
CustomerId_2009,45000.0,4090.909090909091,5855.844011832034,-5000.0,10000.0,11,67000.0,6090.909090909091,14.727272727272727,21.636363636363637,1.0,4,0.0,airtime,ChannelId_3,ProviderId_6,6,11,45000.0,0
CustomerId_2012,45500.0,2676.470588235294,4558.444006972761,-5000.0,10000.0,17,65500.0,3852.9411764705883,13.588235294117647,16.058823529411764,12.0,3,0.0,airtime,ChannelId_3,ProviderId_6,34,17,45500.0,1
CustomerId_2013,321706.0,2331.2028985507245,7231.005098342435,-14000.0,50000.0,138,615094.0,4457.202898550725,11.956521739130435,20.007246376811594,7.449275362318841,13,0.0,airtime,ChannelId_3,ProviderId_6,1,138,321706.0,0
CustomerId_2014,20000.0,3333.3333333333335,7814.516406449389,-5000.0,11000.0,6,42000.0,7000.0,16.0,11.0,1.0,3,0.0,airtime,ChannelId_2,ProviderId_4,20,6,20000.0,0
CustomerId_2016,14778.0,985.2,1605.44961214697,-1000.0,5000.0,15,17422.0,1161.4666666666667,10.066666666666666,15.333333333333334,11.933333333333334,5,0.0,financial_services,ChannelId_3,ProviderId_4,42,15,14778.0,1
CustomerId_2017,119965.0,1411.3529411764705,5519.083148723256,-1000.0,50000.0,85,127035.0,1494.5294117647059,12.576470588235294,21.823529411764707,1.0,6,0.0,financial_services,ChannelId_3,ProviderId_6,9,85,119965.0,0
CustomerId_2019,2000.0,2000.0,0.0,2000.0,2000.0,1,2000.0,2000.0,10.0,20.0,11.0,1,0.0,airtime,ChannelId_3,ProviderId_1,73,1,2000.0,1
CustomerId_2022,1425.0,356.25,498.48729505708906,-50.0,1000.0,4,1575.0,393.75,9.25,20.0,11.0,2,0.0,airtime,ChannelId_2,ProviderId_4,72,4,1425.0,1
CustomerId_2025,19000.0,3166.6666666666665,7626.707459098367,-5000.0,10000.0,6,41000.0,6833.333333333333,17.0,11.0,1.0,3,0.0,airtime,ChannelId_2,ProviderId_4,20,6,19000.0,0
CustomerId_2030,2000.0,2000.0,0.0,2000.0,2000.0,1,2000.0,2000.0,13.0,25.0,1.0,1,0.0,financial_services,ChannelId_3,ProviderId_1,6,1,2000.0,0
CustomerId_2032,139000.0,3232.5581395348836,5436.154143467541,-5000.0,10000.0,43,211000.0,4906.976744186047,11.930232558139535,20.767441860465116,5.534883720930233,6,0.0,airtime,ChannelId_3,ProviderId_6,4,43,139000.0,0
CustomerId_2033,78820.0,1231.5625,2076.098891465158,-3500.0,5000.0,64,111321.0,1739.390625,15.109375,17.453125,4.265625,5,0.0,airtime,ChannelId_3,ProviderId_6,1,64,78820.0,0
CustomerId_2034,54000.0,3600.0,4781.661396866753,-5000.0,10000.0,15,76000.0,5066.666666666667,16.8,21.533333333333335,4.666666666666667,5,0.0,financial_services,ChannelId_3,ProviderId_1,6,15,54000.0,0
CustomerId_2035,14700.0,2450.0,4267.317658670374,-1000.0,10000.0,6,17300.0,2883.3333333333335,14.333333333333334,25.666666666666668,1.0,4,0.0,financial_services,ChannelId_2,ProviderId_4,4,6,14700.0,0
CustomerId_2036,50000.0,50000.0,0.0,50000.0,50000.0,1,50000.0,50000.0,5.0,19.0,11.0,1,0.0,financial_services,ChannelId_3,ProviderId_5,74,1,50000.0,1
CustomerId_2039,500.0,500.0,0.0,500.0,500.0,1,500.0,500.0,16.0,18.0,12.0,1,0.0,airtime,ChannelId_3,ProviderId_1,44,1,500.0,1
CustomerId_2041,25480.0,4246.666666666667,4858.916202885852,-500.0,10000.0,6,26520.0,4420.0,11.666666666666666,3.5,6.5,4,0.0,airtime,ChannelId_3,ProviderId_6,28,6,25480.0,0
CustomerId_2042,40000.0,4000.0,7745.966692414834,-5000.0,10000.0,10,80000.0,8000.0,11.5,21.7,1.0,3,0.0,airtime,ChannelId_3,ProviderId_4,5,10,40000.0,0
CustomerId_2046,5000.0,5000.0,0.0,5000.0,5000.0,1,5000.0,5000.0,7.0,25.0,12.0,1,0.0,financial_services,ChannelId_3,ProviderId_1,38,1,5000.0,1
CustomerId_2048,-1000.0,-1000.0,0.0,-1000.0,-1000.0,1,1000.0,1000.0,16.0,26.0,1.0,1,0.0,financial_services,ChannelId_2,ProviderId_4,5,1,-1000.0,0
CustomerId_2049,1000.0,1000.0,0.0,1000.0,1000.0,1,1000.0,1000.0,10.0,9.0,12.0,1,0.0,financial_services,ChannelId_3,ProviderId_3,54,1,1000.0,1
CustomerId_2051,260200.0,5003.846153846154,6161.549383020206,-5000.0,10000.0,52,380600.0,7319.2307692307695,12.788461538461538,17.826923076923077,7.903846153846154,5,0.0,financial_services,ChannelId_3,ProviderId_6,6,52,260200.0,0
CustomerId_2052,227404.0,1395.1165644171779,4361.202121332946,-5000.0,27000.0,163,255996.0,1570.5276073619632,12.552147239263803,21.03680981595092,11.257668711656441,8,0.0,airtime,ChannelId_3,ProviderId_6,9,163,227404.0,0
CustomerId_2053,1000.0,1000.0,0.0,1000.0,1000.0,1,1000.0,1000.0,19.0,28.0,1.0,1,0.0,financial_services,ChannelId_3,ProviderId_1,3,1,1000.0,0
CustomerId_2054,4880.0,610.0,1196.9365659286807,-1000.0,3000.0,8,7120.0,890.0,19.875,29.25,1.0,4,0.0,financial_services,ChannelId_2,ProviderId_4,1,8,4880.0,0
CustomerId_2055,34590.0,2882.5,4208.811373988882,-1000.0,11000.0,12,37410.0,3117.5,8.5,16.25,7.416666666666667,3,0.0,financial_services,ChannelId_3,ProviderId_1,18,12,34590.0,0
CustomerId_2056,42875.0,2143.75,4503.141264717331,-1000.0,20000.0,20,46425.0,2321.25,12.65,19.15,9.25,6,0.0,airtime,ChannelId_3,ProviderId_5,26,20,42875.0,0
CustomerId_2057,19000.0,3166.6666666666665,7626.707459098367,-5000.0,10000.0,6,41000.0,6833.333333333333,19.0,21.0,12.0,3,0.0,airtime,ChannelId_2,ProviderId_4,41,6,19000.0,1
CustomerId_2059,1100.0,1100.0,0.0,1100.0,1100.0,1,1100.0,1100.0,7.0,1.0,1.0,1,0.0,airtime,ChannelId_3,ProviderId_6,31,1,1100.0,1
CustomerId_2061,20000.0,2857.1428571428573,5558.1343221315865,-5000.0,10000.0,7,32000.0,4571.428571428572,16.0,25.0,1.0,4,0.0,airtime,ChannelId_3,ProviderId_6,6,7,20000.0,0
CustomerId_2062,39405.0,2627.0,5261.691675280326,-5000.0,10000.0,15,70395.0,4693.0,11.733333333333333,16.2,8.333333333333334,4,0.0,airtime,ChannelId_3,ProviderId_1,1,15,39405.0,0
CustomerId_2063,80000.0,4210.526315789473,6021.525714453485,-5000.0,10000.0,19,122000.0,6421.0526315789475,10.631578947368421,22.473684210526315,6.2105263157894735,4,0.0,airtime,ChannelId_3,ProviderId_6,7,19,80000.0,0
CustomerId_2064,81095.0,2027.375,2984.4223741037868,-350.0,11000.0,40,83705.0,2092.625,15.025,15.5,7.875,7,0.0,financial_services,ChannelId_3,ProviderId_6,5,40,81095.0,0
CustomerId_2065,6900.0,985.7142857142857,837.015673745264,-50.0,2000.0,7,7100.0,1014.2857142857143,8.142857142857142,13.142857142857142,1.0,3,0.0,airtime,ChannelId_3,ProviderId_5,17,7,6900.0,0
CustomerId_2068,246388.0,2463.88,4816.841790420296,-5000.0,20000.0,100,379112.0,3791.12,13.54,17.97,9.06,8,0.0,airtime,ChannelId_3,ProviderId_6,8,100,246388.0,0
CustomerId_2069,139300.0,4643.333333333333,6233.291228574988,-5000.0,20500.0,30,152500.0,5083.333333333333,15.866666666666667,22.7,9.033333333333333,5,0.0,financial_services,ChannelId_3,ProviderId_1,15,30,139300.0,0
CustomerId_2072,110000.0,4583.333333333333,7276.625272907684,-5000.0,11000.0,24,192000.0,8000.0,13.75,22.375,6.041666666666667,3,0.0,airtime,ChannelId_3,ProviderId_4,6,24,110000.0,0
CustomerId_2073,1000.0,1000.0,0.0,1000.0,1000.0,1,1000.0,1000.0,5.0,5.0,1.0,1,0.0,financial_services,ChannelId_3,ProviderId_1,27,1,1000.0,0
CustomerId_2074,19000.0,3166.6666666666665,7626.707459098367,-5000.0,10000.0,6,41000.0,6833.333333333333,19.0,21.0,12.0,3,0.0,airtime,ChannelId_2,ProviderId_4,41,6,19000.0,1
CustomerId_2075,12860.0,1837.142857142857,2096.9876353610534,-1000.0,3500.0,7,15140.0,2162.8571428571427,15.285714285714286,16.857142857142858,5.714285714285714,2,0.0,tv,ChannelId_3,ProviderId_5,5,7,12860.0,0
CustomerId_2076,1500.0,1500.0,0.0,1500.0,1500.0,1,1500.0,1500.0,11.0,26.0,11.0,1,0.0,airtime,ChannelId_3,ProviderId_6,66,1,1500.0,1
CustomerId_2078,59930.0,7491.25,12771.07383056391,-1000.0,30000.0,8,63270.0,7908.75,9.375,24.125,9.25,4,0.0,financial_services,ChannelId_3,ProviderId_6,11,8,59930.0,0
CustomerId_2081,4000.0,4000.0,0.0,4000.0,4000.0,1,4000.0,4000.0,12.0,23.0,12.0,1,0.0,financial_services,ChannelId_3,ProviderId_3,39,1,4000.0,1
CustomerId_2083,1000.0,1000.0,0.0,1000.0,1000.0,1,1000.0,1000.0,20.0,15.0,1.0,1,0.0,financial_services,ChannelId_3,ProviderId_5,16,1,1000.0,0
CustomerId_2085,5000.0,5000.0,0.0,5000.0,5000.0,1,5000.0,5000.0,13.0,4.0,12.0,1,0.0,financial_services,ChannelId_3,ProviderId_1,58,1,5000.0,1
CustomerId_2086,25480.0,12740.0,18752.47183706724,-520.0,26000.0,2,26520.0,13260.0,18.0,19.0,11.0,2,0.0,financial_services,ChannelId_2,ProviderId_4,73,2,25480.0,1
CustomerId_2089,9920.0,1653.3333333333333,1385.7945975744985,-40.0,3000.0,6,10080.0,1680.0,16.0,19.0,11.0,4,0.0,financial_services,ChannelId_3,ProviderId_5,73,6,9920.0,1
CustomerId_2093,80000.0,6153.846153846154,9745.478899179812,-5000.0,20000.0,13,122000.0,9384.615384615385,11.0,14.23076923076923,1.0,4,0.0,financial_services,ChannelId_3,ProviderId_6,13,13,80000.0,0
CustomerId_2094,482544.6,3260.4364864864865,7708.477286835114,-5000.0,50000.0,148,533876.0,3607.2702702702704,11.08108108108108,19.08108108108108,10.91891891891892,10,0.0,financial_services,ChannelId_3,ProviderId_6,10,148,482544.6,0
CustomerId_2097,100000.0,33333.333333333336,57951.12883571236,-5000.0,100000.0,3,112000.0,37333.333333333336,17.0,16.0,4.666666666666667,3,0.0,data_bundles,ChannelId_3,ProviderId_1,20,3,100000.0,0
CustomerId_2098,10000.0,10000.0,0.0,10000.0,10000.0,1,10000.0,10000.0,18.0,30.0,11.0,1,0.0,financial_services,ChannelId_3,ProviderId_1,62,1,10000.0,1
CustomerId_2099,20000.0,4000.0,6558.963332722634,-5000.0,10000.0,5,30400.0,6080.0,11.0,16.0,11.0,3,0.0,financial_services,ChannelId_3,ProviderId_4,76,5,20000.0,1
CustomerId_2101,500.0,500.0,0.0,500.0,500.0,1,500.0,500.0,3.0,26.0,11.0,1,0.0,airtime,ChannelId_3,ProviderId_1,67,1,500.0,1
CustomerId_2102,39000.0,5571.428571428572,9431.456989902512,-5000.0,20000.0,7,61000.0,8714.285714285714,14.571428571428571,21.0,12.0,4,0.0,financial_services,ChannelId_3,ProviderId_4,41,7,39000.0,1
CustomerId_2103,19000.0,3166.6666666666665,7626.707459098367,-5000.0,10000.0,6,41000.0,6833.333333333333,13.0,21.0,12.0,3,0.0,airtime,ChannelId_2,ProviderId_4,41,6,19000.0,1
CustomerId_2104,19000.0,3166.6666666666665,7626.707459098367,-5000.0,10000.0,6,41000.0,6833.333333333333,19.0,7.0,12.0,3,0.0,airtime,ChannelId_2,ProviderId_4,55,6,19000.0,1
CustomerId_2105,1000.0,1000.0,0.0,1000.0,1000.0,1,1000.0,1000.0,14.0,24.0,1.0,1,0.0,data_bundles,ChannelId_3,ProviderId_1,7,1,1000.0,0
CustomerId_2106,20000.0,3333.3333333333335,7814.516406449389,-5000.0,11000.0,6,42000.0,7000.0,16.5,25.166666666666668,1.0,3,0.0,airtime,ChannelId_2,ProviderId_4,5,6,20000.0,0
CustomerId_2108,40500.0,20250.0,353.5533905932738,20000.0,20500.0,2,40500.0,20250.0,6.0,12.0,1.0,2,0.0,airtime,ChannelId_3,ProviderId_1,20,2,40500.0,0
CustomerId_2109,1000.0,333.3333333333333,1154.7005383792516,-1000.0,1000.0,3,3000.0,1000.0,7.0,6.666666666666667,1.0,3,0.0,financial_services,ChannelId_3,ProviderId_1,25,3,1000.0,0
CustomerId_2110,1000.0,1000.0,0.0,1000.0,1000.0,1,1000.0,1000.0,8.0,15.0,11.0,1,0.0,financial_services,ChannelId_3,ProviderId_1,78,1,1000.0,1
CustomerId_2111,214393.0,2436.284090909091,6249.587134775088,-5000.0,50000.0,88,301743.0,3428.8977272727275,12.375,17.727272727272727,5.0,7,0.0,airtime,ChannelId_3,ProviderId_3,2,88,214393.0,0
CustomerId_2115,2000.0,2000.0,0.0,2000.0,2000.0,1,2000.0,2000.0,5.0,18.0,1.0,1,0.0,financial_services,ChannelId_3,ProviderId_5,14,1,2000.0,0
CustomerId_2116,2000.0,2000.0,0.0,2000.0,2000.0,1,2000.0,2000.0,19.0,20.0,11.0,1,0.0,airtime,ChannelId_3,ProviderId_1,72,1,2000.0,1
CustomerId_2117,20000.0,3333.3333333333335,7814.516406449389,-5000.0,11000.0,6,42000.0,7000.0,12.166666666666666,25.166666666666668,1.0,3,0.0,airtime,ChannelId_2,ProviderId_4,5,6,20000.0,0
CustomerId_2120,20000.0,4000.0,6745.368781616021,-5000.0,10000.0,5,32000.0,6400.0,16.0,25.0,1.0,3,0.0,financial_services,ChannelId_3,ProviderId_4,6,5,20000.0,0
CustomerId_2123,2500.0,625.0,1250.0,-1000.0,2000.0,4,4500.0,1125.0,5.75,6.0,1.0,4,0.0,airtime,ChannelId_3,ProviderId_6,26,4,2500.0,0
CustomerId_2126,10250.0,602.9411764705883,1252.0259317695977,-1000.0,5000.0,17,12750.0,750.0,11.235294117647058,29.58823529411765,1.0,5,0.0,financial_services,ChannelId_3,ProviderId_6,1,17,10250.0,0
CustomerId_2130,95916.0,4170.260869565217,8454.511507943238,-1000.0,30000.0,23,102984.0,4477.565217391304,15.173913043478262,26.652173913043477,1.0,6,0.0,financial_services,ChannelId_3,ProviderId_4,1,23,95916.0,0
CustomerId_2133,59800.0,6644.444444444444,8477.633972859277,-5000.0,22000.0,9,71400.0,7933.333333333333,11.0,17.0,10.333333333333334,3,0.0,airtime,ChannelId_3,ProviderId_1,23,9,59800.0,0
CustomerId_2134,80000.0,4705.882352941177,6026.137920367747,-5000.0,11000.0,17,112000.0,6588.235294117647,15.647058823529411,18.764705882352942,8.117647058823529,4,0.0,airtime,ChannelId_3,ProviderId_6,20,17,80000.0,0
CustomerId_2135,121300.04000000001,1596.0531578947368,3863.86859795006,-5000.0,10000.0,76,202386.0,2662.9736842105262,9.236842105263158,15.105263157894736,8.513157894736842,6,0.0,airtime,ChannelId_3,ProviderId_6,4,76,121300.04000000001,0
CustomerId_2136,950.0,475.0,742.4621202458749,-50.0,1000.0,2,1050.0,525.0,17.0,14.0,12.0,2,0.0,airtime,ChannelId_2,ProviderId_4,48,2,950.0,1
CustomerId_2137,120000.0,4137.931034482759,5708.540831389867,-5000.0,10000.0,29,172000.0,5931.0344827586205,9.275862068965518,19.06896551724138,5.172413793103448,4,0.0,airtime,ChannelId_3,ProviderId_6,6,29,120000.0,0
CustomerId_2138,60000.0,6000.0,6765.92771006148,-5000.0,11000.0,10,82000.0,8200.0,12.3,12.9,1.0,4,0.0,financial_services,ChannelId_3,ProviderId_6,7,10,60000.0,0
CustomerId_2139,1000.0,1000.0,0.0,1000.0,1000.0,1,1000.0,1000.0,9.0,22.0,12.0,1,0.0,airtime,ChannelId_3,ProviderId_6,41,1,1000.0,1
CustomerId_2140,20000.0,3333.3333333333335,7814.516406449389,-5000.0,11000.0,6,42000.0,7000.0,12.833333333333334,25.166666666666668,1.0,3,0.0,airtime,ChannelId_2,ProviderId_4,5,6,20000.0,0
CustomerId_2141,10000.0,10000.0,0.0,10000.0,10000.0,1,10000.0,10000.0,12.0,11.0,12.0,1,0.0,financial_services,ChannelId_3,ProviderId_1,51,1,10000.0,1
CustomerId_2142,125700.0,4489.285714285715,7006.575709617586,-5000.0,10200.0,28,216700.0,7739.285714285715,10.928571428571429,15.964285714285714,8.071428571428571,3,0.0,airtime,ChannelId_3,ProviderId_3,21,28,125700.0,0
CustomerId_2143,500000.0,500000.0,0.0,500000.0,500000.0,1,500000.0,500000.0,9.0,21.0,12.0,1,1.0,financial_services,ChannelId_3,ProviderId_1,42,1,500000.0,1
CustomerId_2144,17000.0,4250.0,6652.0673478250355,-2000.0,10000.0,4,31000.0,7750.0,12.0,20.0,12.0,2,0.0,financial_services,ChannelId_2,ProviderId_1,42,4,17000.0,1
CustomerId_2145,40000.0,3636.3636363636365,7593.05903141451,-5000.0,11000.0,11,82000.0,7454.545454545455,9.0,21.363636363636363,1.0,3,0.0,airtime,ChannelId_3,ProviderId_4,6,11,40000.0,0
CustomerId_2148,9000.0,3000.0,13892.443989449805,-13000.0,12000.0,3,37790.0,12596.666666666666,14.666666666666666,6.333333333333333,8.333333333333334,2,0.0,utility_bill,ChannelId_3,ProviderId_1,20,3,9000.0,0
CustomerId_2149,20000.0,4000.0,6745.368781616021,-5000.0,10000.0,5,32000.0,6400.0,12.0,25.0,1.0,3,0.0,financial_services,ChannelId_3,ProviderId_4,6,5,20000.0,0
CustomerId_2150,24137.0,965.48,1373.363544975134,-1000.0,3500.0,25,26663.0,1066.52,7.72,18.84,8.04,5,0.0,financial_services,ChannelId_3,ProviderId_1,6,25,24137.0,0
CustomerId_2151,6000.0,6000.0,0.0,6000.0,6000.0,1,6000.0,6000.0,4.0,25.0,12.0,1,0.0,financial_services,ChannelId_3,ProviderId_5,38,1,6000.0,1
CustomerId_2152,-50.0,-16.666666666666668,1000.4165798972613,-1000.0,1000.0,3,2050.0,683.3333333333334,6.0,16.0,1.0,2,0.0,financial_services,ChannelId_2,ProviderId_4,16,3,-50.0,0
CustomerId_2153,500.0,500.0,0.0,500.0,500.0,1,500.0,500.0,6.0,12.0,1.0,1,0.0,airtime,ChannelId_3,ProviderId_1,20,1,500.0,0
CustomerId_2154,254022.0,2374.03738317757,4661.055453648406,-5000.0,16000.0,107,409458.0,3826.7102803738317,13.523364485981308,15.373831775700934,9.22429906542056,7,0.0,financial_services,ChannelId_3,ProviderId_6,2,107,254022.0,0
CustomerId_2155,19000.0,3800.0,6685.805860178712,-5000.0,10000.0,5,31000.0,6200.0,17.2,30.0,11.0,3,0.0,financial_services,ChannelId_3,ProviderId_4,62,5,19000.0,1
CustomerId_2156,4060.0,507.5,470.5847426340977,-20.0,1000.0,8,4140.0,517.5,15.75,14.5,12.0,3,0.0,financial_services,ChannelId_3,ProviderId_4,46,8,4060.0,1
CustomerId_2157,1000.0,1000.0,0.0,1000.0,1000.0,1,1000.0,1000.0,5.0,3.0,1.0,1,0.0,airtime,ChannelId_3,ProviderId_1,29,1,1000.0,0
CustomerId_2158,225000.0,75000.0,108512.67207105353,5000.0,200000.0,3,225000.0,75000.0,7.333333333333333,20.0,11.0,1,0.0,financial_services,ChannelId_3,ProviderId_1,73,3,225000.0,1
CustomerId_2159,4000.0,1333.3333333333333,577.3502691896257,1000.0,2000.0,3,4000.0,1333.3333333333333,13.0,8.0,1.0,2,0.0,financial_services,ChannelId_3,ProviderId_1,23,3,4000.0,0
CustomerId_2165,3750.0,1250.0,3269.174207655505,-1000.0,5000.0,3,6250.0,2083.3333333333335,1.0,20.0,12.0,2,0.0,financial_services,ChannelId_2,ProviderId_4,43,3,3750.0,1
CustomerId_2166,50000.0,50000.0,0.0,50000.0,50000.0,1,50000.0,50000.0,6.0,3.0,1.0,1,0.0,financial_services,ChannelId_3,ProviderId_3,29,1,50000.0,0
CustomerId_2167,40000.0,4000.0,6164.414002968976,-5000.0,10000.0,10,62000.0,6200.0,11.1,19.1,6.5,3,0.0,airtime,ChannelId_3,ProviderId_6,13,10,40000.0,0
CustomerId_2169,125000.0,41666.666666666664,51071.844820148544,5000.0,100000.0,3,125000.0,41666.666666666664,9.333333333333334,13.0,1.0,1,0.0,financial_services,ChannelId_3,ProviderId_5,19,3,125000.0,0
CustomerId_2170,4000.0,2000.0,0.0,2000.0,2000.0,2,4000.0,2000.0,14.0,29.0,1.0,1,0.0,airtime,ChannelId_3,ProviderId_3,2,2,4000.0,0
CustomerId_2171,30000.0,3750.0,7280.1098892805185,-5000.0,11500.0,8,53000.0,6625.0,18.375,25.125,1.0,3,0.0,airtime,ChannelId_2,ProviderId_4,5,8,30000.0,0
CustomerId_2175,20000.0,3333.3333333333335,6088.2400303098,-5000.0,10000.0,6,32000.0,5333.333333333333,8.0,25.0,1.0,4,0.0,airtime,ChannelId_3,ProviderId_6,7,6,20000.0,0
CustomerId_2176,9780.0,3260.0,6714.372643814164,-1000.0,11000.0,3,12220.0,4073.3333333333335,16.0,15.0,1.0,2,0.0,financial_services,ChannelId_2,ProviderId_4,16,3,9780.0,0
CustomerId_2178,361973.0,14478.92,33318.01133511222,-1629.0,120000.0,25,383867.0,15354.68,13.52,17.4,1.0,7,0.0,financial_services,ChannelId_3,ProviderId_4,4,25,361973.0,0
CustomerId_2179,1000.0,500.0,0.0,500.0,500.0,2,1000.0,500.0,5.0,20.0,11.0,2,0.0,airtime,ChannelId_3,ProviderId_1,72,2,1000.0,1
CustomerId_2181,1000.0,1000.0,0.0,1000.0,1000.0,1,1000.0,1000.0,16.0,29.0,11.0,1,0.0,airtime,ChannelId_3,ProviderId_1,63,1,1000.0,1
CustomerId_2183,19000.0,2714.285714285714,4914.749424412389,-5000.0,10000.0,7,31000.0,4428.571428571428,18.0,30.0,11.0,3,0.0,financial_services,ChannelId_3,ProviderId_6,62,7,19000.0,1
CustomerId_2184,338.0,56.333333333333336,6408.891375789315,-10000.0,10000.0,6,26062.0,4343.666666666667,11.0,13.5,12.0,3,0.0,financial_services,ChannelId_2,ProviderId_4,46,6,338.0,1
CustomerId_2186,78498.15,1207.663846153846,2348.589384068985,-6600.0,10000.0,65,107548.0,1654.5846153846153,13.215384615384615,25.6,1.0,7,0.0,financial_services,ChannelId_3,ProviderId_6,1,65,78498.15,0
CustomerId_2187,36540.0,1218.0,1508.8049621449102,-100.0,5000.0,30,37460.0,1248.6666666666667,10.133333333333333,24.466666666666665,1.0,4,0.0,financial_services,ChannelId_3,ProviderId_4,1,30,36540.0,0
CustomerId_2188,3925.0,490.625,808.651600328773,-1000.0,1500.0,8,6075.0,759.375,10.25,27.0,11.0,4,0.0,airtime,ChannelId_3,ProviderId_6,65,8,3925.0,1
CustomerId_2190,1000.0,1000.0,0.0,1000.0,1000.0,1,1000.0,1000.0,10.0,8.0,1.0,1,0.0,airtime,ChannelId_3,ProviderId_1,24,1,1000.0,0
CustomerId_2191,42000.0,14000.0,10392.304845413264,2000.0,20000.0,3,42000.0,14000.0,18.333333333333332,11.0,12.0,3,0.0,airtime,ChannelId_3,ProviderId_1,51,3,42000.0,1
CustomerId_2198,100000.0,100000.0,0.0,100000.0,100000.0,1,100000.0,100000.0,16.0,9.0,12.0,1,0.0,financial_services,ChannelId_3,ProviderId_1,53,1,100000.0,1
CustomerId_2204,216750.0,43350.0,64677.952193927726,-250.0,150000.0,5,217250.0,43450.0,11.6,11.2,5.0,4,0.0,data_bundles,ChannelId_3,ProviderId_6,25,5,216750.0,0
CustomerId_2205,116950.0,14618.75,34680.870988197516,-1000.0,100000.0,8,119050.0,14881.25,12.0,25.5,1.0,3,0.0,financial_services,ChannelId_3,ProviderId_1,6,8,116950.0,0
CustomerId_2206,19000.0,3166.6666666666665,7626.707459098367,-5000.0,10000.0,6,41000.0,6833.333333333333,19.0,21.0,12.0,3,0.0,airtime,ChannelId_2,ProviderId_4,41,6,19000.0,1
CustomerId_2207,5000.0,5000.0,0.0,5000.0,5000.0,1,5000.0,5000.0,4.0,24.0,11.0,1,0.0,financial_services,ChannelId_3,ProviderId_3,69,1,5000.0,1
CustomerId_2211,79000.0,8777.777777777777,10353.474993664902,-5000.0,20000.0,9,101000.0,11222.222222222223,13.0,21.0,12.0,4,0.0,financial_services,ChannelId_3,ProviderId_4,41,9,79000.0,1
CustomerId_2212,89150.0,4952.777777777777,4592.848412036665,-250.0,15000.0,18,91600.0,5088.888888888889,11.38888888888889,18.11111111111111,1.0,6,0.0,financial_services,ChannelId_3,ProviderId_6,4,18,89150.0,0
CustomerId_2213,49050.0,4459.090909090909,7668.175082176273,-1250.0,25000.0,11,54950.0,4995.454545454545,10.454545454545455,30.0,1.0,4,0.0,airtime,ChannelId_3,ProviderId_3,1,11,49050.0,0
CustomerId_2214,1469558.0,11947.626016260163,65642.10929636084,-5000.0,700000.0,123,1704883.0,13860.837398373984,13.951219512195122,17.211382113821138,9.130081300813009,12,1.0,airtime,ChannelId_3,ProviderId_4,4,123,1469558.0,0
CustomerId_2215,120000.0,60000.0,56568.5424949238,20000.0,100000.0,2,120000.0,60000.0,11.0,2.5,1.0,1,0.0,financial_services,ChannelId_3,ProviderId_1,29,2,120000.0,0
CustomerId_2216,1807216.0,8067.928571428572,51765.343568426244,-5000.0,588668.0,224,2151120.0,9603.214285714286,10.147321428571429,19.450892857142858,9.232142857142858,7,2.0,airtime,ChannelId_3,ProviderId_6,1,224,1807216.0,0
CustomerId_2217,20000.0,4000.0,8215.838362577491,-5000.0,10000.0,5,40000.0,8000.0,12.2,25.2,1.0,3,0.0,airtime,ChannelId_3,ProviderId_1,5,5,20000.0,0
CustomerId_2219,11250.0,2250.0,5556.527692723217,-5000.0,10000.0,5,22250.0,4450.0,8.2,21.6,11.0,2,0.0,airtime,ChannelId_3,ProviderId_6,62,5,11250.0,1
CustomerId_2221,453570.0,7687.627118644068,9947.486138681063,-5000.0,31200.0,59,604030.0,10237.796610169491,11.559322033898304,16.389830508474578,3.610169491525424,5,0.0,financial_services,ChannelId_3,ProviderId_6,4,59,453570.0,0
CustomerId_2223,20000.0,4000.0,8215.838362577491,-5000.0,10000.0,5,40000.0,8000.0,18.2,11.0,1.0,3,0.0,airtime,ChannelId_3,ProviderId_3,20,5,20000.0,0
CustomerId_2224,29800.0,3311.1111111111113,6765.2502622675465,-5000.0,10700.0,9,51600.0,5733.333333333333,12.222222222222221,16.0,11.0,3,0.0,financial_services,ChannelId_2,ProviderId_4,76,9,29800.0,1
CustomerId_2226,10000.0,10000.0,0.0,10000.0,10000.0,1,10000.0,10000.0,11.0,30.0,1.0,1,0.0,financial_services,ChannelId_3,ProviderId_1,1,1,10000.0,0
CustomerId_2227,1000.0,1000.0,0.0,1000.0,1000.0,1,1000.0,1000.0,4.0,10.0,1.0,1,0.0,financial_services,ChannelId_3,ProviderId_1,22,1,1000.0,0
CustomerId_2230,110000.0,4583.333333333333,7649.476632660772,-5000.0,15000.0,24,200000.0,8333.333333333334,12.458333333333334,19.833333333333332,9.708333333333334,4,0.0,airtime,ChannelId_3,ProviderId_4,5,24,110000.0,0
CustomerId_2232,19000.0,3166.6666666666665,7626.707459098367,-5000.0,10000.0,6,41000.0,6833.333333333333,12.0,28.0,12.0,3,0.0,airtime,ChannelId_2,ProviderId_4,34,6,19000.0,1
CustomerId_2233,218445.0,1654.8863636363637,2137.7527497466285,-250.0,5000.0,132,236755.0,1793.5984848484848,13.68939393939394,19.28787878787879,8.583333333333334,5,0.0,airtime,ChannelId_3,ProviderId_5,2,132,218445.0,0
CustomerId_2239,19000.0,3800.0,6685.805860178712,-5000.0,10000.0,5,31000.0,6200.0,15.0,28.0,12.0,3,0.0,financial_services,ChannelId_3,ProviderId_4,34,5,19000.0,1
CustomerId_2243,29000.0,4142.857142857143,7425.823667638301,-5000.0,10000.0,7,51000.0,7285.714285714285,13.142857142857142,28.0,12.0,3,0.0,airtime,ChannelId_3,ProviderId_3,34,7,29000.0,1
CustomerId_2245,10000.0,10000.0,0.0,10000.0,10000.0,1,14000.0,14000.0,14.0,18.0,11.0,1,0.0,movies,ChannelId_3,ProviderId_1,74,1,10000.0,1
CustomerId_2246,17180.0,818.0952380952381,1581.3842640156092,-1000.0,5000.0,21,20820.0,991.4285714285714,9.476190476190476,8.19047619047619,12.0,5,0.0,financial_services,ChannelId_2,ProviderId_4,53,21,17180.0,1
CustomerId_2247,13842.0,692.1,799.4279467877409,-75.0,2000.0,20,14358.0,717.9,13.35,18.9,11.0,5,0.0,financial_services,ChannelId_3,ProviderId_4,67,20,13842.0,1
CustomerId_2250,20000.0,4000.0,6745.368781616021,-5000.0,10000.0,5,32000.0,6400.0,9.0,25.0,1.0,3,0.0,financial_services,ChannelId_3,ProviderId_4,7,5,20000.0,0
CustomerId_2253,9000.0,529.4117647058823,4028.1260695704323,-10000.0,10000.0,17,36000.0,2117.6470588235293,12.058823529411764,8.058823529411764,12.0,4,0.0,airtime,ChannelId_3,ProviderId_4,42,17,9000.0,1
CustomerId_2254,2000.0,2000.0,0.0,2000.0,2000.0,1,2000.0,2000.0,9.0,20.0,11.0,1,0.0,financial_services,ChannelId_3,ProviderId_1,73,1,2000.0,1
CustomerId_2256,2000.0,1000.0,0.0,1000.0,1000.0,2,2000.0,1000.0,15.0,18.0,12.0,1,0.0,financial_services,ChannelId_3,ProviderId_3,44,2,2000.0,1
CustomerId_2258,19000.0,3166.6666666666665,7626.707459098367,-5000.0,10000.0,6,41000.0,6833.333333333333,8.0,21.0,12.0,3,0.0,airtime,ChannelId_2,ProviderId_4,42,6,19000.0,1
CustomerId_2260,60000.0,5000.0,7385.489458759964,-5000.0,10000.0,12,100000.0,8333.333333333334,9.75,22.25,1.0,3,0.0,airtime,ChannelId_3,ProviderId_1,5,12,60000.0,0
CustomerId_2261,4000.0,2000.0,0.0,2000.0,2000.0,2,4000.0,2000.0,9.0,25.0,1.0,1,0.0,financial_services,ChannelId_3,ProviderId_1,7,2,4000.0,0
CustomerId_2262,69000.0,6272.727272727273,6466.697906828633,-5000.0,10000.0,11,91000.0,8272.727272727272,4.0,4.0,1.0,3,0.0,airtime,ChannelId_3,ProviderId_3,28,11,69000.0,0
CustomerId_2263,4000.0,2000.0,0.0,2000.0,2000.0,2,4000.0,2000.0,15.5,12.5,1.0,2,0.0,airtime,ChannelId_3,ProviderId_1,16,2,4000.0,0
CustomerId_2265,20000.0,2222.222222222222,4123.947677219541,-5000.0,10000.0,9,30000.0,3333.3333333333335,17.555555555555557,14.0,11.555555555555555,6,0.0,airtime,ChannelId_3,ProviderId_6,61,9,20000.0,1
CustomerId_2266,22512000.0,1184842.105263158,1510163.466617582,1000.0,5000000.0,19,22512000.0,1184842.105263158,15.578947368421053,15.052631578947368,10.842105263157896,3,6.0,financial_services,ChannelId_3,ProviderId_3,7,19,22512000.0,0
CustomerId_2267,132561.0,8285.0625,22238.177669550623,-5000.0,90000.0,16,143041.0,8940.0625,9.75,7.3125,8.5625,5,0.0,airtime,ChannelId_3,ProviderId_6,30,16,132561.0,0
CustomerId_2268,475.0,237.5,371.23106012293744,-25.0,500.0,2,525.0,262.5,15.0,10.0,1.0,2,0.0,airtime,ChannelId_2,ProviderId_1,21,2,475.0,0
CustomerId_2269,19000.0,3166.6666666666665,7626.707459098367,-5000.0,10000.0,6,41000.0,6833.333333333333,19.0,21.0,12.0,3,0.0,airtime,ChannelId_2,ProviderId_4,41,6,19000.0,1
CustomerId_2272,21000.0,2625.0,4688.51179556401,-2000.0,10000.0,8,35000.0,4375.0,10.125,29.375,11.0,4,0.0,airtime,ChannelId_3,ProviderId_5,62,8,21000.0,1
CustomerId_2273,120964.0,10080.333333333334,10622.493110319625,-5000.0,28000.0,12,137886.0,11490.5,10.5,26.333333333333332,1.0,4,0.0,financial_services,ChannelId_3,ProviderId_1,3,12,120964.0,0
CustomerId_2275,1000.0,1000.0,0.0,1000.0,1000.0,1,1000.0,1000.0,14.0,3.0,12.0,1,0.0,financial_services,ChannelId_3,ProviderId_1,59,1,1000.0,1
CustomerId_2276,40970.0,731.6071428571429,680.7416457891262,-75.0,2000.0,56,42630.0,761.25,12.089285714285714,18.625,5.410714285714286,3,0.0,airtime,ChannelId_3,ProviderId_5,1,56,40970.0,0
CustomerId_2279,40000.0,5714.285714285715,9516.902257112268,-5000.0,20000.0,7,62000.0,8857.142857142857,17.0,11.0,1.0,4,0.0,financial_services,ChannelId_3,ProviderId_4,20,7,40000.0,0
CustomerId_2280,1000.0,1000.0,0.0,1000.0,1000.0,1,1000.0,1000.0,9.0,14.0,12.0,1,0.0,airtime,ChannelId_3,ProviderId_1,49,1,1000.0,1
CustomerId_2283,1000.0,1000.0,0.0,1000.0,1000.0,1,1000.0,1000.0,3.0,14.0,1.0,1,0.0,airtime,ChannelId_3,ProviderId_6,18,1,1000.0,0
CustomerId_2284,14465.0,602.7083333333334,727.0921524734026,-50.0,2500.0,24,14935.0,622.2916666666666,13.5,22.083333333333332,2.375,5,0.0,financial_services,ChannelId_3,ProviderId_6,1,24,14465.0,0
CustomerId_2286,500.0,500.0,0.0,500.0,500.0,1,500.0,500.0,17.0,25.0,11.0,1,0.0,airtime,ChannelId_3,ProviderId_1,67,1,500.0,1
CustomerId_2287,116275.0,10570.454545454546,29761.86909911283,-1000.0,100000.0,11,118725.0,10793.181818181818,13.363636363636363,9.090909090909092,12.0,5,0.0,financial_services,ChannelId_3,ProviderId_4,41,11,116275.0,1
CustomerId_2288,241500.0,3895.1612903225805,7135.007838734648,-5000.0,19900.0,62,447580.0,7219.032258064516,7.532258064516129,18.612903225806452,8.112903225806452,5,0.0,airtime,ChannelId_3,ProviderId_4,5,62,241500.0,0
CustomerId_2289,20000.0,3333.3333333333335,7814.516406449389,-5000.0,11000.0,6,42000.0,7000.0,12.166666666666666,25.166666666666668,1.0,3,0.0,airtime,ChannelId_2,ProviderId_4,5,6,20000.0,0
CustomerId_2290,20000.0,4000.0,6558.963332722634,-5000.0,10000.0,5,30400.0,6080.0,0.0,16.0,11.0,2,0.0,airtime,ChannelId_3,ProviderId_4,77,5,20000.0,1
CustomerId_2291,500.0,125.0,857.846140050767,-1000.0,1010.0,4,2520.0,630.0,12.0,30.0,11.0,2,0.0,airtime,ChannelId_2,ProviderId_4,62,4,500.0,1
CustomerId_2292,3058000.0,1019333.3333333334,1542945.6676543516,78000.0,2800000.0,3,3058000.0,1019333.3333333334,21.0,30.0,12.0,3,1.0,airtime,ChannelId_3,ProviderId_1,32,3,3058000.0,1
CustomerId_2294,23960.0,1597.3333333333333,2880.762465208192,-1000.0,10000.0,15,26480.0,1765.3333333333333,10.133333333333333,12.333333333333334,11.666666666666666,5,0.0,financial_services,ChannelId_3,ProviderId_4,54,15,23960.0,1
CustomerId_2295,5900.0,1475.0,1330.100246848585,-100.0,3000.0,4,6100.0,1525.0,12.0,17.5,1.0,4,0.0,airtime,ChannelId_3,ProviderId_6,14,4,5900.0,0
CustomerId_2297,9950.0,2487.5,5074.507365252316,-1000.0,10000.0,4,12050.0,3012.5,14.5,29.75,1.0,3,0.0,financial_services,ChannelId_2,ProviderId_4,1,4,9950.0,0
CustomerId_2298,134092.0,6385.333333333333,19374.82888010455,-622.0,90000.0,21,138408.0,6590.857142857143,13.857142857142858,21.38095238095238,11.0,6,0.0,financial_services,ChannelId_3,ProviderId_6,68,21,134092.0,1
CustomerId_2299,20000.0,2857.1428571428573,5778.655305765966,-5000.0,10000.0,7,33000.0,4714.285714285715,17.857142857142858,11.571428571428571,1.0,4,0.0,airtime,ChannelId_3,ProviderId_4,17,7,20000.0,0
CustomerId_2300,975.0,487.5,724.7844507162113,-25.0,1000.0,2,1025.0,512.5,20.0,22.0,12.0,2,0.0,airtime,ChannelId_2,ProviderId_4,40,2,975.0,1
CustomerId_2301,772123.1,3271.7080508474573,9330.598571685257,-1000.0,70000.0,236,790993.0,3351.665254237288,10.038135593220339,13.970338983050848,11.021186440677965,8,0.0,financial_services,ChannelId_3,ProviderId_6,13,236,772123.1,0
CustomerId_2306,195880.0,3377.2413793103447,4410.366791884715,-1000.0,12000.0,58,200320.0,3453.793103448276,9.0,21.32758620689655,1.7586206896551724,7,0.0,financial_services,ChannelId_3,ProviderId_6,1,58,195880.0,0
CustomerId_2308,94915.0,958.7373737373738,1838.0850926642831,-5000.0,12000.0,99,114705.0,1158.6363636363637,12.666666666666666,18.575757575757574,5.777777777777778,5,0.0,airtime,ChannelId_3,ProviderId_5,2,99,94915.0,0
CustomerId_2309,10000.0,10000.0,0.0,10000.0,10000.0,1,10000.0,10000.0,22.0,14.0,1.0,1,0.0,financial_services,ChannelId_3,ProviderId_1,17,1,10000.0,0
CustomerId_2310,40000.0,4444.444444444444,6463.573143221772,-5000.0,10000.0,9,62000.0,6888.888888888889,10.333333333333334,21.11111111111111,1.0,3,0.0,financial_services,ChannelId_3,ProviderId_6,7,9,40000.0,0
CustomerId_2311,6360.0,489.2307692307692,1046.6152710719568,-1000.0,3500.0,13,8640.0,664.6153846153846,11.461538461538462,9.615384615384615,12.0,6,0.0,financial_services,ChannelId_3,ProviderId_4,38,13,6360.0,1
CustomerId_2315,60000.0,3750.0,5904.800307094784,-5000.0,11000.0,16,92000.0,5750.0,14.0625,21.75,5.125,4,0.0,airtime,ChannelId_3,ProviderId_6,6,16,60000.0,0
CustomerId_2317,1000.0,1000.0,0.0,1000.0,1000.0,1,1000.0,1000.0,9.0,16.0,11.0,1,0.0,airtime,ChannelId_3,ProviderId_6,77,1,1000.0,1
CustomerId_2321,42635.0,1639.8076923076924,2381.5423493061094,-1000.0,10000.0,26,46667.0,1794.8846153846155,11.692307692307692,16.923076923076923,1.0,5,0.0,financial_services,ChannelId_1,ProviderId_4,10,26,42635.0,0
CustomerId_2323,31703.0,2264.5,3759.9464552243085,-622.0,10000.0,14,34997.0,2499.785714285714,11.142857142857142,16.428571428571427,1.0,7,0.0,airtime,ChannelId_3,ProviderId_6,3,14,31703.0,0
CustomerId_2324,520100.0,3210.4938271604938,12443.266263123709,-5000.0,98000.0,162,576402.0,3558.037037037037,10.049382716049383,6.54320987654321,12.0,10,0.0,financial_services,ChannelId_2,ProviderId_4,51,162,520100.0,1
CustomerId_2325,730000.0,66363.63636363637,34719.656470860216,10000.0,100000.0,11,730000.0,66363.63636363637,10.181818181818182,27.636363636363637,1.0,1,0.0,financial_services,ChannelId_3,ProviderId_3,3,11,730000.0,0
CustomerId_2326,17925.0,1991.6666666666667,2418.7419250511202,-1000.0,5000.0,9,20075.0,2230.5555555555557,14.666666666666666,26.88888888888889,1.0,4,0.0,financial_services,ChannelId_3,ProviderId_1,3,9,17925.0,0
CustomerId_2327,9000.0,2250.0,6601.767440112787,-5000.0,10000.0,4,21000.0,5250.0,14.0,28.0,12.0,2,0.0,airtime,ChannelId_2,ProviderId_4,34,4,9000.0,1
CustomerId_2329,335391.0,12421.888888888889,21966.916754928276,-5000.0,100000.0,27,353633.0,13097.518518518518,14.11111111111111,16.555555555555557,2.6296296296296298,6,0.0,airtime,ChannelId_3,ProviderId_1,9,27,335391.0,0
CustomerId_2330,20000.0,4000.0,6745.368781616021,-5000.0,10000.0,5,32000.0,6400.0,8.0,25.0,1.0,3,0.0,financial_services,ChannelId_3,ProviderId_4,7,5,20000.0,0
CustomerId_2332,49796.0,3319.733333333333,6379.075979511527,-1000.0,20000.0,15,54604.0,3640.266666666667,9.466666666666667,2.2,1.0,5,0.0,airtime,ChannelId_3,ProviderId_6,24,15,49796.0,0
CustomerId_2333,1000.0,1000.0,0.0,1000.0,1000.0,1,1000.0,1000.0,5.0,7.0,1.0,1,0.0,airtime,ChannelId_3,ProviderId_1,25,1,1000.0,0
CustomerId_2334,9000.0,2250.0,6601.767440112787,-5000.0,10000.0,4,21000.0,5250.0,13.0,28.0,12.0,2,0.0,airtime,ChannelId_2,ProviderId_4,34,4,9000.0,1
CustomerId_2335,5000.0,5000.0,0.0,5000.0,5000.0,1,5000.0,5000.0,14.0,14.0,12.0,1,0.0,financial_services,ChannelId_3,ProviderId_1,48,1,5000.0,1
CustomerId_2336,9000.0,2250.0,6601.767440112787,-5000.0,10000.0,4,21000.0,5250.0,9.0,21.0,12.0,2,0.0,airtime,ChannelId_2,ProviderId_4,42,4,9000.0,1
CustomerId_2340,2490.0,415.0,862.1774759294052,-1000.0,1500.0,6,4510.0,751.6666666666666,14.833333333333334,8.666666666666666,1.0,4,0.0,financial_services,ChannelId_3,ProviderId_1,13,6,2490.0,0
CustomerId_2341,-10500.0,-2100.0,4849.742261192856,-10000.0,1800.0,5,17500.0,3500.0,13.2,9.2,12.0,3,0.0,airtime,ChannelId_5,ProviderId_4,53,5,-10500.0,1
CustomerId_2342,500.0,500.0,0.0,500.0,500.0,1,500.0,500.0,22.0,18.0,1.0,1,0.0,airtime,ChannelId_3,ProviderId_6,13,1,500.0,0
CustomerId_2343,85605.0,2195.0,4218.37942816907,-1000.0,20000.0,39,89295.0,2289.6153846153848,12.871794871794872,18.923076923076923,1.0,7,0.0,airtime,ChannelId_3,ProviderId_6,2,39,85605.0,0
CustomerId_2344,74000.0,24666.666666666668,47961.7903474561,-5000.0,80000.0,3,86000.0,28666.666666666668,13.0,15.0,12.0,2,0.0,financial_services,ChannelId_2,ProviderId_4,47,3,74000.0,1
CustomerId_2345,19000.0,3166.6666666666665,7626.707459098367,-5000.0,10000.0,6,41000.0,6833.333333333333,12.0,28.0,12.0,3,0.0,airtime,ChannelId_2,ProviderId_4,34,6,19000.0,1
CustomerId_2346,11750.0,5875.0,5833.630944789017,1750.0,10000.0,2,11750.0,5875.0,17.0,12.0,11.5,2,0.0,data_bundles,ChannelId_3,ProviderId_1,61,2,11750.0,1
CustomerId_2347,20000.0,20000.0,0.0,20000.0,20000.0,1,20000.0,20000.0,17.0,21.0,1.0,1,0.0,financial_services,ChannelId_3,ProviderId_1,10,1,20000.0,0
CustomerId_2348,95120.0,2570.810810810811,5335.610778521976,-1005.0,20000.0,37,102080.0,2758.9189189189187,9.45945945945946,13.027027027027026,4.675675675675675,5,0.0,financial_services,ChannelId_3,ProviderId_6,6,37,95120.0,0
CustomerId_2349,1124929.5,2324.2345041322315,6853.191202244491,-496.0,46000.0,484,1153456.0,2383.1735537190084,12.518595041322314,22.31198347107438,11.214876033057852,8,0.0,financial_services,ChannelId_3,ProviderId_6,20,484,1124929.5,0
CustomerId_2353,5729578.0,110184.19230769231,173952.03887797758,-1629.0,800000.0,52,5749972.0,110576.38461538461,13.01923076923077,16.692307692307693,5.5,9,5.0,financial_services,ChannelId_3,ProviderId_3,1,52,5729578.0,0
CustomerId_2356,5000.0,5000.0,0.0,5000.0,5000.0,1,5000.0,5000.0,3.0,3.0,1.0,1,0.0,financial_services,ChannelId_3,ProviderId_5,29,1,5000.0,0
CustomerId_2357,2000.0,2000.0,0.0,2000.0,2000.0,1,2000.0,2000.0,20.0,16.0,11.0,1,0.0,airtime,ChannelId_3,ProviderId_1,76,1,2000.0,1
CustomerId_2359,100000.0,100000.0,0.0,100000.0,100000.0,1,100000.0,100000.0,11.0,23.0,1.0,1,0.0,financial_services,ChannelId_3,ProviderId_1,8,1,100000.0,0
CustomerId_2360,45990.0,1839.6,2900.552720316135,-1000.0,10000.0,25,48740.0,1949.6,14.96,16.84,12.0,4,0.0,financial_services,ChannelId_3,ProviderId_4,43,25,45990.0,1
CustomerId_2361,1000.0,1000.0,0.0,1000.0,1000.0,1,1000.0,1000.0,23.0,15.0,1.0,1,0.0,airtime,ChannelId_3,ProviderId_5,16,1,1000.0,0
CustomerId_2362,950.0,237.5,962.0940702446928,-1000.0,1000.0,4,3050.0,762.5,8.75,23.0,12.0,3,0.0,financial_services,ChannelId_2,ProviderId_4,40,4,950.0,1
CustomerId_2363,120000.0,5714.285714285715,8604.72461583087,-5000.0,20000.0,21,172800.0,8228.57142857143,8.476190476190476,21.095238095238095,11.285714285714286,4,0.0,financial_services,ChannelId_3,ProviderId_4,56,21,120000.0,1
CustomerId_2365,500.0,500.0,0.0,500.0,500.0,1,500.0,500.0,9.0,18.0,1.0,1,0.0,financial_services,ChannelId_3,ProviderId_1,14,1,500.0,0
CustomerId_2366,1100000.0,183333.33333333334,8164.965809277261,180000.0,200000.0,6,1100000.0,183333.33333333334,14.833333333333334,22.666666666666668,11.166666666666666,2,0.0,tv,ChannelId_1,ProviderId_3,56,6,1100000.0,1
CustomerId_2369,3700.0,740.0,1089.954127475097,-1000.0,2000.0,5,5700.0,1140.0,10.0,7.0,1.0,4,0.0,airtime,ChannelId_3,ProviderId_6,25,5,3700.0,0
CustomerId_2371,49000.0,6125.0,5986.592162013854,-5000.0,10000.0,8,61000.0,7625.0,13.0,7.0,12.0,3,0.0,financial_services,ChannelId_3,ProviderId_1,55,8,49000.0,1
CustomerId_2372,5000.0,5000.0,0.0,5000.0,5000.0,1,5000.0,5000.0,7.0,26.0,1.0,1,0.0,financial_services,ChannelId_3,ProviderId_3,6,1,5000.0,0
CustomerId_2373,140800.0,12800.0,19786.10623644784,-5000.0,50000.0,11,165800.0,15072.727272727272,13.272727272727273,19.454545454545453,4.0,3,0.0,airtime,ChannelId_3,ProviderId_1,6,11,140800.0,0
CustomerId_2375,22000.0,7333.333333333333,4618.802153517006,2000.0,10000.0,3,22000.0,7333.333333333333,14.666666666666666,27.333333333333332,1.0,2,0.0,financial_services,ChannelId_3,ProviderId_5,1,3,22000.0,0
CustomerId_2376,500.0,500.0,0.0,500.0,500.0,1,500.0,500.0,17.0,18.0,11.0,1,0.0,financial_services,ChannelId_3,ProviderId_1,74,1,500.0,1
CustomerId_2381,6390.0,580.9090909090909,868.4060633765122,-1000.0,2000.0,11,8610.0,782.7272727272727,8.727272727272727,8.545454545454545,12.0,2,0.0,airtime,ChannelId_3,ProviderId_1,53,11,6390.0,1
CustomerId_2384,27300.0,4550.0,6325.029644199306,-1000.0,15000.0,6,30700.0,5116.666666666667,7.166666666666667,27.166666666666668,1.0,3,0.0,financial_services,ChannelId_2,ProviderId_4,1,6,27300.0,0
CustomerId_2386,78.0,26.0,1050.8225349696304,-1000.0,1100.0,3,2122.0,707.3333333333334,21.0,30.0,12.0,2,0.0,financial_services,ChannelId_2,ProviderId_4,32,3,78.0,1
CustomerId_2388,105000.0,52500.0,67175.14421272202,5000.0,100000.0,2,105000.0,52500.0,13.0,20.5,11.0,1,0.0,financial_services,ChannelId_3,ProviderId_1,71,2,105000.0,1
CustomerId_2389,1000.0,1000.0,0.0,1000.0,1000.0,1,1000.0,1000.0,19.0,22.0,12.0,1,0.0,airtime,ChannelId_3,ProviderId_2,40,1,1000.0,1
CustomerId_2393,158800.0,7561.9047619047615,10189.724048789358,-5000.0,30000.0,21,222000.0,10571.42857142857,9.047619047619047,16.0,5.190476190476191,5,0.0,financial_services,ChannelId_3,ProviderId_6,21,21,158800.0,0
CustomerId_2396,3250.0,1625.0,883.8834764831844,1000.0,2250.0,2,3250.0,1625.0,8.5,1.5,1.0,1,0.0,financial_services,ChannelId_3,ProviderId_1,30,2,3250.0,0
CustomerId_2397,500.0,500.0,0.0,500.0,500.0,1,500.0,500.0,17.0,3.0,12.0,1,0.0,airtime,ChannelId_3,ProviderId_1,59,1,500.0,1
CustomerId_2398,50000.0,50000.0,0.0,50000.0,50000.0,1,50000.0,50000.0,5.0,1.0,12.0,1,0.0,financial_services,ChannelId_3,ProviderId_1,62,1,50000.0,1
CustomerId_2400,44000.0,5500.0,11237.691679598363,-5000.0,25000.0,8,78750.0,9843.75,16.0,28.0,12.0,4,0.0,financial_services,ChannelId_2,ProviderId_4,34,8,44000.0,1
CustomerId_2402,17620.0,927.3684210526316,1194.5982221151603,-1000.0,4000.0,19,20380.0,1072.6315789473683,13.421052631578947,6.2631578947368425,10.263157894736842,5,0.0,financial_services,ChannelId_3,ProviderId_4,20,19,17620.0,0
CustomerId_2403,40000.0,3636.3636363636365,7593.05903141451,-5000.0,11000.0,11,82000.0,7454.545454545455,9.909090909090908,21.363636363636363,1.0,3,0.0,airtime,ChannelId_3,ProviderId_4,6,11,40000.0,0
CustomerId_2404,5980.0,1196.0,2282.998028908479,-1000.0,5000.0,5,8020.0,1604.0,12.4,12.6,11.6,3,0.0,financial_services,ChannelId_3,ProviderId_4,62,5,5980.0,1
CustomerId_2406,14350.0,1195.8333333333333,1885.2849234066034,-1000.0,5000.0,12,16650.0,1387.5,15.583333333333334,21.166666666666668,1.0,5,0.0,airtime,ChannelId_3,ProviderId_1,1,12,14350.0,0
CustomerId_2407,2930.0,488.3333333333333,1055.6593516218509,-1000.0,2000.0,6,5070.0,845.0,8.333333333333334,7.666666666666667,12.0,4,0.0,financial_services,ChannelId_2,ProviderId_4,55,6,2930.0,1
CustomerId_2408,59000.0,8428.57142857143,9606.545387688244,-5000.0,20000.0,7,71000.0,10142.857142857143,11.714285714285714,28.0,12.0,4,0.0,financial_services,ChannelId_3,ProviderId_5,34,7,59000.0,1
CustomerId_2409,1000.0,1000.0,0.0,1000.0,1000.0,1,1000.0,1000.0,14.0,2.0,1.0,1,0.0,financial_services,ChannelId_3,ProviderId_1,29,1,1000.0,0
CustomerId_2414,180010.0,6428.928571428572,9219.963581227068,-5000.0,20010.0,28,270410.0,9657.5,16.428571428571427,15.035714285714286,11.607142857142858,4,0.0,financial_services,ChannelId_3,ProviderId_6,48,28,180010.0,1
CustomerId_2415,5000.0,5000.0,0.0,5000.0,5000.0,1,5000.0,5000.0,14.0,18.0,1.0,1,0.0,financial_services,ChannelId_3,ProviderId_1,13,1,5000.0,0
CustomerId_2416,114524.0,2009.1929824561403,8161.113919589733,-5000.0,60000.0,57,133426.0,2340.8070175438597,11.947368421052632,29.228070175438596,12.0,6,0.0,financial_services,ChannelId_3,ProviderId_4,32,57,114524.0,0
CustomerId_2417,755910.0,7268.365384615385,20967.556080328075,-5000.0,156000.0,104,1009470.0,9706.442307692309,11.067307692307692,19.365384615384617,7.903846153846154,7,0.0,airtime,ChannelId_3,ProviderId_6,1,104,755910.0,0
CustomerId_2419,100000.0,7142.857142857143,9638.5216138731,-5000.0,20000.0,14,142000.0,10142.857142857143,11.5,16.0,6.5,4,0.0,financial_services,ChannelId_3,ProviderId_6,20,14,100000.0,0
CustomerId_2420,6900.0,383.3333333333333,224.59113177191176,-25.0,500.0,18,7100.0,394.44444444444446,8.222222222222221,16.555555555555557,11.0,4,0.0,financial_services,ChannelId_3,ProviderId_5,73,18,6900.0,1
CustomerId_2422,4992.0,499.2,859.0839824422807,-1000.0,2000.0,10,7248.0,724.8,18.4,26.5,1.0,3,0.0,financial_services,ChannelId_3,ProviderId_4,2,10,4992.0,0
CustomerId_2423,33000.0,33000.0,0.0,33000.0,33000.0,1,33990.0,33990.0,11.0,8.0,1.0,1,0.0,tv,ChannelId_3,ProviderId_5,23,1,33000.0,0
CustomerId_2424,38360.0,1278.6666666666667,2091.247331689595,-120.0,6000.0,30,38840.0,1294.6666666666667,10.433333333333334,19.133333333333333,2.1,3,0.0,financial_services,ChannelId_3,ProviderId_4,2,30,38360.0,0
CustomerId_2425,130000.0,5000.0,6020.76407111257,-5000.0,10000.0,26,181200.0,6969.2307692307695,13.115384615384615,20.923076923076923,7.923076923076923,3,0.0,financial_services,ChannelId_3,ProviderId_6,6,26,130000.0,0
CustomerId_2426,4175.0,695.8333333333334,870.7606827749325,-65.0,2000.0,6,4425.0,737.5,7.5,19.666666666666668,11.333333333333334,3,0.0,airtime,ChannelId_2,ProviderId_4,52,6,4175.0,1
CustomerId_2427,365200.0,6640.0,6910.5555332243575,-5000.0,20700.0,55,497400.0,9043.636363636364,6.636363636363637,19.436363636363637,6.054545454545455,4,0.0,airtime,ChannelId_3,ProviderId_3,6,55,365200.0,0
CustomerId_2432,53000.0,26500.0,33234.018715767736,3000.0,50000.0,2,53000.0,26500.0,7.5,26.0,12.0,1,0.0,financial_services,ChannelId_3,ProviderId_1,37,2,53000.0,1
CustomerId_2433,120000.0,7058.823529411765,9470.15435615554,-5000.0,20000.0,17,172000.0,10117.64705882353,6.705882352941177,13.764705882352942,5.529411764705882,4,0.0,financial_services,ChannelId_3,ProviderId_6,21,17,120000.0,0
CustomerId_2435,10000.0,2500.0,6757.711644237764,-5000.0,10000.0,4,22000.0,5500.0,13.25,25.25,1.0,2,0.0,airtime,ChannelId_2,ProviderId_4,5,4,10000.0,0
CustomerId_2436,2500.0,2500.0,0.0,2500.0,2500.0,1,2500.0,2500.0,22.0,18.0,12.0,1,0.0,airtime,ChannelId_3,ProviderId_1,44,1,2500.0,1
CustomerId_2437,60000.0,3333.3333333333335,7228.131318185992,-5000.0,11700.0,18,123400.0,6855.555555555556,9.333333333333334,17.27777777777778,11.722222222222221,3,0.0,airtime,ChannelId_2,ProviderId_4,41,18,60000.0,1
CustomerId_2438,49000.0,5444.444444444444,6930.20762876393,-5000.0,10000.0,9,71000.0,7888.888888888889,13.777777777777779,28.0,12.0,3,0.0,airtime,ChannelId_3,ProviderId_3,34,9,49000.0,1
CustomerId_2440,24950.0,3118.75,6247.167215169266,-2000.0,15000.0,8,45050.0,5631.25,14.0,25.75,8.75,4,0.0,financial_services,ChannelId_2,ProviderId_4,10,8,24950.0,0
CustomerId_2441,27755.0,957.0689655172414,2025.0747416724168,-350.0,9000.0,29,29245.0,1008.448275862069,9.482758620689655,19.655172413793103,7.448275862068965,5,0.0,airtime,ChannelId_3,ProviderId_4,7,29,27755.0,0
CustomerId_2443,950.0,237.5,962.0940702446928,-1000.0,1000.0,4,3050.0,762.5,7.75,12.25,12.0,2,0.0,airtime,ChannelId_2,ProviderId_1,49,4,950.0,1
CustomerId_2444,1000.0,1000.0,0.0,1000.0,1000.0,1,1000.0,1000.0,13.0,8.0,1.0,1,0.0,airtime,ChannelId_3,ProviderId_1,23,1,1000.0,0
CustomerId_2445,17743762.0,322613.85454545455,1184937.5072447744,-1000.0,8600000.0,55,17746182.0,322657.85454545455,13.727272727272727,15.436363636363636,4.0,3,2.0,financial_services,ChannelId_3,ProviderId_1,12,55,17743762.0,0
CustomerId_2446,210623.0,3397.1451612903224,5502.02213749941,-622.0,16000.0,62,214327.0,3456.8870967741937,11.983870967741936,23.903225806451612,11.0,5,0.0,financial_services,ChannelId_3,ProviderId_6,63,62,210623.0,1
CustomerId_2447,12600.0,1400.0,1799.5225061109961,-150.0,5000.0,9,13400.0,1488.888888888889,15.555555555555555,16.444444444444443,11.0,4,0.0,financial_services,ChannelId_3,ProviderId_4,73,9,12600.0,1
CustomerId_2451,1000.0,1000.0,0.0,1000.0,1000.0,1,1000.0,1000.0,19.0,22.0,11.0,1,0.0,financial_services,ChannelId_3,ProviderId_3,70,1,1000.0,1
CustomerId_2454,9980.0,665.3333333333334,866.6179473485803,-1000.0,3000.0,15,12910.0,860.6666666666666,12.6,18.733333333333334,6.866666666666666,6,0.0,financial_services,ChannelId_3,ProviderId_6,23,15,9980.0,0
CustomerId_2455,51000.0,25500.0,34648.23227814083,1000.0,50000.0,2,51000.0,25500.0,14.0,12.0,12.0,2,0.0,airtime,ChannelId_3,ProviderId_1,50,2,51000.0,1
CustomerId_2456,12000.0,12000.0,0.0,12000.0,12000.0,1,12000.0,12000.0,18.0,15.0,1.0,1,0.0,tv,ChannelId_3,ProviderId_5,16,1,12000.0,0
CustomerId_2457,33667.0,1980.4117647058824,2361.2915708046185,-1000.0,5000.0,17,36333.0,2137.235294117647,14.764705882352942,21.58823529411765,6.823529411764706,4,0.0,financial_services,ChannelId_3,ProviderId_6,3,17,33667.0,0
CustomerId_2458,500.0,500.0,0.0,500.0,500.0,1,500.0,500.0,14.0,4.0,12.0,1,0.0,airtime,ChannelId_3,ProviderId_1,58,1,500.0,1
CustomerId_2459,818115.0,2050.4135338345864,5421.228838790144,-5000.0,50000.0,399,863349.0,2163.781954887218,11.80451127819549,18.43358395989975,10.859649122807017,7,0.0,financial_services,ChannelId_3,ProviderId_4,11,399,818115.0,0
CustomerId_2461,5450.0,778.5714285714286,410.13934914158835,-50.0,1000.0,7,5550.0,792.8571428571429,17.285714285714285,21.428571428571427,12.0,4,0.0,financial_services,ChannelId_3,ProviderId_1,39,7,5450.0,1
CustomerId_2463,6700.0,957.1428571428571,1198.759279223235,-150.0,3000.0,7,7300.0,1042.857142857143,13.571428571428571,19.571428571428573,11.0,2,0.0,airtime,ChannelId_3,ProviderId_3,72,7,6700.0,1
CustomerId_2465,1000.0,1000.0,0.0,1000.0,1000.0,1,1000.0,1000.0,7.0,22.0,12.0,1,0.0,financial_services,ChannelId_3,ProviderId_1,41,1,1000.0,1
CustomerId_2468,1800.0,900.0,141.4213562373095,800.0,1000.0,2,1800.0,900.0,23.0,4.0,12.0,1,0.0,financial_services,ChannelId_3,ProviderId_5,58,2,1800.0,1
CustomerId_2469,80000.0,4000.0,6021.889893940012,-5000.0,11000.0,20,122000.0,6100.0,9.8,21.7,4.3,4,0.0,airtime,ChannelId_3,ProviderId_6,7,20,80000.0,0
CustomerId_2470,20500.0,10250.0,13788.582233137677,500.0,20000.0,2,20500.0,10250.0,11.5,7.0,1.0,1,0.0,financial_services,ChannelId_3,ProviderId_1,24,2,20500.0,0
CustomerId_2474,20000.0,2857.1428571428573,5520.524474738834,-5000.0,10000.0,7,32000.0,4571.428571428572,13.0,25.0,1.0,4,0.0,airtime,ChannelId_3,ProviderId_6,6,7,20000.0,0
CustomerId_2477,611700.5,1973.2274193548387,5375.130091062697,-5000.0,47000.0,310,676978.0,2183.8,10.303225806451612,19.025806451612905,10.903225806451612,9,0.0,financial_services,ChannelId_3,ProviderId_6,28,310,611700.5,0
CustomerId_2480,10000.0,10000.0,0.0,10000.0,10000.0,1,10000.0,10000.0,11.0,28.0,1.0,1,0.0,financial_services,ChannelId_3,ProviderId_1,3,1,10000.0,0
CustomerId_2482,-3835.0,-383.5,826.6735550788272,-1000.0,800.0,10,8235.0,823.5,10.9,12.3,9.8,4,0.0,airtime,ChannelId_5,ProviderId_4,23,10,-3835.0,0
CustomerId_2485,5000.0,5000.0,0.0,5000.0,5000.0,1,5000.0,5000.0,9.0,26.0,1.0,1,0.0,financial_services,ChannelId_3,ProviderId_3,6,1,5000.0,0
CustomerId_2490,5000.0,5000.0,0.0,5000.0,5000.0,1,5000.0,5000.0,7.0,13.0,1.0,1,0.0,financial_services,ChannelId_3,ProviderId_1,19,1,5000.0,0
CustomerId_2491,273200.0,3594.7368421052633,5345.59434392702,-5000.0,11000.0,76,384462.0,5058.710526315789,12.31578947368421,18.789473684210527,9.31578947368421,6,0.0,airtime,ChannelId_3,ProviderId_6,6,76,273200.0,0
CustomerId_2492,19000.0,3166.6666666666665,7626.707459098367,-5000.0,10000.0,6,41000.0,6833.333333333333,11.0,28.0,12.0,3,0.0,airtime,ChannelId_2,ProviderId_4,34,6,19000.0,1
CustomerId_2494,3900.0,1300.0,3235.737937472687,-1000.0,5000.0,3,6100.0,2033.3333333333333,6.0,20.0,1.0,2,0.0,financial_services,ChannelId_2,ProviderId_4,12,3,3900.0,0
CustomerId_2495,2950.0,491.6666666666667,842.8621872326856,-1000.0,1000.0,6,5050.0,841.6666666666666,20.166666666666668,24.833333333333332,12.0,3,0.0,financial_services,ChannelId_3,ProviderId_1,34,6,2950.0,1
CustomerId_2496,30000.0,15000.0,0.0,15000.0,15000.0,2,30000.0,15000.0,13.0,8.0,1.0,2,0.0,airtime,ChannelId_3,ProviderId_3,23,2,30000.0,0
CustomerId_2497,280500.0,140250.0,197636.34534164003,500.0,280000.0,2,280500.0,140250.0,9.0,14.0,12.0,2,0.0,data_bundles,ChannelId_3,ProviderId_1,49,2,280500.0,1
CustomerId_2501,104000.0,17333.333333333332,32475.631890182933,-5000.0,80000.0,6,129450.0,21575.0,13.666666666666666,13.333333333333334,1.0,3,0.0,financial_services,ChannelId_2,ProviderId_4,13,6,104000.0,0
CustomerId_2503,1500.0,1500.0,0.0,1500.0,1500.0,1,1500.0,1500.0,21.0,29.0,12.0,1,0.0,airtime,ChannelId_3,ProviderId_1,33,1,1500.0,1
CustomerId_2504,20000.0,3333.3333333333335,6088.2400303098,-5000.0,10000.0,6,32000.0,5333.333333333333,8.833333333333334,25.0,1.0,4,0.0,airtime,ChannelId_3,ProviderId_6,7,6,20000.0,0
CustomerId_2505,6000.0,1500.0,1914.854215512676,-1000.0,3000.0,4,8000.0,2000.0,15.75,9.5,1.0,3,0.0,tv,ChannelId_3,ProviderId_1,14,4,6000.0,0
CustomerId_2506,19000.0,3800.0,6685.805860178712,-5000.0,10000.0,5,31000.0,6200.0,15.0,28.0,12.0,3,0.0,financial_services,ChannelId_3,ProviderId_4,34,5,19000.0,1
CustomerId_2508,40000.0,4000.0,6146.3629715285915,-5000.0,10000.0,10,62000.0,6200.0,10.9,21.5,1.0,4,0.0,airtime,ChannelId_3,ProviderId_6,7,10,40000.0,0
CustomerId_2512,1000.0,1000.0,0.0,1000.0,1000.0,1,1000.0,1000.0,15.0,18.0,11.0,1,0.0,airtime,ChannelId_3,ProviderId_1,74,1,1000.0,1
CustomerId_2513,19000.0,3166.6666666666665,7626.707459098367,-5000.0,10000.0,6,41000.0,6833.333333333333,17.0,28.0,12.0,3,0.0,airtime,ChannelId_2,ProviderId_4,34,6,19000.0,1
CustomerId_2514,8950.0,559.375,752.5199332908065,-1000.0,2000.0,16,11050.0,690.625,12.25,17.5625,3.75,3,0.0,airtime,ChannelId_3,ProviderId_6,8,16,8950.0,0
CustomerId_2515,13470.0,1122.5,3152.846116822646,-1000.0,11000.0,12,15730.0,1310.8333333333333,11.5,24.25,9.25,2,0.0,airtime,ChannelId_3,ProviderId_5,1,12,13470.0,0
CustomerId_2519,33145.0,1274.8076923076924,1280.3995319971268,-125.0,5000.0,26,34255.0,1317.5,11.884615384615385,14.807692307692308,12.0,5,0.0,financial_services,ChannelId_3,ProviderId_6,37,26,33145.0,1
CustomerId_2520,24050.0,1717.857142857143,2097.650438618733,-1000.0,5250.0,14,27050.0,1932.142857142857,18.928571428571427,12.571428571428571,9.642857142857142,4,0.0,financial_services,ChannelId_3,ProviderId_4,1,14,24050.0,0
CustomerId_2522,1000.0,1000.0,0.0,1000.0,1000.0,1,1000.0,1000.0,10.0,18.0,12.0,1,0.0,airtime,ChannelId_3,ProviderId_1,44,1,1000.0,1
CustomerId_2523,2980.0,596.0,1142.838571277676,-1000.0,2000.0,5,5020.0,1004.0,21.0,22.0,11.0,3,0.0,financial_services,ChannelId_3,ProviderId_4,70,5,2980.0,1
CustomerId_2525,20000.0,20000.0,0.0,20000.0,20000.0,1,20000.0,20000.0,15.0,16.0,12.0,1,0.0,financial_services,ChannelId_3,ProviderId_5,46,1,20000.0,1
CustomerId_2526,1000.0,1000.0,0.0,1000.0,1000.0,1,1000.0,1000.0,2.0,18.0,1.0,1,0.0,airtime,ChannelId_3,ProviderId_1,14,1,1000.0,0
CustomerId_2527,3980.0,796.0,456.1578674099571,-20.0,1000.0,5,4020.0,804.0,10.0,8.8,5.4,2,0.0,airtime,ChannelId_3,ProviderId_1,25,5,3980.0,0
CustomerId_2528,1695194.3,2779.007049180328,22872.844886611598,-5000.0,508000.0,610,1868148.0,3062.537704918033,12.668852459016394,24.65081967213115,10.38360655737705,10,1.0,financial_services,ChannelId_3,ProviderId_6,6,610,1695194.3,0
CustomerId_2529,137000.0,2174.6031746031745,4170.904143258129,-5000.0,10000.0,63,199000.0,3158.7301587301586,15.65079365079365,20.73015873015873,10.174603174603174,6,0.0,airtime,ChannelId_3,ProviderId_6,6,63,137000.0,0
CustomerId_2530,24000.0,2000.0,3789.938833759242,-5000.0,10000.0,12,36000.0,3000.0,17.166666666666668,14.0,12.0,4,0.0,airtime,ChannelId_3,ProviderId_6,48,12,24000.0,1
CustomerId_2531,147970.75,1382.9042056074766,2563.642352975157,-5000.0,10000.0,107,177580.0,1659.6261682242991,13.85981308411215,22.037383177570092,6.299065420560748,7,0.0,financial_services,ChannelId_3,ProviderId_6,2,107,147970.75,0
CustomerId_2534,1000.0,1000.0,0.0,1000.0,1000.0,1,1000.0,1000.0,6.0,1.0,12.0,1,0.0,financial_services,ChannelId_3,ProviderId_5,62,1,1000.0,1
CustomerId_2535,195100.0,13935.714285714286,28474.350323995568,-5000.0,100000.0,14,216100.0,15435.714285714286,8.571428571428571,7.642857142857143,11.857142857142858,5,0.0,financial_services,ChannelId_3,ProviderId_4,46,14,195100.0,1
CustomerId_2536,500.0,500.0,0.0,500.0,500.0,1,500.0,500.0,6.0,12.0,1.0,1,0.0,airtime,ChannelId_3,ProviderId_6,20,1,500.0,0
CustomerId_2537,60526.0,5043.833333333333,7372.119589536258,-5000.0,16000.0,12,86334.0,7194.5,10.25,20.583333333333332,8.083333333333334,4,0.0,financial_services,ChannelId_3,ProviderId_6,2,12,60526.0,0
CustomerId_2538,9000.0,2250.0,6601.767440112787,-5000.0,10000.0,4,21000.0,5250.0,9.0,21.0,12.0,2,0.0,airtime,ChannelId_2,ProviderId_4,42,4,9000.0,1
CustomerId_2543,9000.0,2250.0,6601.767440112787,-5000.0,10000.0,4,21000.0,5250.0,9.0,21.0,12.0,2,0.0,airtime,ChannelId_2,ProviderId_4,42,4,9000.0,1
CustomerId_2544,180485.0,1298.453237410072,1379.4106923989898,-250.0,9000.0,139,188035.0,1352.769784172662,10.62589928057554,16.532374100719423,11.086330935251798,4,0.0,financial_services,ChannelId_3,ProviderId_5,14,139,180485.0,0
CustomerId_2545,4800.0,600.0,1078.0272988857273,-1000.0,2000.0,8,7200.0,900.0,11.75,18.25,1.0,4,0.0,financial_services,ChannelId_2,ProviderId_4,13,8,4800.0,0
CustomerId_2546,34760.0,772.4444444444445,1728.3332821951424,-1000.0,10000.0,45,38240.0,849.7777777777778,14.8,25.644444444444446,1.0,5,0.0,financial_services,ChannelId_3,ProviderId_4,1,45,34760.0,0
CustomerId_2548,39001.0,1147.0882352941176,2557.441087536726,-5000.0,10008.0,34,51852.0,1525.0588235294117,13.588235294117647,7.9411764705882355,11.941176470588236,5,0.0,financial_services,ChannelId_3,ProviderId_4,34,34,39001.0,1
CustomerId_2550,50000.0,4166.666666666667,5886.553758483409,-5000.0,10000.0,12,72000.0,6000.0,9.916666666666666,25.083333333333332,5.583333333333333,3,0.0,airtime,ChannelId_3,ProviderId_6,7,12,50000.0,0
CustomerId_2552,10504.0,1500.5714285714287,956.0346676320298,-496.0,2000.0,7,14136.0,2019.4285714285713,6.857142857142857,20.142857142857142,11.0,3,0.0,utility_bill,ChannelId_3,ProviderId_6,72,7,10504.0,1
CustomerId_2554,103450.0,20690.0,29119.890109682765,-2500.0,55000.0,5,108550.0,21710.0,9.0,15.8,12.0,4,0.0,financial_services,ChannelId_3,ProviderId_4,43,5,103450.0,1
CustomerId_2555,42500.0,14166.666666666666,23239.693055919077,500.0,41000.0,3,42500.0,14166.666666666666,13.0,22.0,11.0,3,0.0,airtime,ChannelId_3,ProviderId_1,69,3,42500.0,1
CustomerId_2556,50000.0,50000.0,0.0,50000.0,50000.0,1,50000.0,50000.0,7.0,18.0,11.0,1,0.0,financial_services,ChannelId_3,ProviderId_3,75,1,50000.0,1
CustomerId_2557,1500.0,750.0,353.5533905932738,500.0,1000.0,2,1500.0,750.0,14.0,30.0,1.0,2,0.0,airtime,ChannelId_3,ProviderId_1,1,2,1500.0,0
CustomerId_2558,500.0,500.0,0.0,500.0,500.0,1,500.0,500.0,4.0,9.0,12.0,1,0.0,airtime,ChannelId_3,ProviderId_5,54,1,500.0,1
CustomerId_2559,1000.0,1000.0,0.0,1000.0,1000.0,1,1000.0,1000.0,16.0,8.0,1.0,1,0.0,airtime,ChannelId_3,ProviderId_1,23,1,1000.0,0
CustomerId_2564,124000.0,4592.592592592592,6039.990188856393,-5000.0,10000.0,27,186000.0,6888.888888888889,12.703703703703704,17.14814814814815,8.333333333333334,4,0.0,financial_services,ChannelId_3,ProviderId_6,6,27,124000.0,0
CustomerId_2569,5695.0,569.5,874.3710437921776,-1000.0,2000.0,10,7905.0,790.5,14.0,16.6,12.0,5,0.0,financial_services,ChannelId_3,ProviderId_4,45,10,5695.0,1
CustomerId_2570,500.0,500.0,0.0,500.0,500.0,1,500.0,500.0,15.0,20.0,12.0,1,0.0,airtime,ChannelId_3,ProviderId_1,42,1,500.0,1
CustomerId_2571,11890.0,990.8333333333334,1550.4688929091055,-1000.0,5000.0,12,14310.0,1192.5,19.0,24.083333333333332,1.0,5,0.0,financial_services,ChannelId_3,ProviderId_4,4,12,11890.0,0
CustomerId_2574,89194.0,2175.4634146341464,7136.512839256862,-1000.0,45700.0,41,93820.0,2288.2926829268295,12.0,16.682926829268293,1.0,7,0.0,financial_services,ChannelId_3,ProviderId_6,11,41,89194.0,0
CustomerId_2576,-5000.0,-5000.0,0.0,-5000.0,-5000.0,1,5000.0,5000.0,20.0,20.0,12.0,1,0.0,airtime,ChannelId_5,ProviderId_4,42,1,-5000.0,1
CustomerId_2577,130000.0,18571.428571428572,16681.89780228,5000.0,50000.0,7,130000.0,18571.428571428572,10.285714285714286,21.571428571428573,11.0,2,0.0,financial_services,ChannelId_3,ProviderId_5,70,7,130000.0,1
CustomerId_2579,1000.0,1000.0,0.0,1000.0,1000.0,1,1000.0,1000.0,15.0,18.0,1.0,1,0.0,airtime,ChannelId_3,ProviderId_1,13,1,1000.0,0
CustomerId_2580,22002.46,2444.717777777778,3783.619517980692,-1000.0,10000.0,9,27721.0,3080.1111111111113,12.0,10.333333333333334,12.0,5,0.0,financial_services,ChannelId_3,ProviderId_4,49,9,22002.46,1
CustomerId_2582,40000.0,6666.666666666667,9831.92080250175,-5000.0,20000.0,6,60000.0,10000.0,12.0,14.0,12.0,4,0.0,airtime,ChannelId_3,ProviderId_6,48,6,40000.0,1
CustomerId_2584,142568.0,35642.0,70913.45045899262,-1000.0,142000.0,4,144632.0,36158.0,13.5,20.5,3.75,3,0.0,financial_services,ChannelId_2,ProviderId_1,8,4,142568.0,0
CustomerId_2588,403603.0,2306.302857142857,5428.693513021813,-5000.0,30000.0,175,446167.0,2549.5257142857145,12.96,12.017142857142858,12.0,9,0.0,financial_services,ChannelId_3,ProviderId_6,42,175,403603.0,1
CustomerId_2589,70000.0,4117.64705882353,9013.686488759582,-5000.0,20000.0,17,133400.0,7847.058823529412,5.117647058823529,15.470588235294118,11.470588235294118,4,0.0,financial_services,ChannelId_2,ProviderId_4,56,17,70000.0,1
CustomerId_2591,10000.0,10000.0,0.0,10000.0,10000.0,1,10000.0,10000.0,8.0,4.0,1.0,1,0.0,financial_services,ChannelId_3,ProviderId_1,28,1,10000.0,0
CustomerId_2594,1055000.0,351666.6666666667,548482.7557301444,35000.0,985000.0,3,1055000.0,351666.6666666667,8.0,10.0,1.0,1,0.0,airtime,ChannelId_3,ProviderId_3,22,3,1055000.0,0
CustomerId_2595,149819.0,1896.4430379746836,4261.087936638367,-1000.0,19000.0,79,156856.0,1985.5189873417721,11.632911392405063,21.189873417721518,11.848101265822784,6,0.0,financial_services,ChannelId_3,ProviderId_4,37,79,149819.0,1
CustomerId_2596,375.0,93.75,821.6789214772399,-1000.0,900.0,4,2425.0,606.25,19.0,7.0,12.0,3,0.0,financial_services,ChannelId_2,ProviderId_1,55,4,375.0,1
CustomerId_2597,4800.0,1600.0,2163.3307652783938,-200.0,4000.0,3,5200.0,1733.3333333333333,16.0,28.0,1.0,2,0.0,airtime,ChannelId_3,ProviderId_4,3,3,4800.0,0
CustomerId_2598,22670.0,1333.5294117647059,2362.4641298241722,-150.0,10000.0,17,23330.0,1372.3529411764705,9.941176470588236,19.0,11.0,5,0.0,airtime,ChannelId_3,ProviderId_6,73,17,22670.0,1
CustomerId_2599,20000.0,3333.3333333333335,7814.516406449389,-5000.0,11000.0,6,42000.0,7000.0,19.0,11.0,1.0,3,0.0,airtime,ChannelId_2,ProviderId_4,20,6,20000.0,0
CustomerId_2600,-1000.0,-1000.0,0.0,-1000.0,-1000.0,1,1000.0,1000.0,10.0,12.0,1.0,1,0.0,financial_services,ChannelId_2,ProviderId_4,19,1,-1000.0,0
CustomerId_2601,21830.0,1819.1666666666667,2231.947613971966,-1000.0,5000.0,12,24170.0,2014.1666666666667,14.833333333333334,8.583333333333334,10.083333333333334,4,0.0,financial_services,ChannelId_3,ProviderId_1,11,12,21830.0,0
CustomerId_2602,6300.0,484.61538461538464,747.8119793171652,-1000.0,2000.0,13,8700.0,669.2307692307693,17.0,23.23076923076923,11.0,5,0.0,airtime,ChannelId_3,ProviderId_1,65,13,6300.0,1
CustomerId_2603,40000.0,5000.0,8982.363672378064,-5000.0,20000.0,8,61400.0,7675.0,11.375,23.0,11.0,4,0.0,financial_services,ChannelId_2,ProviderId_4,69,8,40000.0,1
CustomerId_2604,253434.0,3471.698630136986,7678.31310626981,-5000.0,33500.0,73,280326.0,3840.082191780822,16.328767123287673,21.17808219178082,1.0,6,0.0,financial_services,ChannelId_3,ProviderId_6,7,73,253434.0,0
CustomerId_2605,29000.0,4833.333333333333,6493.586579592719,-5000.0,10000.0,6,41000.0,6833.333333333333,14.0,28.0,12.0,3,0.0,financial_services,ChannelId_3,ProviderId_4,34,6,29000.0,1
CustomerId_2607,46905.0,902.0192307692307,1398.3564931646963,-1000.0,5000.0,52,50495.0,971.0576923076923,11.461538461538462,26.98076923076923,1.0,5,0.0,financial_services,ChannelId_3,ProviderId_6,1,52,46905.0,0
CustomerId_2609,118630.0,2281.346153846154,9122.097503218227,-5000.0,60000.0,52,133170.0,2560.9615384615386,10.326923076923077,21.115384615384617,11.153846153846153,7,0.0,airtime,ChannelId_3,ProviderId_6,27,52,118630.0,0
CustomerId_2612,441746.0,1244.3549295774649,3954.243330903753,-5000.0,35000.0,355,470474.0,1325.2788732394365,10.307042253521127,22.822535211267606,1.0619718309859154,6,0.0,financial_services,ChannelId_3,ProviderId_6,1,355,441746.0,0
CustomerId_2613,500.0,500.0,0.0,500.0,500.0,1,500.0,500.0,8.0,27.0,12.0,1,0.0,financial_services,ChannelId_3,ProviderId_1,36,1,500.0,1
CustomerId_2614,40000.0,5714.285714285715,6237.368187365718,-5000.0,10000.0,7,52000.0,7428.571428571428,11.285714285714286,5.714285714285714,1.0,4,0.0,financial_services,ChannelId_3,ProviderId_6,21,7,40000.0,0
CustomerId_2615,29430.0,2263.846153846154,3531.146033187003,-1000.0,10000.0,13,31570.0,2428.4615384615386,8.0,4.615384615384615,1.0,5,0.0,airtime,ChannelId_3,ProviderId_6,22,13,29430.0,0
CustomerId_2617,40000.0,6666.666666666667,7941.452428030194,-5000.0,16000.0,6,52000.0,8666.666666666666,9.5,25.0,1.0,3,0.0,airtime,ChannelId_3,ProviderId_6,6,6,40000.0,0
CustomerId_2618,19000.0,3166.6666666666665,7626.707459098367,-5000.0,10000.0,6,41000.0,6833.333333333333,19.0,21.0,12.0,3,0.0,airtime,ChannelId_2,ProviderId_4,41,6,19000.0,1
CustomerId_2619,500.0,500.0,0.0,500.0,500.0,1,500.0,500.0,10.0,17.0,1.0,1,0.0,airtime,ChannelId_3,ProviderId_1,14,1,500.0,0
CustomerId_2621,2000.0,2000.0,0.0,2000.0,2000.0,1,2000.0,2000.0,19.0,3.0,12.0,1,0.0,financial_services,ChannelId_3,ProviderId_1,59,1,2000.0,1
CustomerId_2623,48548.0,3236.5333333333333,4660.636833656758,-1000.0,15000.0,15,53252.0,3550.133333333333,8.6,28.866666666666667,12.0,4,0.0,financial_services,ChannelId_3,ProviderId_5,33,15,48548.0,1
CustomerId_2625,1000.0,1000.0,0.0,1000.0,1000.0,1,1000.0,1000.0,20.0,22.0,11.0,1,0.0,financial_services,ChannelId_3,ProviderId_5,70,1,1000.0,1
CustomerId_2626,2000.0,2000.0,0.0,2000.0,2000.0,1,2000.0,2000.0,6.0,15.0,11.0,1,0.0,financial_services,ChannelId_3,ProviderId_1,78,1,2000.0,1
CustomerId_2628,10000.0,10000.0,0.0,10000.0,10000.0,1,10000.0,10000.0,20.0,21.0,11.0,1,0.0,financial_services,ChannelId_3,ProviderId_1,71,1,10000.0,1
CustomerId_2630,159000.0,31800.0,44144.08227611035,-5000.0,80000.0,5,171000.0,34200.0,9.2,15.4,12.0,3,0.0,financial_services,ChannelId_3,ProviderId_1,46,5,159000.0,1
CustomerId_2631,1000.0,1000.0,0.0,1000.0,1000.0,1,1000.0,1000.0,21.0,25.0,1.0,1,0.0,financial_services,ChannelId_3,ProviderId_1,6,1,1000.0,0
CustomerId_2632,29935.0,997.8333333333334,2024.1961818142192,-1000.0,10000.0,30,33436.0,1114.5333333333333,13.3,11.666666666666666,1.0,3,0.0,financial_services,ChannelId_3,ProviderId_4,17,30,29935.0,0
CustomerId_2633,18980.0,2372.5,3971.037108147658,-1000.0,10000.0,8,21380.0,2672.5,9.0,10.0,12.0,3,0.0,financial_services,ChannelId_2,ProviderId_4,49,8,18980.0,1
CustomerId_2634,8500.0,2125.0,5452.44593431853,-2000.0,10000.0,4,19145.0,4786.25,15.5,23.0,9.25,3,0.0,financial_services,ChannelId_2,ProviderId_4,18,4,8500.0,0
CustomerId_2636,82000.0,82000.0,0.0,82000.0,82000.0,1,82000.0,82000.0,11.0,21.0,1.0,1,0.0,transport,ChannelId_3,ProviderId_5,10,1,82000.0,0
CustomerId_2637,39000.0,5571.428571428572,9431.456989902512,-5000.0,20000.0,7,61000.0,8714.285714285714,5.0,21.0,12.0,4,0.0,financial_services,ChannelId_3,ProviderId_4,42,7,39000.0,1
CustomerId_2639,5895.0,982.5,1594.659054469011,-1000.0,3000.0,6,8105.0,1350.8333333333333,15.333333333333334,26.0,1.0,4,0.0,financial_services,ChannelId_2,ProviderId_4,4,6,5895.0,0
CustomerId_2642,11386.5,542.2142857142857,707.5851993122201,-87.5,1800.0,21,12212.0,581.5238095238095,15.19047619047619,16.0,8.619047619047619,4,0.0,financial_services,ChannelId_3,ProviderId_4,11,21,11386.5,0
CustomerId_2643,458194.9,3471.173484848485,4528.687347610183,-5000.0,14000.0,132,552596.0,4186.333333333333,12.212121212121213,17.643939393939394,6.856060606060606,7,0.0,financial_services,ChannelId_3,ProviderId_6,1,132,458194.9,0
CustomerId_2644,3470.0,433.75,326.3187530183158,-20.0,1000.0,8,3530.0,441.25,10.25,17.75,8.75,2,0.0,airtime,ChannelId_3,ProviderId_1,22,8,3470.0,0
CustomerId_2645,1425.0,712.5,1113.6931803688124,-75.0,1500.0,2,1575.0,787.5,16.0,16.0,11.0,2,0.0,airtime,ChannelId_2,ProviderId_4,76,2,1425.0,1
CustomerId_2647,49694.0,871.8245614035088,972.9801077618445,-240.0,5000.0,57,51226.0,898.7017543859649,16.526315789473685,14.771929824561404,7.052631578947368,5,0.0,financial_services,ChannelId_3,ProviderId_6,14,57,49694.0,0
CustomerId_2648,-510.0,-170.0,762.6925986267338,-1000.0,500.0,3,1510.0,503.3333333333333,5.0,21.0,1.0,2,0.0,financial_services,ChannelId_2,ProviderId_4,11,3,-510.0,0
CustomerId_2649,886156.0,2576.0348837209303,6302.033484487045,-5000.0,50000.0,344,1403524.0,4080.0116279069766,12.354651162790697,16.36046511627907,8.930232558139535,7,0.0,airtime,ChannelId_3,ProviderId_3,2,344,886156.0,0
CustomerId_2651,67675.0,1538.0681818181818,4291.46749659285,-1000.0,25000.0,44,70325.0,1598.2954545454545,12.113636363636363,16.84090909090909,1.0,5,0.0,financial_services,ChannelId_3,ProviderId_6,2,44,67675.0,0
CustomerId_2652,2000.0,1000.0,0.0,1000.0,1000.0,2,2000.0,1000.0,11.0,10.0,12.0,1,0.0,airtime,ChannelId_3,ProviderId_5,52,2,2000.0,1
CustomerId_2653,40000.0,6666.666666666667,8891.943919451283,-5000.0,20000.0,6,52000.0,8666.666666666666,7.833333333333333,5.666666666666667,1.0,4,0.0,airtime,ChannelId_3,ProviderId_6,22,6,40000.0,0
CustomerId_2654,7740.0,703.6363636363636,697.1158114298187,-100.0,2000.0,11,8190.0,744.5454545454545,20.545454545454547,17.636363636363637,11.272727272727273,3,0.0,financial_services,ChannelId_3,ProviderId_5,58,11,7740.0,1
CustomerId_2656,310475.0,62095.0,133113.02105729553,-5000.0,300000.0,5,320525.0,64105.0,14.4,13.6,1.0,3,1.0,financial_services,ChannelId_1,ProviderId_4,8,5,310475.0,0
CustomerId_2659,98240.0,1723.5087719298247,2643.193408973908,-1000.0,10500.0,57,103160.0,1809.8245614035088,12.56140350877193,21.210526315789473,12.0,4,0.0,financial_services,ChannelId_3,ProviderId_4,37,57,98240.0,1
CustomerId_2662,800967.3200000001,7930.369504950496,22089.861595825463,-50000.0,115000.0,101,1214749.0,12027.217821782178,11.425742574257425,18.435643564356436,7.702970297029703,9,0.0,financial_services,ChannelId_3,ProviderId_6,2,101,800967.3200000001,0
CustomerId_2665,43600.0,2076.190476190476,5171.90243159176,-10000.0,10000.0,21,74200.0,3533.3333333333335,11.80952380952381,16.666666666666668,11.80952380952381,5,0.0,financial_services,ChannelId_3,ProviderId_4,44,21,43600.0,1
CustomerId_2666,2500.0,2500.0,0.0,2500.0,2500.0,1,2500.0,2500.0,0.0,8.0,1.0,1,0.0,airtime,ChannelId_3,ProviderId_3,24,1,2500.0,0
CustomerId_2667,74000.0,24666.666666666668,47961.7903474561,-5000.0,80000.0,3,86000.0,28666.666666666668,9.0,14.0,12.0,2,0.0,financial_services,ChannelId_2,ProviderId_4,49,3,74000.0,1
CustomerId_2668,4470.0,1117.5,867.1168702468351,-30.0,2000.0,4,4530.0,1132.5,12.5,16.75,11.0,3,0.0,financial_services,ChannelId_3,ProviderId_5,73,4,4470.0,1
CustomerId_2669,990.0,330.0,294.44863728670913,-10.0,500.0,3,1010.0,336.6666666666667,8.0,26.0,11.0,2,0.0,data_bundles,ChannelId_3,ProviderId_1,67,3,990.0,1
CustomerId_2671,5980.0,1993.3333333333333,2653.324958110735,-20.0,5000.0,3,6770.0,2256.6666666666665,14.0,28.666666666666668,11.0,3,0.0,data_bundles,ChannelId_3,ProviderId_6,63,3,5980.0,1
CustomerId_2672,150000.0,50000.0,0.0,50000.0,50000.0,3,150000.0,50000.0,6.0,24.0,1.0,1,0.0,financial_services,ChannelId_3,ProviderId_5,8,3,150000.0,0
CustomerId_2674,100500.0,33500.0,28578.838324886474,500.0,50000.0,3,100500.0,33500.0,19.333333333333332,5.666666666666667,1.0,2,0.0,financial_services,ChannelId_3,ProviderId_5,20,3,100500.0,0
CustomerId_2675,14490.0,391.6216216216216,533.5742347264942,-1000.0,2000.0,37,17410.0,470.5405405405405,14.621621621621621,17.89189189189189,9.027027027027026,4,0.0,financial_services,ChannelId_3,ProviderId_5,1,37,14490.0,0
CustomerId_2676,19450.0,1080.5555555555557,1428.0940495566406,-1000.0,5000.0,18,22150.0,1230.5555555555557,10.944444444444445,18.61111111111111,1.0,3,0.0,airtime,ChannelId_3,ProviderId_6,3,18,19450.0,0
CustomerId_2677,19000.0,3800.0,6685.805860178712,-5000.0,10000.0,5,31000.0,6200.0,13.0,28.0,12.0,3,0.0,financial_services,ChannelId_3,ProviderId_4,34,5,19000.0,1
CustomerId_2679,30000.0,5000.0,6511.528238439882,-5000.0,10000.0,6,42000.0,7000.0,19.0,25.0,1.0,3,0.0,financial_services,ChannelId_3,ProviderId_4,6,6,30000.0,0
CustomerId_2681,45000.0,7500.0,6123.724356957945,-5000.0,10000.0,6,55000.0,9166.666666666666,7.333333333333333,11.5,1.0,3,0.0,airtime,ChannelId_3,ProviderId_6,11,6,45000.0,0
CustomerId_2682,40000.0,3333.3333333333335,4749.800633774649,-5000.0,10000.0,12,52000.0,4333.333333333333,14.25,17.916666666666668,7.416666666666667,4,0.0,airtime,ChannelId_3,ProviderId_6,27,12,40000.0,0
CustomerId_2683,730736.0,10906.507462686568,14129.05234375325,-5000.0,80000.0,67,786264.0,11735.283582089553,13.104477611940299,15.238805970149254,9.044776119402986,5,0.0,airtime,ChannelId_3,ProviderId_3,3,67,730736.0,0
CustomerId_2684,1000.0,1000.0,0.0,1000.0,1000.0,1,1000.0,1000.0,5.0,1.0,1.0,1,0.0,financial_services,ChannelId_3,ProviderId_5,31,1,1000.0,1
CustomerId_2685,80000.0,5714.285714285715,9019.795080638101,-5000.0,20000.0,14,121400.0,8671.42857142857,6.857142857142857,15.142857142857142,11.428571428571429,4,0.0,financial_services,ChannelId_3,ProviderId_4,48,14,80000.0,1
CustomerId_2686,1000.0,1000.0,0.0,1000.0,1000.0,1,1000.0,1000.0,4.0,24.0,1.0,1,0.0,financial_services,ChannelId_3,ProviderId_5,8,1,1000.0,0
CustomerId_2687,20000.0,4000.0,6745.368781616021,-5000.0,10000.0,5,32000.0,6400.0,19.0,25.0,1.0,3,0.0,financial_services,ChannelId_3,ProviderId_4,6,5,20000.0,0
CustomerId_2689,75000.0,5000.0,6047.4315681476355,-5000.0,10000.0,15,107000.0,7133.333333333333,11.333333333333334,17.6,1.0,3,0.0,airtime,ChannelId_3,ProviderId_6,7,15,75000.0,0
CustomerId_2690,1000.0,1000.0,0.0,1000.0,1000.0,1,1000.0,1000.0,16.0,14.0,12.0,1,0.0,financial_services,ChannelId_3,ProviderId_5,48,1,1000.0,1
CustomerId_2691,1000.0,1000.0,0.0,1000.0,1000.0,1,1000.0,1000.0,9.0,30.0,1.0,1,0.0,financial_services,ChannelId_3,ProviderId_5,2,1,1000.0,0
CustomerId_2693,1980.0,396.0,896.7050797224247,-1000.0,1000.0,5,4020.0,804.0,18.4,21.6,1.0,2,0.0,airtime,ChannelId_3,ProviderId_3,9,5,1980.0,0
CustomerId_2694,1000.0,1000.0,0.0,1000.0,1000.0,1,1000.0,1000.0,15.0,8.0,1.0,1,0.0,financial_services,ChannelId_3,ProviderId_3,23,1,1000.0,0
CustomerId_2696,205884.0,807.3882352941176,1926.6640385648047,-1000.0,20000.0,255,217197.0,851.7529411764706,13.784313725490197,20.24705882352941,9.717647058823529,6,0.0,financial_services,ChannelId_3,ProviderId_4,1,255,205884.0,0
CustomerId_2697,15955.0,514.6774193548387,1011.4971869163971,-1000.0,4500.0,31,24595.0,793.3870967741935,13.0,19.032258064516128,1.0,6,0.0,financial_services,ChannelId_3,ProviderId_5,1,31,15955.0,0
CustomerId_2698,500.0,500.0,0.0,500.0,500.0,1,500.0,500.0,8.0,30.0,12.0,1,0.0,financial_services,ChannelId_3,ProviderId_5,33,1,500.0,1
CustomerId_2700,3200.0,1600.0,16404.877323527904,-10000.0,13200.0,2,23200.0,11600.0,15.5,16.0,6.5,2,0.0,airtime,ChannelId_3,ProviderId_4,2,2,3200.0,0
CustomerId_2701,20000.0,3333.3333333333335,7814.516406449389,-5000.0,11000.0,6,42000.0,7000.0,12.166666666666666,25.166666666666668,1.0,3,0.0,airtime,ChannelId_2,ProviderId_4,5,6,20000.0,0
CustomerId_2703,500000.0,500000.0,0.0,500000.0,500000.0,1,500000.0,500000.0,12.0,2.0,1.0,1,1.0,financial_services,ChannelId_3,ProviderId_3,29,1,500000.0,0
CustomerId_2704,60000.0,4285.714285714285,6182.214831254267,-5000.0,10000.0,14,92000.0,6571.428571428572,8.857142857142858,17.5,1.0,4,0.0,airtime,ChannelId_3,ProviderId_6,7,14,60000.0,0
CustomerId_2705,160000.0,160000.0,0.0,160000.0,160000.0,1,160000.0,160000.0,12.0,15.0,12.0,1,0.0,ticket,ChannelId_3,ProviderId_5,47,1,160000.0,1
CustomerId_2706,169359.0,1136.6375838926174,3501.120782354125,-250.0,30000.0,149,177841.0,1193.5637583892617,12.201342281879194,15.234899328859061,8.21476510067114,5,0.0,airtime,ChannelId_3,ProviderId_4,1,149,169359.0,0
CustomerId_2707,4464.9,1116.225,894.4039742569722,-77.1,2000.0,4,4620.0,1155.0,18.25,24.0,11.0,3,0.0,financial_services,ChannelId_3,ProviderId_5,66,4,4464.9,1
CustomerId_2708,450.0,112.5,856.7136822377319,-1000.0,1000.0,4,2550.0,637.5,9.5,22.75,1.0,3,0.0,financial_services,ChannelId_2,ProviderId_4,9,4,450.0,0
CustomerId_2709,8025.0,573.2142857142857,814.1206845492803,-50.0,3000.0,14,8275.0,591.0714285714286,5.214285714285714,21.0,11.142857142857142,5,0.0,financial_services,ChannelId_3,ProviderId_4,62,14,8025.0,1
CustomerId_2710,663458.0,3996.734939759036,12680.79727211937,-5000.0,100000.0,166,790478.0,4761.915662650603,9.975903614457831,18.05421686746988,9.22289156626506,10,0.0,airtime,ChannelId_3,ProviderId_4,3,166,663458.0,0
CustomerId_2712,500.0,500.0,0.0,500.0,500.0,1,500.0,500.0,10.0,20.0,1.0,1,0.0,airtime,ChannelId_3,ProviderId_5,12,1,500.0,0
CustomerId_2713,15000.0,7500.0,3535.5339059327375,5000.0,10000.0,2,15000.0,7500.0,14.0,22.0,1.0,2,0.0,airtime,ChannelId_3,ProviderId_5,9,2,15000.0,0
CustomerId_2717,1000.0,1000.0,0.0,1000.0,1000.0,1,1000.0,1000.0,8.0,15.0,1.0,1,0.0,airtime,ChannelId_3,ProviderId_5,17,1,1000.0,0
CustomerId_2719,500.0,500.0,0.0,500.0,500.0,1,500.0,500.0,12.0,26.0,11.0,1,0.0,airtime,ChannelId_3,ProviderId_5,66,1,500.0,1
CustomerId_2720,19000.0,3166.6666666666665,7626.707459098367,-5000.0,10000.0,6,41000.0,6833.333333333333,8.0,21.0,12.0,3,0.0,airtime,ChannelId_2,ProviderId_4,42,6,19000.0,1
CustomerId_2722,37000.0,9250.0,17442.76354251241,-2000.0,35000.0,4,57000.0,14250.0,9.75,28.0,12.0,3,0.0,financial_services,ChannelId_2,ProviderId_4,33,4,37000.0,1
CustomerId_2723,4890.0,1222.5,1530.5853999913454,-60.0,3000.0,4,5110.0,1277.5,6.25,24.5,11.0,3,0.0,airtime,ChannelId_2,ProviderId_4,68,4,4890.0,1
CustomerId_2724,20000.0,20000.0,0.0,20000.0,20000.0,1,20000.0,20000.0,21.0,6.0,1.0,1,0.0,financial_services,ChannelId_3,ProviderId_5,25,1,20000.0,0
CustomerId_2727,662.5,220.83333333333334,1400.6880749593513,-1000.0,1750.0,3,2838.0,946.0,19.0,15.0,1.0,2,0.0,financial_services,ChannelId_2,ProviderId_4,16,3,662.5,0
CustomerId_2728,1188336.6,2168.4974452554748,5396.024067600952,-10000.0,50000.0,548,1273898.0,2324.631386861314,8.284671532846716,15.625912408759124,9.69890510948905,10,0.0,financial_services,ChannelId_3,ProviderId_6,1,548,1188336.6,0
CustomerId_2730,10000.0,10000.0,0.0,10000.0,10000.0,1,10000.0,10000.0,17.0,3.0,12.0,1,0.0,financial_services,ChannelId_3,ProviderId_5,59,1,10000.0,1
CustomerId_2731,2000000.0,1000000.0,0.0,1000000.0,1000000.0,2,2000000.0,1000000.0,21.0,27.0,12.0,1,0.0,financial_services,ChannelId_3,ProviderId_5,35,2,2000000.0,1
CustomerId_2732,1000.0,1000.0,0.0,1000.0,1000.0,1,1000.0,1000.0,11.0,6.0,1.0,1,0.0,financial_services,ChannelId_3,ProviderId_5,25,1,1000.0,0
CustomerId_2733,19000.0,3800.0,6685.805860178712,-5000.0,10000.0,5,31000.0,6200.0,14.8,21.0,12.0,3,0.0,financial_services,ChannelId_3,ProviderId_4,41,5,19000.0,1
CustomerId_2734,20000.0,5000.0,9695.359714832657,-5000.0,16000.0,4,33200.0,8300.0,9.5,21.0,12.0,3,0.0,financial_services,ChannelId_2,ProviderId_4,41,4,20000.0,1
CustomerId_2735,3970.0,441.1111111111111,395.14062194503754,-10.0,1000.0,9,4030.0,447.77777777777777,8.88888888888889,24.444444444444443,1.0,3,0.0,financial_services,ChannelId_3,ProviderId_5,2,9,3970.0,0
CustomerId_2736,57750.0,7218.75,11496.457140602677,-5000.0,25000.0,8,70970.0,8871.25,14.125,18.625,6.5,4,0.0,financial_services,ChannelId_3,ProviderId_4,19,8,57750.0,0
CustomerId_2737,20000.0,3333.3333333333335,7814.516406449389,-5000.0,11000.0,6,42000.0,7000.0,12.0,25.166666666666668,1.0,3,0.0,airtime,ChannelId_2,ProviderId_4,5,6,20000.0,0
CustomerId_2738,55930.0,3107.222222222222,2703.1132499083474,-1000.0,10000.0,18,58070.0,3226.1111111111113,14.833333333333334,12.777777777777779,1.0,4,0.0,financial_services,ChannelId_3,ProviderId_6,4,18,55930.0,0
CustomerId_2739,360214.0,6549.345454545454,40465.39973681136,-5000.0,300000.0,55,414386.0,7534.290909090909,10.618181818181819,14.690909090909091,6.3090909090909095,6,0.0,airtime,ChannelId_3,ProviderId_4,1,55,360214.0,0
CustomerId_2740,3900.0,975.0,1844.5866745696717,-1000.0,3000.0,4,6100.0,1525.0,5.0,27.25,12.0,3,0.0,financial_services,ChannelId_2,ProviderId_4,34,4,3900.0,1
CustomerId_2741,1000.0,1000.0,0.0,1000.0,1000.0,1,1000.0,1000.0,22.0,24.0,12.0,1,0.0,financial_services,ChannelId_3,ProviderId_5,38,1,1000.0,1
CustomerId_2742,1000.0,1000.0,0.0,1000.0,1000.0,1,1000.0,1000.0,12.0,24.0,11.0,1,0.0,airtime,ChannelId_3,ProviderId_1,68,1,1000.0,1
CustomerId_2743,182539.8,2199.2746987951805,4075.5929180751405,-5000.0,20000.0,83,197629.0,2381.0722891566265,13.337349397590362,6.373493975903615,9.08433734939759,6,0.0,airtime,ChannelId_3,ProviderId_6,11,83,182539.8,0
CustomerId_2745,75910.0,3300.4347826086955,4901.057843383377,-5000.0,10000.0,23,96490.0,4195.217391304348,13.782608695652174,17.217391304347824,11.391304347826088,4,0.0,airtime,ChannelId_3,ProviderId_6,41,23,75910.0,1
CustomerId_2746,41850.0,3804.5454545454545,6919.481719950366,-1000.0,20000.0,11,44150.0,4013.6363636363635,11.181818181818182,14.454545454545455,1.0,4,0.0,airtime,ChannelId_3,ProviderId_6,5,11,41850.0,0
CustomerId_2747,123456.0,8818.285714285714,8442.358651727349,-5000.0,18500.0,14,140209.0,10014.92857142857,9.285714285714286,17.214285714285715,11.285714285714286,5,0.0,airtime,ChannelId_3,ProviderId_5,56,14,123456.0,1
CustomerId_2749,34500.0,11500.0,19943.67067517913,-1000.0,34500.0,3,36500.0,12166.666666666666,20.333333333333332,14.666666666666666,1.0,3,0.0,data_bundles,ChannelId_3,ProviderId_4,1,3,34500.0,0
CustomerId_2750,46731.0,1947.125,3433.588961656403,-644.0,14000.0,24,51089.0,2128.7083333333335,11.791666666666666,17.916666666666668,5.458333333333333,4,0.0,airtime,ChannelId_3,ProviderId_5,3,24,46731.0,0
CustomerId_2751,580.0,290.0,20916.218587498075,-14500.0,15080.0,2,29580.0,14790.0,14.5,4.5,1.0,2,0.0,airtime,ChannelId_3,ProviderId_3,26,2,580.0,0
CustomerId_2753,279001.0,4810.362068965517,10969.594479380028,-5000.0,55000.0,58,531001.0,9155.189655172413,17.310344827586206,7.0,12.0,2,0.0,airtime,ChannelId_3,ProviderId_5,55,58,279001.0,1
CustomerId_2754,500.0,500.0,0.0,500.0,500.0,1,500.0,500.0,10.0,23.0,11.0,1,0.0,financial_services,ChannelId_3,ProviderId_5,70,1,500.0,1
CustomerId_2756,20000.0,4000.0,6745.368781616021,-5000.0,10000.0,5,32000.0,6400.0,12.0,25.0,1.0,3,0.0,financial_services,ChannelId_3,ProviderId_4,6,5,20000.0,0
CustomerId_2757,39000.0,4333.333333333333,6442.049363362563,-5000.0,10000.0,9,61000.0,6777.777777777777,11.666666666666666,24.11111111111111,12.0,3,0.0,financial_services,ChannelId_3,ProviderId_6,34,9,39000.0,1
CustomerId_2758,25000.0,6250.0,7500.0,-5000.0,10000.0,4,35000.0,8750.0,12.0,23.0,11.0,3,0.0,financial_services,ChannelId_3,ProviderId_5,69,4,25000.0,1
CustomerId_2760,19000.0,3166.6666666666665,7626.707459098367,-5000.0,10000.0,6,41000.0,6833.333333333333,18.0,28.0,12.0,3,0.0,airtime,ChannelId_2,ProviderId_4,34,6,19000.0,1
CustomerId_2761,40000.0,5714.285714285715,8562.793269221707,-5000.0,20000.0,7,53000.0,7571.428571428572,16.142857142857142,11.714285714285714,1.0,4,0.0,financial_services,ChannelId_3,ProviderId_4,17,7,40000.0,0
CustomerId_2762,15175.0,1264.5833333333333,1681.3812751497628,-175.0,5000.0,12,15825.0,1318.75,14.75,13.666666666666666,11.583333333333334,4,0.0,airtime,ChannelId_3,ProviderId_4,48,12,15175.0,1
CustomerId_2764,-50500.0,-12625.0,22080.81746675154,-40000.0,10000.0,4,73700.0,18425.0,13.25,27.5,6.5,4,0.0,airtime,ChannelId_5,ProviderId_4,5,4,-50500.0,0
CustomerId_2767,500.0,500.0,0.0,500.0,500.0,1,500.0,500.0,13.0,24.0,11.0,1,0.0,airtime,ChannelId_3,ProviderId_5,68,1,500.0,1
CustomerId_2769,2000.0,666.6666666666666,3785.9388972001825,-2000.0,5000.0,3,10000.0,3333.3333333333335,12.0,19.0,12.0,2,0.0,financial_services,ChannelId_2,ProviderId_4,43,3,2000.0,1
CustomerId_2771,1000.0,1000.0,0.0,1000.0,1000.0,1,1000.0,1000.0,18.0,15.0,1.0,1,0.0,financial_services,ChannelId_3,ProviderId_5,16,1,1000.0,0
CustomerId_2772,47785.0,1016.7021276595744,1815.9861605833223,-1000.0,10000.0,47,51215.0,1089.6808510638298,11.574468085106384,20.319148936170212,1.0,4,0.0,financial_services,ChannelId_3,ProviderId_4,1,47,47785.0,0
CustomerId_2773,15035.0,939.6875,4607.119298343236,-12000.0,12600.0,16,39165.0,2447.8125,13.6875,16.1875,10.6875,4,0.0,financial_services,ChannelId_3,ProviderId_5,23,16,15035.0,0
CustomerId_2774,667035.0,2912.8165938864627,11458.17239382292,-5000.0,120000.0,229,722584.0,3155.3886462882097,12.602620087336245,23.017467248908297,7.820960698689956,9,0.0,financial_services,ChannelId_3,ProviderId_4,3,229,667035.0,0
CustomerId_2775,133950.0,6378.571428571428,12155.148820855418,-5000.0,50000.0,21,180050.0,8573.809523809523,9.857142857142858,23.0,9.619047619047619,6,0.0,financial_services,ChannelId_3,ProviderId_4,9,21,133950.0,0
CustomerId_2776,239000.0,15933.333333333334,33274.758057866085,-5000.0,80000.0,15,271000.0,18066.666666666668,13.933333333333334,17.2,12.0,4,0.0,data_bundles,ChannelId_3,ProviderId_6,39,15,239000.0,1
CustomerId_2777,20000.0,3333.3333333333335,7814.516406449389,-5000.0,11000.0,6,42000.0,7000.0,12.0,11.0,1.0,3,0.0,airtime,ChannelId_2,ProviderId_4,20,6,20000.0,0
CustomerId_2782,132000.0,3384.6153846153848,4942.797575714984,-5000.0,10185.0,39,164790.0,4225.384615384615,13.179487179487179,21.53846153846154,6.641025641025641,4,0.0,financial_services,ChannelId_3,ProviderId_6,6,39,132000.0,0
CustomerId_2783,16600.0,1660.0,2117.2978061670965,-250.0,5000.0,10,17760.0,1776.0,13.5,19.0,11.5,3,0.0,airtime,ChannelId_3,ProviderId_4,42,10,16600.0,1
CustomerId_2785,19000.0,3166.6666666666665,7626.707459098367,-5000.0,10000.0,6,41000.0,6833.333333333333,11.0,28.0,12.0,3,0.0,airtime,ChannelId_2,ProviderId_4,34,6,19000.0,1
CustomerId_2786,7418.0,1236.3333333333333,2735.280729041659,-1000.0,6600.0,6,9782.0,1630.3333333333333,14.666666666666666,2.3333333333333335,1.0,3,0.0,financial_services,ChannelId_2,ProviderId_4,27,6,7418.0,0
CustomerId_2787,23000.0,696.969696969697,856.1760363984912,-1000.0,2100.0,33,27800.0,842.4242424242424,9.515151515151516,14.454545454545455,1.0,4,0.0,airtime,ChannelId_3,ProviderId_5,16,33,23000.0,0
CustomerId_2788,20000.0,20000.0,0.0,20000.0,20000.0,1,20000.0,20000.0,16.0,4.0,1.0,1,0.0,financial_services,ChannelId_3,ProviderId_5,27,1,20000.0,0
CustomerId_2790,980.0,245.0,959.218431849597,-1000.0,1000.0,4,3020.0,755.0,19.25,16.75,12.0,3,0.0,financial_services,ChannelId_2,ProviderId_4,45,4,980.0,1
CustomerId_2791,2000.0,2000.0,0.0,2000.0,2000.0,1,2000.0,2000.0,19.0,13.0,1.0,1,0.0,financial_services,ChannelId_3,ProviderId_5,18,1,2000.0,0
CustomerId_2793,141788.0,1997.0140845070423,5417.858682154675,-11000.0,23000.0,71,192080.0,2705.3521126760565,12.43661971830986,18.985915492957748,10.070422535211268,9,0.0,financial_services,ChannelId_3,ProviderId_6,8,71,141788.0,0
CustomerId_2794,20000.0,4000.0,6745.368781616021,-5000.0,10000.0,5,32000.0,6400.0,9.0,25.0,1.0,3,0.0,financial_services,ChannelId_3,ProviderId_4,7,5,20000.0,0
CustomerId_2796,1000.0,1000.0,0.0,1000.0,1000.0,1,1000.0,1000.0,17.0,4.0,12.0,1,0.0,airtime,ChannelId_3,ProviderId_5,58,1,1000.0,1
CustomerId_2797,227873.0,9494.708333333334,21173.855122233144,-5000.0,100000.0,24,281907.0,11746.125,15.875,21.291666666666668,8.791666666666666,6,0.0,financial_services,ChannelId_3,ProviderId_4,5,24,227873.0,0
CustomerId_2798,19245.0,663.6206896551724,1041.5378795591882,-1000.0,5000.0,29,22556.0,777.7931034482758,10.379310344827585,16.724137931034484,1.0,4,0.0,airtime,ChannelId_3,ProviderId_5,1,29,19245.0,0
CustomerId_2799,950.0,475.0,742.4621202458749,-50.0,1000.0,2,1050.0,525.0,14.0,22.0,11.0,2,0.0,airtime,ChannelId_2,ProviderId_4,70,2,950.0,1
CustomerId_2800,20000.0,4000.0,6745.368781616021,-5000.0,10000.0,5,32000.0,6400.0,13.0,25.0,1.0,3,0.0,financial_services,ChannelId_3,ProviderId_4,6,5,20000.0,0
CustomerId_2801,19000.0,3800.0,6685.805860178712,-5000.0,10000.0,5,31000.0,6200.0,14.0,28.0,12.0,3,0.0,financial_services,ChannelId_3,ProviderId_4,34,5,19000.0,1
CustomerId_2802,85675.0,2089.6341463414633,2020.7515279729166,-1000.0,10000.0,41,89325.0,2178.6585365853657,15.24390243902439,18.5609756097561,5.2926829268292686,5,0.0,financial_services,ChannelId_3,ProviderId_6,8,41,85675.0,0
CustomerId_2803,3960.0,440.0,1016.021653312566,-1000.0,2000.0,9,8670.0,963.3333333333334,13.11111111111111,18.11111111111111,2.2222222222222223,4,0.0,financial_services,ChannelId_3,ProviderId_4,12,9,3960.0,0
CustomerId_2804,10000.0,10000.0,0.0,10000.0,10000.0,1,10000.0,10000.0,10.0,28.0,1.0,1,0.0,airtime,ChannelId_3,ProviderId_5,3,1,10000.0,0
CustomerId_2806,188.0,47.0,755.27213638529,-1000.0,600.0,4,2212.0,553.0,6.0,8.0,12.0,2,0.0,data_bundles,ChannelId_2,ProviderId_4,55,4,188.0,1
CustomerId_2807,134914.0,4652.206896551724,7058.913703251424,-10000.0,20000.0,29,186086.0,6416.758620689655,14.620689655172415,14.793103448275861,11.413793103448276,5,0.0,financial_services,ChannelId_3,ProviderId_4,53,29,134914.0,1
CustomerId_2808,6400.0,1280.0,2288.176129584434,-250.0,5000.0,5,7600.0,1520.0,10.4,19.6,1.0,2,0.0,financial_services,ChannelId_2,ProviderId_4,8,5,6400.0,0
CustomerId_2809,117919.6,1814.1476923076923,3426.8007007770602,-5000.0,20000.0,65,139332.0,2143.5692307692307,9.723076923076922,15.661538461538461,11.046153846153846,8,0.0,financial_services,ChannelId_3,ProviderId_4,17,65,117919.6,0
CustomerId_2810,320000.0,64000.0,67026.11431375088,-5000.0,160000.0,5,330000.0,66000.0,10.8,15.8,12.0,3,0.0,ticket,ChannelId_3,ProviderId_6,44,5,320000.0,1
CustomerId_2811,4000.0,4000.0,0.0,4000.0,4000.0,1,4000.0,4000.0,9.0,7.0,12.0,1,0.0,airtime,ChannelId_3,ProviderId_6,56,1,4000.0,1
CustomerId_2812,25000.0,12500.0,3535.5339059327375,10000.0,15000.0,2,25000.0,12500.0,0.0,29.0,1.0,1,0.0,airtime,ChannelId_3,ProviderId_5,3,2,25000.0,0
CustomerId_2815,34135.0,578.5593220338983,663.095568895757,-100.0,2000.0,59,37465.0,635.0,10.983050847457626,17.0,5.8474576271186445,4,0.0,airtime,ChannelId_3,ProviderId_4,2,59,34135.0,0
CustomerId_2816,205693.4,1088.3248677248678,2012.0009740928676,-750.1,16000.0,189,225177.0,1191.4126984126983,11.529100529100528,19.77777777777778,7.534391534391534,9,0.0,airtime,ChannelId_3,ProviderId_5,1,189,205693.4,0
CustomerId_2818,78684.5,1605.8061224489795,2965.802875445939,-10000.0,10000.0,49,104866.0,2140.122448979592,13.755102040816327,19.775510204081634,1.2244897959183674,7,0.0,financial_services,ChannelId_3,ProviderId_4,2,49,78684.5,0
CustomerId_2820,65091.0,5007.0,25944.232730994376,-50000.0,58500.0,13,245091.0,18853.153846153848,13.538461538461538,14.692307692307692,8.23076923076923,2,0.0,financial_services,ChannelId_3,ProviderId_5,2,13,65091.0,0
CustomerId_2822,146500.0,9766.666666666666,13282.462479668802,-5000.0,30000.0,15,177500.0,11833.333333333334,14.333333333333334,16.4,8.333333333333334,4,0.0,financial_services,ChannelId_3,ProviderId_4,5,15,146500.0,0
CustomerId_2824,19000.0,3166.6666666666665,7626.707459098367,-5000.0,10000.0,6,41000.0,6833.333333333333,11.166666666666666,28.0,12.0,3,0.0,airtime,ChannelId_2,ProviderId_4,34,6,19000.0,1
CustomerId_2825,8900.0,2225.0,3225.2906845740276,-1000.0,5000.0,4,11100.0,2775.0,15.75,25.5,1.0,3,0.0,financial_services,ChannelId_2,ProviderId_4,1,4,8900.0,0
CustomerId_2826,14000.0,14000.0,0.0,14000.0,14000.0,1,14000.0,14000.0,6.0,30.0,12.0,1,0.0,airtime,ChannelId_3,ProviderId_5,33,1,14000.0,1
CustomerId_2828,20000.0,3333.3333333333335,7814.516406449389,-5000.0,11000.0,6,42000.0,7000.0,13.666666666666666,25.166666666666668,1.0,3,0.0,airtime,ChannelId_2,ProviderId_4,5,6,20000.0,0
CustomerId_2829,16000.0,2285.714285714286,5154.748157905347,-5000.0,10000.0,7,40000.0,5714.285714285715,10.428571428571429,15.0,12.0,3,0.0,financial_services,ChannelId_3,ProviderId_4,47,7,16000.0,1
CustomerId_2831,34000.0,3090.909090909091,4013.590548487612,-5000.0,10000.0,11,46000.0,4181.818181818182,18.0,14.0,12.0,3,0.0,financial_services,ChannelId_3,ProviderId_1,48,11,34000.0,1
CustomerId_2832,75000.0,37500.0,60104.07640085654,-5000.0,80000.0,2,85000.0,42500.0,9.0,14.0,12.0,2,0.0,financial_services,ChannelId_2,ProviderId_3,49,2,75000.0,1
CustomerId_2833,9378.0,4689.0,7510.888229763508,-622.0,10000.0,2,11822.0,5911.0,17.0,31.0,12.0,2,0.0,financial_services,ChannelId_2,ProviderId_4,31,2,9378.0,1
CustomerId_2834,-1000.0,-1000.0,0.0,-1000.0,-1000.0,1,1000.0,1000.0,13.0,8.0,12.0,1,0.0,financial_services,ChannelId_2,ProviderId_4,54,1,-1000.0,1
CustomerId_2835,-180000.0,-45000.0,80208.06277010642,-100000.0,70000.0,4,320000.0,80000.0,16.0,3.0,1.0,1,0.0,airtime,ChannelId_5,ProviderId_4,28,4,-180000.0,0
CustomerId_2836,49750.0,3826.923076923077,5489.938349100386,-5000.0,10000.0,13,72250.0,5557.692307692308,13.23076923076923,18.53846153846154,1.0,4,0.0,financial_services,ChannelId_3,ProviderId_6,6,13,49750.0,0
CustomerId_2838,40622.32,864.3046808510638,930.3341990845597,-100.0,3000.0,47,43380.0,922.9787234042553,11.106382978723405,15.808510638297872,7.74468085106383,6,0.0,airtime,ChannelId_3,ProviderId_5,9,47,40622.32,0
CustomerId_2839,2900.0,725.0,1517.3990905493517,-1000.0,2000.0,4,5100.0,1275.0,7.0,25.25,1.0,2,0.0,airtime,ChannelId_2,ProviderId_4,6,4,2900.0,0
CustomerId_2840,2000.0,2000.0,0.0,2000.0,2000.0,1,2000.0,2000.0,16.0,10.0,12.0,1,0.0,airtime,ChannelId_3,ProviderId_3,52,1,2000.0,1
CustomerId_2841,500.0,500.0,0.0,500.0,500.0,1,500.0,500.0,15.0,24.0,1.0,1,0.0,airtime,ChannelId_3,ProviderId_5,7,1,500.0,0
CustomerId_2844,121230.0,5270.869565217391,6729.4535189740045,-5000.0,15000.0,23,133770.0,5816.086956521739,10.434782608695652,15.478260869565217,1.0,3,0.0,airtime,ChannelId_3,ProviderId_5,11,23,121230.0,0
CustomerId_2845,558299.0,5075.445454545455,8594.518747793374,-5000.0,34000.0,110,821711.0,7470.1,8.154545454545454,18.836363636363636,8.918181818181818,6,0.0,financial_services,ChannelId_3,ProviderId_6,7,110,558299.0,0
CustomerId_2846,237656.0,1814.1679389312976,2979.619026118999,-1000.0,30000.0,131,249344.0,1903.3893129770993,11.885496183206106,18.53435114503817,5.366412213740458,5,0.0,financial_services,ChannelId_3,ProviderId_6,3,131,237656.0,0
CustomerId_2847,48500.0,12125.0,19262.98263509574,-1000.0,40000.0,4,51500.0,12875.0,5.0,2.0,1.0,3,0.0,financial_services,ChannelId_2,ProviderId_4,30,4,48500.0,0
CustomerId_2849,231326.0,23132.6,23358.304348656056,-1629.0,52000.0,10,246724.0,24672.4,11.1,20.4,11.0,4,0.0,financial_services,ChannelId_3,ProviderId_5,71,10,231326.0,1
CustomerId_2850,15308.0,1913.5,3762.5585140205553,-1000.0,10000.0,8,19442.0,2430.25,12.5,25.75,11.5,5,0.0,financial_services,ChannelId_2,ProviderId_4,31,8,15308.0,1
CustomerId_2851,800.0,800.0,0.0,800.0,800.0,1,800.0,800.0,21.0,14.0,12.0,1,0.0,financial_services,ChannelId_3,ProviderId_5,48,1,800.0,1
CustomerId_2852,418870.0,5370.128205128205,8996.005822728817,-5000.0,40000.0,78,513420.0,6582.307692307692,13.615384615384615,21.53846153846154,4.102564102564102,8,0.0,airtime,ChannelId_3,ProviderId_6,1,78,418870.0,0
CustomerId_2853,5700.0,950.0,1150.2173707608488,-100.0,2000.0,6,6300.0,1050.0,9.0,16.666666666666668,11.666666666666666,2,0.0,airtime,ChannelId_2,ProviderId_4,35,6,5700.0,1
CustomerId_2857,30160.0,754.0,1173.912044055894,-1000.0,5000.0,40,34440.0,861.0,12.125,21.4,7.325,3,0.0,airtime,ChannelId_3,ProviderId_5,1,40,30160.0,0
CustomerId_2858,91900.0,3282.1428571428573,5584.6219787468735,-5000.0,20000.0,28,128300.0,4582.142857142857,8.892857142857142,14.142857142857142,9.464285714285714,2,0.0,airtime,ChannelId_3,ProviderId_5,4,28,91900.0,0
CustomerId_2859,218534.72,1560.9622857142858,4003.7745191250146,-5000.0,10100.0,140,426892.0,3049.2285714285713,11.785714285714286,16.864285714285714,8.471428571428572,10,0.0,airtime,ChannelId_3,ProviderId_6,1,140,218534.72,0
CustomerId_2860,2000.0,1000.0,0.0,1000.0,1000.0,2,2000.0,1000.0,8.5,21.0,11.0,2,0.0,airtime,ChannelId_3,ProviderId_5,71,2,2000.0,1
CustomerId_2862,85778.0,5361.125,4808.466864119304,-1000.0,10000.0,16,91386.0,5711.625,13.625,14.4375,1.0,4,0.0,financial_services,ChannelId_3,ProviderId_5,4,16,85778.0,0
CustomerId_2864,20000.0,3333.3333333333335,5988.878581726855,-5000.0,10000.0,6,32000.0,5333.333333333333,15.0,25.0,1.0,4,0.0,airtime,ChannelId_3,ProviderId_6,6,6,20000.0,0
CustomerId_2865,1000.0,1000.0,0.0,1000.0,1000.0,1,1000.0,1000.0,21.0,3.0,1.0,1,0.0,financial_services,ChannelId_3,ProviderId_5,28,1,1000.0,0
CustomerId_2866,66880.0,1967.0588235294117,2234.558161752144,-250.0,5000.0,34,72120.0,2121.176470588235,12.764705882352942,22.38235294117647,9.647058823529411,5,0.0,airtime,ChannelId_3,ProviderId_5,1,34,66880.0,0
CustomerId_2868,1015.0,507.5,10.606601717798213,500.0,515.0,2,1015.0,507.5,7.5,24.0,12.0,1,0.0,financial_services,ChannelId_3,ProviderId_5,39,2,1015.0,1
CustomerId_2871,18370.0,1148.125,1229.1526552873734,-40.0,4000.0,16,18630.0,1164.375,17.0,13.25,7.1875,3,0.0,financial_services,ChannelId_3,ProviderId_4,13,16,18370.0,0
CustomerId_2872,19000.0,3166.6666666666665,7626.707459098367,-5000.0,10000.0,6,41000.0,6833.333333333333,18.0,21.0,12.0,3,0.0,airtime,ChannelId_2,ProviderId_4,41,6,19000.0,1
CustomerId_2874,1000.0,1000.0,0.0,1000.0,1000.0,1,1000.0,1000.0,14.0,26.0,1.0,1,0.0,airtime,ChannelId_3,ProviderId_5,5,1,1000.0,0
CustomerId_2875,10000.0,10000.0,0.0,10000.0,10000.0,1,10000.0,10000.0,4.0,12.0,1.0,1,0.0,financial_services,ChannelId_3,ProviderId_1,20,1,10000.0,0
CustomerId_2876,1631905.0,4771.652046783625,54194.829959877534,-5000.0,1000000.0,342,1660213.0,4854.423976608187,17.435672514619885,14.596491228070175,1.0,10,0.0,airtime,ChannelId_3,ProviderId_6,1,342,1631905.0,0
CustomerId_2877,3899000.0,229352.9411764706,523017.3205994796,-1000.0,2000000.0,17,3901000.0,229470.58823529413,12.294117647058824,9.764705882352942,1.0,3,1.0,financial_services,ChannelId_3,ProviderId_3,21,17,3899000.0,0
CustomerId_2879,13060.0,593.6363636363636,655.4699909918905,-100.0,2000.0,22,13940.0,633.6363636363636,14.863636363636363,21.363636363636363,9.0,4,0.0,airtime,ChannelId_3,ProviderId_5,5,22,13060.0,0
CustomerId_2880,10000.0,10000.0,0.0,10000.0,10000.0,1,10000.0,10000.0,14.0,14.0,12.0,1,0.0,financial_services,ChannelId_3,ProviderId_5,48,1,10000.0,1
CustomerId_2883,203854.6,3920.2807692307692,6810.666490463969,-5000.0,30000.0,52,246026.0,4731.2692307692305,10.23076923076923,16.615384615384617,2.1538461538461537,7,0.0,airtime,ChannelId_3,ProviderId_6,1,52,203854.6,0
CustomerId_2884,3568.25,446.03125,433.1623012694796,-31.75,1000.0,8,3702.0,462.75,9.5,25.875,1.0,4,0.0,financial_services,ChannelId_3,ProviderId_4,2,8,3568.25,0
CustomerId_2885,95500.0,31833.333333333332,50424.03527419571,500.0,90000.0,3,95500.0,31833.333333333332,6.666666666666667,13.0,1.0,2,0.0,financial_services,ChannelId_3,ProviderId_5,19,3,95500.0,0
CustomerId_2886,57000.0,4384.615384615385,5635.282624359692,-5000.0,10000.0,13,79000.0,6076.923076923077,16.0,24.923076923076923,7.769230769230769,3,0.0,financial_services,ChannelId_3,ProviderId_6,7,13,57000.0,0
CustomerId_2887,-20.0,-6.666666666666667,1000.0666644445926,-1000.0,1000.0,3,2020.0,673.3333333333334,9.0,29.0,1.0,2,0.0,financial_services,ChannelId_2,ProviderId_4,3,3,-20.0,0
CustomerId_2889,2415833.0,45581.75471698113,34941.36040068014,-5000.0,115000.0,53,2430307.0,45854.84905660377,12.20754716981132,22.0,12.0,7,0.0,financial_services,ChannelId_3,ProviderId_5,32,53,2415833.0,0
CustomerId_2890,20000.0,4000.0,6745.368781616021,-5000.0,10000.0,5,32000.0,6400.0,11.0,25.0,1.0,3,0.0,financial_services,ChannelId_3,ProviderId_4,6,5,20000.0,0
CustomerId_2893,46357.5,15452.5,29798.454553046875,-2492.5,49850.0,3,53343.0,17781.0,7.0,20.0,1.0,2,0.0,financial_services,ChannelId_2,ProviderId_4,12,3,46357.5,0
CustomerId_2894,391000.0,27928.571428571428,21003.531885098557,1000.0,50000.0,14,391000.0,27928.571428571428,10.357142857142858,5.142857142857143,1.0,6,0.0,airtime,ChannelId_3,ProviderId_5,25,14,391000.0,0
CustomerId_2895,49475.0,2603.9473684210525,7240.78083936689,-5000.0,30000.0,19,63525.0,3343.4210526315787,15.210526315789474,15.578947368421053,3.8947368421052633,4,0.0,airtime,ChannelId_3,ProviderId_4,7,19,49475.0,0
CustomerId_2896,32000.0,16000.0,19798.98987322333,2000.0,30000.0,2,32000.0,16000.0,13.5,30.0,12.0,2,0.0,airtime,ChannelId_3,ProviderId_5,32,2,32000.0,1
CustomerId_2898,950.0,475.0,742.4621202458749,-50.0,1000.0,2,1050.0,525.0,10.0,16.0,12.0,2,0.0,airtime,ChannelId_2,ProviderId_4,46,2,950.0,1
CustomerId_2900,2000.0,2000.0,0.0,2000.0,2000.0,1,2000.0,2000.0,4.0,23.0,11.0,1,0.0,financial_services,ChannelId_3,ProviderId_5,70,1,2000.0,1
CustomerId_2901,160000.0,80000.0,0.0,80000.0,80000.0,2,160000.0,80000.0,19.0,14.0,12.0,1,0.0,ticket,ChannelId_1,ProviderId_5,48,2,160000.0,1
CustomerId_2902,61000.0,3812.5,8466.049452568377,-1000.0,30000.0,16,64420.0,4026.25,14.6875,27.1875,1.0,4,0.0,airtime,ChannelId_3,ProviderId_4,3,16,61000.0,0
CustomerId_2904,29000.0,4833.333333333333,5706.721183540218,-5000.0,10000.0,6,39000.0,6500.0,19.5,15.5,1.0,3,0.0,airtime,ChannelId_3,ProviderId_6,6,6,29000.0,0
CustomerId_2906,1000.0,1000.0,0.0,1000.0,1000.0,1,1000.0,1000.0,19.0,30.0,11.0,1,0.0,airtime,ChannelId_3,ProviderId_6,62,1,1000.0,1
CustomerId_2907,32815.0,1640.75,3014.000347064556,-5000.0,5000.0,20,56335.0,2816.75,17.85,15.25,6.85,5,0.0,financial_services,ChannelId_3,ProviderId_5,14,20,32815.0,0
CustomerId_2908,60846.0,2098.137931034483,3994.8121958729885,-644.0,15000.0,29,65359.0,2253.7586206896553,10.620689655172415,6.586206896551724,11.931034482758621,6,0.0,financial_services,ChannelId_3,ProviderId_6,52,29,60846.0,1
CustomerId_2909,500.0,500.0,0.0,500.0,500.0,1,500.0,500.0,7.0,7.0,1.0,1,0.0,airtime,ChannelId_3,ProviderId_5,25,1,500.0,0
CustomerId_2910,3405.0,567.5,1537.7377864902714,-1000.0,3500.0,6,5595.0,932.5,6.166666666666667,18.833333333333332,1.0,4,0.0,financial_services,ChannelId_2,ProviderId_4,7,6,3405.0,0
CustomerId_2911,56328.0,771.6164383561644,975.2873740330333,-160.0,4000.0,73,60272.0,825.6438356164383,13.164383561643836,19.45205479452055,9.808219178082192,5,0.0,financial_services,ChannelId_3,ProviderId_5,4,73,56328.0,0
CustomerId_2913,18450.0,1537.5,2230.789199934735,-1000.0,5000.0,12,21550.0,1795.8333333333333,8.833333333333334,10.083333333333334,1.0,4,0.0,financial_services,ChannelId_3,ProviderId_4,7,12,18450.0,0
CustomerId_2914,133108.0,13310.8,17219.593806023546,-5000.0,50000.0,10,152257.0,15225.7,16.7,10.8,5.4,5,0.0,financial_services,ChannelId_3,ProviderId_5,19,10,133108.0,0
CustomerId_2915,143188.0,14318.8,35789.15074836072,-1000.0,115000.0,10,155862.0,15586.2,17.1,10.5,6.5,4,0.0,financial_services,ChannelId_2,ProviderId_4,12,10,143188.0,0
CustomerId_2917,176556.0,4904.333333333333,7454.47955834036,-5000.0,25000.0,36,299634.0,8323.166666666666,11.63888888888889,18.61111111111111,9.305555555555555,5,0.0,utility_bill,ChannelId_3,ProviderId_5,6,36,176556.0,0
CustomerId_2918,6140.0,1228.0,1796.0846305227378,-1000.0,3000.0,5,8260.0,1652.0,9.0,22.0,1.0,3,0.0,financial_services,ChannelId_3,ProviderId_4,10,5,6140.0,0
CustomerId_2920,-510.0,-170.0,762.6925986267338,-1000.0,500.0,3,1510.0,503.3333333333333,12.0,1.0,1.0,2,0.0,financial_services,ChannelId_2,ProviderId_4,30,3,-510.0,0
CustomerId_2921,64300.0,3782.3529411764707,5318.39206129513,-5000.0,11000.0,17,77100.0,4535.294117647059,9.764705882352942,23.176470588235293,11.0,3,0.0,financial_services,ChannelId_3,ProviderId_5,65,17,64300.0,1
CustomerId_2923,48860.0,1628.6666666666667,3634.2952011628618,-150.0,20000.0,30,51540.0,1718.0,8.166666666666666,18.366666666666667,1.0,5,0.0,financial_services,ChannelId_3,ProviderId_6,3,30,48860.0,0
CustomerId_2924,500.0,500.0,0.0,500.0,500.0,1,500.0,500.0,15.0,21.0,11.0,1,0.0,financial_services,ChannelId_3,ProviderId_5,71,1,500.0,1
CustomerId_2925,5000.0,5000.0,0.0,5000.0,5000.0,1,5000.0,5000.0,18.0,20.0,11.0,1,0.0,financial_services,ChannelId_3,ProviderId_1,72,1,5000.0,1
CustomerId_2926,44850.0,2360.5263157894738,3123.713021539538,-1000.0,10000.0,19,48186.0,2536.1052631578946,13.31578947368421,19.42105263157895,8.526315789473685,8,0.0,airtime,ChannelId_3,ProviderId_6,22,19,44850.0,0
CustomerId_2927,5000.0,5000.0,0.0,5000.0,5000.0,1,5750.0,5750.0,15.0,22.0,11.0,1,0.0,utility_bill,ChannelId_3,ProviderId_5,70,1,5000.0,1
CustomerId_2928,10000.0,10000.0,0.0,10000.0,10000.0,1,10000.0,10000.0,6.0,30.0,11.0,1,0.0,ticket,ChannelId_1,ProviderId_5,63,1,10000.0,1
CustomerId_2931,-10.0,-2.5,707.1244586351119,-1000.0,500.0,4,2010.0,502.5,8.0,1.75,1.0,3,0.0,financial_services,ChannelId_2,ProviderId_4,30,4,-10.0,0
CustomerId_2932,38975.0,2435.9375,2127.5175038449547,-225.0,5000.0,16,40025.0,2501.5625,15.125,19.3125,1.0,3,0.0,airtime,ChannelId_3,ProviderId_5,6,16,38975.0,0
CustomerId_2933,1424000.0,94933.33333333333,70554.40319018942,-5000.0,160000.0,15,1456000.0,97066.66666666667,8.6,13.8,12.0,2,0.0,ticket,ChannelId_3,ProviderId_5,49,15,1424000.0,1
CustomerId_2934,71700.0,6518.181818181818,6255.688320531671,-200.0,20000.0,11,72500.0,6590.909090909091,11.545454545454545,22.0,9.272727272727273,3,0.0,airtime,ChannelId_3,ProviderId_5,20,11,71700.0,0
CustomerId_2935,8900.0,1112.5,4261.182766724348,-5000.0,10000.0,8,21100.0,2637.5,12.625,26.75,1.0,3,0.0,financial_services,ChannelId_2,ProviderId_4,2,8,8900.0,0
CustomerId_2936,26440.0,1762.6666666666667,2132.173494236294,-1000.0,5000.0,15,30810.0,2054.0,12.333333333333334,13.933333333333334,1.0,4,0.0,airtime,ChannelId_1,ProviderId_6,1,15,26440.0,0
CustomerId_2937,4900.0,700.0,512.3475382979799,-50.0,1000.0,7,5100.0,728.5714285714286,16.0,14.142857142857142,5.714285714285714,3,0.0,financial_services,ChannelId_3,ProviderId_5,19,7,4900.0,0
CustomerId_2938,69200.0,11533.333333333334,17020.771623715144,-5000.0,33000.0,6,84656.0,14109.333333333334,9.0,29.0,12.0,3,0.0,financial_services,ChannelId_3,ProviderId_4,31,6,69200.0,1
CustomerId_2939,428348.0,12238.514285714286,22707.593175970418,-10000.0,100000.0,35,540948.0,15455.657142857142,9.314285714285715,17.742857142857144,8.257142857142858,6,0.0,financial_services,ChannelId_3,ProviderId_4,2,35,428348.0,0
CustomerId_2940,34050.0,3095.4545454545455,4169.3797227797895,-350.0,10000.0,11,35950.0,3268.181818181818,9.818181818181818,8.272727272727273,9.0,4,0.0,financial_services,ChannelId_3,ProviderId_4,13,11,34050.0,0
CustomerId_2941,245500.0,9092.592592592593,17394.250286228005,-5000.0,52000.0,27,316800.0,11733.333333333334,11.148148148148149,21.666666666666668,10.777777777777779,7,0.0,airtime,ChannelId_3,ProviderId_6,15,27,245500.0,0
CustomerId_2943,57580.0,3387.0588235294117,3719.98448368048,-1000.0,10000.0,17,63420.0,3730.5882352941176,13.352941176470589,22.235294117647058,1.0,3,0.0,airtime,ChannelId_3,ProviderId_3,3,17,57580.0,0
CustomerId_2944,1000.0,1000.0,0.0,1000.0,1000.0,1,1000.0,1000.0,23.0,17.0,1.0,1,0.0,airtime,ChannelId_3,ProviderId_5,14,1,1000.0,0
CustomerId_2945,46570.0,3880.8333333333335,5956.72646270711,-100.0,20000.0,12,47430.0,3952.5,14.166666666666666,21.916666666666668,11.083333333333334,4,0.0,financial_services,ChannelId_3,ProviderId_4,59,12,46570.0,1
CustomerId_2946,18800.0,3133.3333333333335,4292.163401673643,-1000.0,10000.0,6,21200.0,3533.3333333333335,17.166666666666668,28.0,12.0,3,0.0,financial_services,ChannelId_2,ProviderId_4,34,6,18800.0,1
CustomerId_2947,10000.0,10000.0,0.0,10000.0,10000.0,1,10000.0,10000.0,15.0,8.0,1.0,1,0.0,financial_services,ChannelId_3,ProviderId_5,23,1,10000.0,0
CustomerId_2949,15000.0,5000.0,0.0,5000.0,5000.0,3,15000.0,5000.0,18.0,2.0,12.0,1,0.0,airtime,ChannelId_3,ProviderId_3,60,3,15000.0,1
CustomerId_2950,73895.0,5684.2307692307695,10132.368891773254,-1005.0,30000.0,13,80855.0,6219.615384615385,10.076923076923077,17.076923076923077,4.384615384615385,6,0.0,airtime,ChannelId_3,ProviderId_6,9,13,73895.0,0
CustomerId_2953,-545.0,-24.772727272727273,1976.8797427552386,-5000.0,3000.0,22,30955.0,1407.0454545454545,12.227272727272727,16.681818181818183,9.0,7,0.0,financial_services,ChannelId_3,ProviderId_4,3,22,-545.0,0
CustomerId_2955,6425.0,1285.0,790.4903541473482,-75.0,2000.0,5,6575.0,1315.0,14.0,11.0,1.0,3,0.0,airtime,ChannelId_3,ProviderId_5,17,5,6425.0,0
CustomerId_2956,78440.0,3268.3333333333335,4204.9346442387005,-100.0,10000.0,24,79560.0,3315.0,6.958333333333333,16.208333333333332,11.0,4,0.0,financial_services,ChannelId_3,ProviderId_5,73,24,78440.0,1
CustomerId_2957,291735.0,16207.5,22155.519445767113,-1500.0,50000.0,18,297265.0,16514.722222222223,11.333333333333334,19.833333333333332,1.0,5,0.0,financial_services,ChannelId_3,ProviderId_5,2,18,291735.0,0
CustomerId_2959,62374.0,3118.7,4547.137458133181,-496.0,20000.0,20,64576.0,3228.8,15.5,23.0,6.55,5,0.0,data_bundles,ChannelId_3,ProviderId_6,2,20,62374.0,0
CustomerId_2961,23870.0,918.0769230769231,1232.0585026069798,-1000.0,5000.0,26,26130.0,1005.0,12.461538461538462,15.0,1.0,5,0.0,airtime,ChannelId_3,ProviderId_6,4,26,23870.0,0
CustomerId_2962,99108.0,5216.210526315789,10364.135465788566,-5000.0,28000.0,19,114412.0,6021.684210526316,13.526315789473685,26.31578947368421,2.736842105263158,5,0.0,airtime,ChannelId_3,ProviderId_6,2,19,99108.0,0
CustomerId_2963,267560.4,2175.287804878049,6103.689012292851,-11000.0,26000.0,123,574172.0,4668.065040650406,8.853658536585366,18.130081300813007,5.634146341463414,7,0.0,airtime,ChannelId_3,ProviderId_6,1,123,267560.4,0
CustomerId_2965,61000.0,7625.0,10809.222252978505,-5000.0,20000.0,8,99000.0,12375.0,16.5,19.75,11.5,3,0.0,financial_services,ChannelId_3,ProviderId_4,33,8,61000.0,1
CustomerId_2968,20000.0,3333.3333333333335,7814.516406449389,-5000.0,11000.0,6,42000.0,7000.0,17.0,11.0,1.0,3,0.0,airtime,ChannelId_2,ProviderId_4,20,6,20000.0,0
CustomerId_2970,41800.0,2458.823529411765,2984.9411266240686,-1000.0,10000.0,17,44400.0,2611.764705882353,13.176470588235293,26.529411764705884,1.0,5,0.0,financial_services,ChannelId_3,ProviderId_4,1,17,41800.0,0
CustomerId_2972,2325.0,258.3333333333333,676.156416814926,-1000.0,1000.0,9,4675.0,519.4444444444445,12.11111111111111,24.444444444444443,12.0,2,0.0,financial_services,ChannelId_2,ProviderId_4,37,9,2325.0,1
CustomerId_2973,45600.0,2072.7272727272725,2310.05706344316,-1000.0,6000.0,22,49700.0,2259.090909090909,11.727272727272727,26.318181818181817,1.0,4,0.0,financial_services,ChannelId_3,ProviderId_4,1,22,45600.0,0
CustomerId_2974,2850.0,1425.0,2227.3863607376247,-150.0,3000.0,2,3150.0,1575.0,20.0,3.0,12.0,2,0.0,airtime,ChannelId_2,ProviderId_4,59,2,2850.0,1
CustomerId_2975,32610.0,881.3513513513514,1689.2308607472517,-1000.0,10000.0,37,35790.0,967.2972972972973,13.91891891891892,21.243243243243242,5.756756756756757,5,0.0,airtime,ChannelId_3,ProviderId_4,5,37,32610.0,0
CustomerId_2977,127339.0,1340.4105263157894,2049.0726833351086,-5000.0,10000.0,95,144189.0,1517.778947368421,13.526315789473685,18.36842105263158,8.505263157894737,6,0.0,financial_services,ChannelId_3,ProviderId_6,8,95,127339.0,0
CustomerId_2979,74000.0,24666.666666666668,47961.7903474561,-5000.0,80000.0,3,86000.0,28666.666666666668,14.0,15.0,12.0,2,0.0,financial_services,ChannelId_2,ProviderId_4,47,3,74000.0,1
CustomerId_2981,209930.1,2956.761971830986,5712.502507392165,-5000.0,28000.0,71,287171.0,4044.6619718309857,12.43661971830986,21.56338028169014,7.23943661971831,9,0.0,financial_services,ChannelId_3,ProviderId_6,1,71,209930.1,0
CustomerId_2982,1000.0,1000.0,0.0,1000.0,1000.0,1,1000.0,1000.0,15.0,8.0,1.0,1,0.0,financial_services,ChannelId_3,ProviderId_5,23,1,1000.0,0
CustomerId_2983,1500.0,1500.0,0.0,1500.0,1500.0,1,1500.0,1500.0,20.0,6.0,1.0,1,0.0,airtime,ChannelId_3,ProviderId_5,25,1,1500.0,0
CustomerId_2984,980.0,490.0,721.2489168102785,-20.0,1000.0,2,1020.0,510.0,14.5,18.5,11.0,2,0.0,airtime,ChannelId_2,ProviderId_4,73,2,980.0,1
CustomerId_2986,79908.0,6659.0,13177.033367326514,-1000.0,40000.0,12,83492.0,6957.666666666667,14.0,16.0,1.0,5,0.0,financial_services,ChannelId_2,ProviderId_4,9,12,79908.0,0
CustomerId_2987,134470.0,3361.75,9195.74090028249,-5000.0,43000.0,40,212540.0,5313.5,13.9,22.525,9.2,7,0.0,airtime,ChannelId_3,ProviderId_6,2,40,134470.0,0
CustomerId_2988,2000.0,2000.0,0.0,2000.0,2000.0,1,2000.0,2000.0,18.0,4.0,12.0,1,0.0,airtime,ChannelId_3,ProviderId_1,58,1,2000.0,1
CustomerId_2989,2000.0,2000.0,0.0,2000.0,2000.0,1,2000.0,2000.0,22.0,19.0,1.0,1,0.0,data_bundles,ChannelId_3,ProviderId_5,12,1,2000.0,0
CustomerId_2991,40000.0,4444.444444444444,6463.573143221772,-5000.0,10000.0,9,62000.0,6888.888888888889,9.11111111111111,21.11111111111111,1.0,3,0.0,financial_services,ChannelId_3,ProviderId_6,7,9,40000.0,0
CustomerId_2992,20000.0,2857.1428571428573,5580.578567035604,-5000.0,10000.0,7,32000.0,4571.428571428572,13.0,11.0,1.0,3,0.0,airtime,ChannelId_3,ProviderId_6,20,7,20000.0,0
CustomerId_2993,47700.0,5300.0,6531.0795432302,-1000.0,20000.0,9,50300.0,5588.888888888889,11.777777777777779,28.22222222222222,1.0,4,0.0,financial_services,ChannelId_3,ProviderId_4,2,9,47700.0,0
CustomerId_2994,5175.0,1035.0,2118.3425124374953,-1000.0,4000.0,5,7825.0,1565.0,14.8,24.0,1.0,2,0.0,financial_services,ChannelId_2,ProviderId_4,1,5,5175.0,0
CustomerId_2996,47306.0,4730.6,6917.220639662854,-1000.0,15000.0,10,53964.0,5396.4,14.7,28.4,1.0,5,0.0,financial_services,ChannelId_3,ProviderId_6,1,10,47306.0,0
CustomerId_2997,10800.0,830.7692307692307,1081.5764847238925,-1000.0,3000.0,13,13200.0,1015.3846153846154,12.615384615384615,17.153846153846153,8.846153846153847,4,0.0,financial_services,ChannelId_3,ProviderId_4,28,13,10800.0,0
CustomerId_3,-10000.0,-10000.0,0.0,-10000.0,-10000.0,1,10000.0,10000.0,16.0,21.0,11.0,1,0.0,airtime,ChannelId_2,ProviderId_4,71,1,-10000.0,1
CustomerId_3000,71930.0,1240.1724137931035,2998.5334084066685,-1100.0,22000.0,58,79270.0,1366.7241379310344,12.620689655172415,15.724137931034482,8.637931034482758,5,0.0,airtime,ChannelId_3,ProviderId_4,2,58,71930.0,0
CustomerId_3001,500.0,125.0,750.0,-1000.0,500.0,4,2500.0,625.0,13.75,5.0,1.0,2,0.0,data_bundles,ChannelId_3,ProviderId_5,26,4,500.0,0
CustomerId_3002,40975.0,1365.8333333333333,3639.970889267199,-400.0,20000.0,30,43025.0,1434.1666666666667,14.966666666666667,18.833333333333332,9.733333333333333,3,0.0,airtime,ChannelId_3,ProviderId_5,2,30,40975.0,0
CustomerId_3003,42145.0,2809.6666666666665,6507.046308938232,-50.0,26000.0,15,42455.0,2830.3333333333335,10.0,26.266666666666666,3.0,5,0.0,financial_services,ChannelId_3,ProviderId_5,2,15,42145.0,0
CustomerId_3004,1000.0,1000.0,0.0,1000.0,1000.0,1,1000.0,1000.0,9.0,29.0,1.0,1,0.0,financial_services,ChannelId_3,ProviderId_5,3,1,1000.0,0
CustomerId_3005,1490.0,212.85714285714286,567.5888854242504,-1000.0,500.0,7,3510.0,501.42857142857144,10.571428571428571,19.571428571428573,12.0,3,0.0,financial_services,ChannelId_3,ProviderId_5,43,7,1490.0,1
CustomerId_3007,26960.0,4493.333333333333,9272.123093804712,-5000.0,20000.0,6,39040.0,6506.666666666667,4.166666666666667,4.833333333333333,1.0,4,0.0,financial_services,ChannelId_2,ProviderId_4,23,6,26960.0,0
CustomerId_3008,354525.6,4790.886486486486,10533.492333495804,-5000.0,60000.0,74,396207.0,5354.148648648648,12.5,20.06756756756757,7.743243243243243,8,0.0,airtime,ChannelId_3,ProviderId_6,6,74,354525.6,0
CustomerId_3009,13900.0,347.5,390.340088404182,-50.0,1000.0,40,15100.0,377.5,15.4,17.575,10.1,2,0.0,airtime,ChannelId_3,ProviderId_5,13,40,13900.0,0
CustomerId_3011,93390.0,6670.714285714285,7651.988644775959,-5000.0,20000.0,14,106610.0,7615.0,16.5,20.785714285714285,5.428571428571429,4,0.0,financial_services,ChannelId_3,ProviderId_3,11,14,93390.0,0
CustomerId_3013,21020.0,678.0645161290323,1856.2263140663256,-5000.0,5000.0,31,43380.0,1399.3548387096773,12.096774193548388,17.612903225806452,2.4193548387096775,6,0.0,financial_services,ChannelId_3,ProviderId_6,1,31,21020.0,0
CustomerId_3014,500.0,500.0,0.0,500.0,500.0,1,500.0,500.0,12.0,19.0,12.0,1,0.0,airtime,ChannelId_3,ProviderId_6,43,1,500.0,1
CustomerId_3020,990.0,330.0,294.44863728670913,-10.0,500.0,3,1010.0,336.6666666666667,19.0,16.0,11.0,3,0.0,financial_services,ChannelId_3,ProviderId_4,76,3,990.0,1
CustomerId_3022,812654.0,8292.387755102041,16032.185267331284,-18000.0,80000.0,98,1010648.0,10312.734693877552,12.83673469387755,16.387755102040817,9.173469387755102,10,0.0,airtime,ChannelId_3,ProviderId_6,1,98,812654.0,0
CustomerId_3026,7000.0,1750.0,500.0,1000.0,2000.0,4,7000.0,1750.0,16.5,28.5,11.0,1,0.0,financial_services,ChannelId_3,ProviderId_5,62,4,7000.0,1
CustomerId_3027,101000.0,50500.0,70003.57133746821,1000.0,100000.0,2,101000.0,50500.0,8.0,10.0,1.0,2,0.0,airtime,ChannelId_3,ProviderId_5,22,2,101000.0,0
CustomerId_3030,22760.0,842.9629629629629,1779.3831360135302,-1000.0,9000.0,27,25240.0,934.8148148148148,11.814814814814815,29.962962962962962,1.0,5,0.0,financial_services,ChannelId_3,ProviderId_6,1,27,22760.0,0
CustomerId_3031,5425.0,493.1818181818182,1003.7934865480867,-1000.0,3000.0,11,7575.0,688.6363636363636,11.727272727272727,23.0,12.0,4,0.0,financial_services,ChannelId_3,ProviderId_4,36,11,5425.0,1
CustomerId_3032,500.0,500.0,0.0,500.0,500.0,1,500.0,500.0,17.0,3.0,1.0,1,0.0,airtime,ChannelId_3,ProviderId_6,28,1,500.0,0
CustomerId_3033,6900.0,862.5,1256.625299306497,-1000.0,3000.0,8,9100.0,1137.5,7.625,14.75,1.0,3,0.0,financial_services,ChannelId_3,ProviderId_4,13,8,6900.0,0
CustomerId_3034,80880.0,735.2727272727273,1103.8809428315276,-125.0,5000.0,110,82920.0,753.8181818181819,12.772727272727273,16.045454545454547,5.2,5,0.0,airtime,ChannelId_3,ProviderId_6,3,110,80880.0,0
CustomerId_3035,156295.0,2404.5384615384614,6645.254340685829,-250.0,50000.0,65,163505.0,2515.4615384615386,13.215384615384615,11.907692307692308,11.907692307692308,7,0.0,financial_services,ChannelId_3,ProviderId_6,41,65,156295.0,1
CustomerId_3036,23765.0,819.4827586206897,1865.909671307224,-1000.0,10000.0,29,26635.0,918.448275862069,13.655172413793103,20.689655172413794,8.586206896551724,4,0.0,financial_services,ChannelId_3,ProviderId_4,16,29,23765.0,0
CustomerId_3037,50000.0,50000.0,0.0,50000.0,50000.0,1,50000.0,50000.0,11.0,22.0,12.0,1,0.0,financial_services,ChannelId_3,ProviderId_5,40,1,50000.0,1
CustomerId_3040,7000.0,1750.0,8995.36917900909,-5000.0,15000.0,4,29000.0,7250.0,12.5,22.25,11.0,2,0.0,financial_services,ChannelId_2,ProviderId_4,70,4,7000.0,1
CustomerId_3041,490754.0,5984.804878048781,23653.580468895074,-1005.0,200000.0,82,504156.0,6148.243902439024,13.0,28.24390243902439,1.0,6,0.0,financial_services,ChannelId_3,ProviderId_4,1,82,490754.0,0
CustomerId_3042,5000.0,5000.0,0.0,5000.0,5000.0,1,5000.0,5000.0,8.0,16.0,11.0,1,0.0,financial_services,ChannelId_3,ProviderId_5,77,1,5000.0,1
CustomerId_3043,14810.0,1139.2307692307693,1403.5161888299301,-70.0,3500.0,13,15190.0,1168.4615384615386,14.846153846153847,16.76923076923077,10.76923076923077,5,0.0,airtime,ChannelId_3,ProviderId_6,25,13,14810.0,0
CustomerId_3044,2970.0,594.0,1088.2003492004585,-1000.0,1500.0,5,5030.0,1006.0,11.6,24.2,1.0,3,0.0,financial_services,ChannelId_3,ProviderId_4,7,5,2970.0,0
CustomerId_3045,160000.0,80000.0,0.0,80000.0,80000.0,2,160000.0,80000.0,11.0,13.0,12.0,1,0.0,ticket,ChannelId_3,ProviderId_5,49,2,160000.0,1
CustomerId_3047,19000.0,3800.0,6685.805860178712,-5000.0,10000.0,5,31000.0,6200.0,11.0,28.0,12.0,3,0.0,financial_services,ChannelId_3,ProviderId_4,34,5,19000.0,1
CustomerId_3048,122219.0,1745.9857142857143,3271.4319450062617,-5000.0,15000.0,70,154881.0,2212.5857142857144,13.714285714285714,16.685714285714287,10.414285714285715,5,0.0,financial_services,ChannelId_2,ProviderId_4,11,70,122219.0,0
CustomerId_3049,314000.0,62800.0,68386.40215715402,-5000.0,160000.0,5,326000.0,65200.0,13.4,15.0,12.0,2,0.0,ticket,ChannelId_3,ProviderId_4,47,5,314000.0,1
CustomerId_3050,20000.0,20000.0,0.0,20000.0,20000.0,1,20000.0,20000.0,17.0,24.0,12.0,1,0.0,financial_services,ChannelId_3,ProviderId_1,38,1,20000.0,1
CustomerId_3051,20000.0,4000.0,6745.368781616021,-5000.0,10000.0,5,32000.0,6400.0,5.8,25.0,1.0,3,0.0,financial_services,ChannelId_3,ProviderId_4,7,5,20000.0,0
CustomerId_3052,10700.0,891.6666666666666,691.7774646561281,-75.0,1500.0,12,11080.0,923.3333333333334,15.083333333333334,23.833333333333332,11.166666666666666,3,0.0,financial_services,ChannelId_3,ProviderId_5,49,12,10700.0,1
CustomerId_3054,19580.0,1030.5263157894738,2307.56840198174,-1000.0,10000.0,19,22420.0,1180.0,15.157894736842104,17.31578947368421,1.0,5,0.0,financial_services,ChannelId_3,ProviderId_4,12,19,19580.0,0
CustomerId_3057,4500.0,562.5,678.1013409302687,-1000.0,1000.0,8,6500.0,812.5,9.875,6.375,1.0,4,0.0,financial_services,ChannelId_3,ProviderId_5,22,8,4500.0,0
CustomerId_3058,75580.0,2699.285714285714,4914.112088571812,-1000.0,20000.0,28,80220.0,2865.0,9.571428571428571,22.678571428571427,11.0,5,0.0,financial_services,ChannelId_3,ProviderId_4,70,28,75580.0,1
CustomerId_3061,20000.0,3333.3333333333335,7814.516406449389,-5000.0,11000.0,6,42000.0,7000.0,12.833333333333334,25.166666666666668,1.0,3,0.0,airtime,ChannelId_2,ProviderId_4,5,6,20000.0,0
CustomerId_3062,500.0,500.0,0.0,500.0,500.0,1,500.0,500.0,8.0,22.0,12.0,1,0.0,airtime,ChannelId_3,ProviderId_1,41,1,500.0,1
CustomerId_3063,319000.0,31900.0,41516.93095058395,-5000.0,80000.0,10,341000.0,34100.0,10.8,14.8,12.0,5,0.0,ticket,ChannelId_3,ProviderId_5,47,10,319000.0,1
CustomerId_3064,40000.0,2857.1428571428573,7931.021302524592,-5000.0,16000.0,14,102000.0,7285.714285714285,13.857142857142858,21.428571428571427,1.0,3,0.0,airtime,ChannelId_2,ProviderId_4,5,14,40000.0,0
CustomerId_3066,874906.0,1841.9073684210525,5673.204266145343,-5000.0,55000.0,475,919492.0,1935.7726315789473,12.936842105263159,20.202105263157893,5.562105263157894,9,0.0,airtime,ChannelId_3,ProviderId_6,1,475,874906.0,0
CustomerId_3067,2000.0,2000.0,0.0,2000.0,2000.0,1,2000.0,2000.0,15.0,28.0,1.0,1,0.0,airtime,ChannelId_3,ProviderId_6,3,1,2000.0,0
CustomerId_3068,37795.0,2099.722222222222,2277.4472759585988,-1000.0,5000.0,18,40225.0,2234.722222222222,13.444444444444445,15.88888888888889,12.0,4,0.0,financial_services,ChannelId_3,ProviderId_5,42,18,37795.0,1
CustomerId_3069,1000.0,1000.0,0.0,1000.0,1000.0,1,1000.0,1000.0,12.0,2.0,12.0,1,0.0,airtime,ChannelId_3,ProviderId_6,60,1,1000.0,1
CustomerId_3073,9830.0,893.6363636363636,1634.8594601816558,-1000.0,5000.0,11,12170.0,1106.3636363636363,14.727272727272727,10.818181818181818,12.0,5,0.0,financial_services,ChannelId_3,ProviderId_4,50,11,9830.0,1
CustomerId_3074,70000.0,5000.0,7189.736274183336,-5000.0,11000.0,14,112000.0,8000.0,8.642857142857142,21.142857142857142,1.0,3,0.0,airtime,ChannelId_3,ProviderId_1,6,14,70000.0,0
CustomerId_3075,1030400.0,42933.333333333336,68864.47071993099,-5000.0,200000.0,24,1064600.0,44358.333333333336,12.958333333333334,18.583333333333332,5.166666666666667,4,0.0,airtime,ChannelId_3,ProviderId_5,16,24,1030400.0,0
CustomerId_3077,60000.0,5000.0,7147.790504128468,-5000.0,15000.0,12,92000.0,7666.666666666667,16.583333333333332,17.416666666666668,1.0,3,0.0,financial_services,ChannelId_3,ProviderId_6,6,12,60000.0,0
CustomerId_3078,776545.0,2897.555970149254,17374.26252299156,-1500.0,200000.0,268,809855.0,3021.847014925373,9.432835820895523,25.80223880597015,1.0,5,0.0,financial_services,ChannelId_3,ProviderId_4,1,268,776545.0,0
CustomerId_3079,9880.0,1235.0,1298.5926448054668,-70.0,3500.0,8,10120.0,1265.0,10.375,15.5,6.5,3,0.0,airtime,ChannelId_3,ProviderId_6,3,8,9880.0,0
CustomerId_3081,22000.0,11000.0,1414.213562373095,10000.0,12000.0,2,22000.0,11000.0,8.0,16.5,1.0,2,0.0,airtime,ChannelId_3,ProviderId_1,15,2,22000.0,0
CustomerId_3083,26400.0,977.7777777777778,1636.5908123839286,-350.0,7000.0,27,28600.0,1059.2592592592594,14.407407407407407,21.962962962962962,11.62962962962963,4,0.0,airtime,ChannelId_3,ProviderId_5,37,27,26400.0,1
CustomerId_3084,20000.0,3333.3333333333335,7814.516406449389,-5000.0,11000.0,6,42000.0,7000.0,11.166666666666666,25.166666666666668,1.0,3,0.0,airtime,ChannelId_2,ProviderId_4,5,6,20000.0,0
CustomerId_3085,40000.0,4444.444444444444,6559.556218051475,-5000.0,11000.0,9,62000.0,6888.888888888889,15.333333333333334,26.666666666666668,7.111111111111111,3,0.0,financial_services,ChannelId_3,ProviderId_6,6,9,40000.0,0
CustomerId_3087,1800.0,900.0,0.0,900.0,900.0,2,1800.0,900.0,17.0,17.0,11.0,1,0.0,financial_services,ChannelId_3,ProviderId_5,75,2,1800.0,1
CustomerId_3088,903229.0,11433.278481012658,19820.6558928815,-5000.0,70000.0,79,1000971.0,12670.518987341773,10.139240506329115,15.278481012658228,8.79746835443038,7,0.0,financial_services,ChannelId_3,ProviderId_6,1,79,903229.0,0
CustomerId_3089,266327.0,14795.944444444445,25526.517853060457,-1005.0,67000.0,18,295513.0,16417.38888888889,10.5,7.333333333333333,11.777777777777779,4,0.0,airtime,ChannelId_3,ProviderId_6,56,18,266327.0,1
CustomerId_3090,2006200.0,501550.0,998968.8233373453,500.0,2000000.0,4,2006200.0,501550.0,9.0,9.0,1.0,2,0.0,airtime,ChannelId_3,ProviderId_1,23,4,2006200.0,0
CustomerId_3091,263750.0,1844.4055944055945,3214.1757693984628,-5000.0,16000.0,143,310650.0,2172.377622377622,11.356643356643357,16.37062937062937,6.0,7,0.0,airtime,ChannelId_3,ProviderId_3,2,143,263750.0,0
CustomerId_3092,164888.5,2113.9551282051284,5820.571453059241,-13500.0,21000.0,78,313064.0,4013.641025641026,10.653846153846153,19.32051282051282,10.320512820512821,6,0.0,financial_services,ChannelId_3,ProviderId_4,7,78,164888.5,0
CustomerId_3093,20000.0,4000.0,6745.368781616021,-5000.0,10000.0,5,32000.0,6400.0,8.0,25.0,1.0,3,0.0,financial_services,ChannelId_3,ProviderId_4,7,5,20000.0,0
CustomerId_3096,2500.0,1250.0,1060.6601717798212,500.0,2000.0,2,2500.0,1250.0,11.0,28.5,1.0,2,0.0,airtime,ChannelId_3,ProviderId_5,3,2,2500.0,0
CustomerId_3097,69300.0,1386.0,5934.988399830488,-5000.0,30000.0,50,116974.0,2339.48,9.82,16.52,10.46,5,0.0,airtime,ChannelId_3,ProviderId_6,1,50,69300.0,0
CustomerId_3098,50000.0,50000.0,0.0,50000.0,50000.0,1,50000.0,50000.0,12.0,31.0,12.0,1,0.0,financial_services,ChannelId_3,ProviderId_5,31,1,50000.0,1
CustomerId_3102,1701880.0,8638.984771573603,24754.094528033696,-5000.0,118000.0,197,1729120.0,8777.25888324873,9.472081218274111,11.934010152284264,11.776649746192893,7,0.0,financial_services,ChannelId_3,ProviderId_6,12,197,1701880.0,0
CustomerId_3103,1741011.0,23527.175675675677,48201.538037860264,-10000.0,200000.0,74,1933489.0,26128.22972972973,11.202702702702704,17.7027027027027,9.22972972972973,9,0.0,financial_services,ChannelId_3,ProviderId_4,3,74,1741011.0,0
CustomerId_3104,49650.0,3819.230769230769,4039.623459223358,-250.0,10000.0,13,51350.0,3950.0,15.76923076923077,18.692307692307693,11.615384615384615,3,0.0,airtime,ChannelId_3,ProviderId_3,31,13,49650.0,1
CustomerId_3105,134660.5,826.138036809816,732.9366946884387,-100.0,3000.0,163,139052.0,853.079754601227,12.141104294478527,17.104294478527606,6.288343558282208,7,0.0,financial_services,ChannelId_3,ProviderId_6,1,163,134660.5,0
CustomerId_3107,10000.0,10000.0,0.0,10000.0,10000.0,1,11200.0,11200.0,7.0,17.0,11.0,1,0.0,utility_bill,ChannelId_3,ProviderId_6,76,1,10000.0,1
CustomerId_3110,51000.0,4250.0,7545.317632930915,-5000.0,11000.0,12,93000.0,7750.0,12.75,16.916666666666668,1.0,3,0.0,airtime,ChannelId_3,ProviderId_4,5,12,51000.0,0
CustomerId_3111,510450.0,5104.5,10358.42577788534,-5000.0,65000.0,100,563530.0,5635.3,12.67,19.97,7.39,6,0.0,financial_services,ChannelId_3,ProviderId_6,1,100,510450.0,0
CustomerId_3112,45300.0,1742.3076923076924,3606.346969100236,-1000.0,13000.0,26,48700.0,1873.076923076923,14.153846153846153,29.923076923076923,12.0,6,0.0,financial_services,ChannelId_3,ProviderId_4,31,26,45300.0,0
CustomerId_3113,132083.0,10160.23076923077,11641.91610914233,-5000.0,28000.0,13,142917.0,10993.615384615385,9.846153846153847,19.0,5.923076923076923,4,0.0,financial_services,ChannelId_3,ProviderId_5,10,13,132083.0,0
CustomerId_3115,2925.0,487.5,464.15245340297406,-50.0,1000.0,6,3075.0,512.5,12.5,18.0,11.0,3,0.0,airtime,ChannelId_3,ProviderId_5,72,6,2925.0,1
CustomerId_3116,18715.0,584.84375,883.1491347180418,-1000.0,4000.0,32,21485.0,671.40625,13.28125,24.46875,8.21875,4,0.0,financial_services,ChannelId_3,ProviderId_4,2,32,18715.0,0
CustomerId_3117,1000.0,1000.0,0.0,1000.0,1000.0,1,1000.0,1000.0,16.0,29.0,12.0,1,0.0,financial_services,ChannelId_3,ProviderId_1,33,1,1000.0,1
CustomerId_3118,500.0,500.0,0.0,500.0,500.0,1,500.0,500.0,21.0,7.0,1.0,1,0.0,airtime,ChannelId_3,ProviderId_1,24,1,500.0,0
CustomerId_3120,50475.0,1402.0833333333333,1526.5902130471782,-275.0,5500.0,36,53125.0,1475.6944444444443,15.583333333333334,13.916666666666666,5.083333333333333,6,0.0,airtime,ChannelId_3,ProviderId_5,4,36,50475.0,0
CustomerId_3121,65180.0,1002.7692307692307,3521.681952425355,-5000.0,27000.0,65,85280.0,1312.0,12.446153846153846,17.384615384615383,1.0,3,0.0,airtime,ChannelId_3,ProviderId_5,1,65,65180.0,0
CustomerId_3123,33355.0,741.2222222222222,1506.4924476908259,-200.0,10000.0,45,35445.0,787.6666666666666,13.244444444444444,17.22222222222222,6.466666666666667,3,0.0,airtime,ChannelId_3,ProviderId_5,10,45,33355.0,0
CustomerId_3124,135350.0,2050.757575757576,4287.177056007497,-5000.0,30000.0,66,150550.0,2281.060606060606,11.363636363636363,15.742424242424242,1.1666666666666667,10,0.0,airtime,ChannelId_3,ProviderId_6,1,66,135350.0,0
CustomerId_3125,15780.0,1434.5454545454545,2353.229116071632,-100.0,8000.0,11,16220.0,1474.5454545454545,13.909090909090908,20.90909090909091,11.0,5,0.0,financial_services,ChannelId_3,ProviderId_4,69,11,15780.0,1
CustomerId_3126,83100.0,6925.0,15729.250401141759,-2500.0,50000.0,12,88940.0,7411.666666666667,15.583333333333334,16.833333333333332,11.833333333333334,4,0.0,airtime,ChannelId_3,ProviderId_6,38,12,83100.0,1
CustomerId_3127,45000.0,7500.0,2738.6127875258308,5000.0,10000.0,6,45000.0,7500.0,13.166666666666666,25.0,1.0,1,0.0,financial_services,ChannelId_3,ProviderId_5,6,6,45000.0,0
CustomerId_3128,20000.0,20000.0,0.0,20000.0,20000.0,1,20000.0,20000.0,11.0,29.0,11.0,1,0.0,financial_services,ChannelId_3,ProviderId_1,63,1,20000.0,1
CustomerId_3133,151760.0,30352.0,44428.093814612395,-40.0,100000.0,5,151840.0,30368.0,10.0,15.2,3.2,4,0.0,airtime,ChannelId_3,ProviderId_5,15,5,151760.0,0
CustomerId_3135,20000.0,4000.0,6558.963332722634,-5000.0,10000.0,5,30400.0,6080.0,13.0,16.0,11.0,3,0.0,financial_services,ChannelId_3,ProviderId_4,76,5,20000.0,1
CustomerId_3137,20000.0,4000.0,6745.368781616021,-5000.0,10000.0,5,32000.0,6400.0,15.0,25.0,1.0,3,0.0,financial_services,ChannelId_3,ProviderId_4,6,5,20000.0,0
CustomerId_3138,500.0,500.0,0.0,500.0,500.0,1,500.0,500.0,11.0,22.0,1.0,1,0.0,financial_services,ChannelId_3,ProviderId_1,9,1,500.0,0
CustomerId_3140,47385.0,877.5,1783.8803237420282,-1000.0,10000.0,54,52615.0,974.3518518518518,13.925925925925926,20.88888888888889,9.75925925925926,5,0.0,airtime,ChannelId_3,ProviderId_4,29,54,47385.0,0
CustomerId_3141,3930.0,786.0,853.5103982963535,-50.0,2000.0,5,4070.0,814.0,15.8,13.4,12.0,4,0.0,financial_services,ChannelId_3,ProviderId_4,49,5,3930.0,1
CustomerId_3143,7960.0,1592.0,912.3157348199142,-40.0,2000.0,5,8040.0,1608.0,10.4,13.8,9.8,3,0.0,financial_services,ChannelId_3,ProviderId_5,28,5,7960.0,0
CustomerId_3145,500.0,500.0,0.0,500.0,500.0,1,500.0,500.0,16.0,30.0,11.0,1,0.0,airtime,ChannelId_3,ProviderId_5,62,1,500.0,1
CustomerId_3147,20000.0,3333.3333333333335,6088.2400303098,-5000.0,10000.0,6,32000.0,5333.333333333333,7.0,25.0,1.0,3,0.0,airtime,ChannelId_3,ProviderId_6,7,6,20000.0,0
CustomerId_3148,5000.0,5000.0,0.0,5000.0,5000.0,1,5000.0,5000.0,19.0,5.0,12.0,1,0.0,financial_services,ChannelId_3,ProviderId_5,57,1,5000.0,1
CustomerId_3149,1000.0,1000.0,0.0,1000.0,1000.0,1,1000.0,1000.0,7.0,19.0,1.0,1,0.0,financial_services,ChannelId_3,ProviderId_5,13,1,1000.0,0
CustomerId_3150,37410.0,795.9574468085107,1090.228654865112,-1000.0,3500.0,47,41750.0,888.2978723404256,14.361702127659575,19.29787234042553,3.106382978723404,5,0.0,financial_services,ChannelId_3,ProviderId_5,2,47,37410.0,0
CustomerId_3151,-20.0,-6.666666666666667,1000.0666644445926,-1000.0,1000.0,3,2020.0,673.3333333333334,19.0,21.0,1.0,2,0.0,financial_services,ChannelId_2,ProviderId_4,10,3,-20.0,0
CustomerId_3152,1500.0,1500.0,0.0,1500.0,1500.0,1,1500.0,1500.0,18.0,29.0,1.0,1,0.0,airtime,ChannelId_3,ProviderId_6,2,1,1500.0,0
CustomerId_3153,33885.0,1129.5,2115.7522302954094,-1000.0,10000.0,30,36915.0,1230.5,13.4,16.466666666666665,1.0,4,0.0,airtime,ChannelId_3,ProviderId_6,8,30,33885.0,0
CustomerId_3156,84520.0,3674.782608695652,7443.332507300023,-5000.0,20000.0,23,108193.0,4704.04347826087,13.91304347826087,12.521739130434783,7.608695652173913,6,0.0,airtime,ChannelId_3,ProviderId_6,11,23,84520.0,0
CustomerId_3158,1000.0,1000.0,0.0,1000.0,1000.0,1,1000.0,1000.0,17.0,23.0,12.0,1,0.0,airtime,ChannelId_3,ProviderId_5,39,1,1000.0,1
CustomerId_3159,20580.0,2572.5,6304.075212568001,-1000.0,18000.0,8,23420.0,2927.5,10.875,16.25,7.875,4,0.0,financial_services,ChannelId_2,ProviderId_4,19,8,20580.0,0
CustomerId_3160,40000.0,20000.0,0.0,20000.0,20000.0,2,40000.0,20000.0,19.0,22.0,12.0,2,0.0,financial_services,ChannelId_3,ProviderId_5,40,2,40000.0,1
CustomerId_3163,76144.5,2307.409090909091,4813.69934317436,-2000.0,20000.0,33,95636.0,2898.060606060606,12.545454545454545,21.03030303030303,3.3333333333333335,6,0.0,airtime,ChannelId_3,ProviderId_6,2,33,76144.5,0
CustomerId_3164,50000.0,3846.153846153846,7267.348827072977,-5000.0,11000.0,13,92400.0,7107.692307692308,11.076923076923077,21.923076923076923,1.0,3,0.0,airtime,ChannelId_3,ProviderId_4,5,13,50000.0,0
CustomerId_3165,98558.0,5187.263157894737,13221.291817208688,-10000.0,41000.0,19,124948.0,6576.210526315789,8.68421052631579,10.736842105263158,11.263157894736842,8,0.0,financial_services,ChannelId_3,ProviderId_4,1,19,98558.0,0
CustomerId_3166,1000.0,1000.0,0.0,1000.0,1000.0,1,1000.0,1000.0,13.0,17.0,11.0,1,0.0,airtime,ChannelId_3,ProviderId_3,75,1,1000.0,1
CustomerId_3167,10270.0,1283.75,3514.0856868160904,-5000.0,5350.0,8,22430.0,2803.75,12.875,20.0,6.5,4,0.0,financial_services,ChannelId_3,ProviderId_4,8,8,10270.0,0
CustomerId_3168,8470.0,1210.0,2000.0749985938028,-1000.0,4000.0,7,10530.0,1504.2857142857142,22.0,22.0,12.0,4,0.0,financial_services,ChannelId_3,ProviderId_5,40,7,8470.0,1
CustomerId_3169,22500.0,5625.0,5088.794880257342,500.0,10000.0,4,22500.0,5625.0,17.0,30.0,11.0,2,0.0,data_bundles,ChannelId_3,ProviderId_3,62,4,22500.0,1
CustomerId_3170,1000.0,1000.0,0.0,1000.0,1000.0,1,1000.0,1000.0,8.0,29.0,12.0,1,0.0,airtime,ChannelId_3,ProviderId_1,34,1,1000.0,1
CustomerId_3171,58160.0,19386.666666666668,35172.269379915386,-1000.0,60000.0,3,63640.0,21213.333333333332,10.0,28.0,11.0,2,0.0,financial_services,ChannelId_2,ProviderId_4,65,3,58160.0,1
CustomerId_3172,103900.0,5772.222222222223,7729.531266174633,-5000.0,20000.0,18,131900.0,7327.777777777777,9.333333333333334,18.61111111111111,8.11111111111111,2,0.0,airtime,ChannelId_3,ProviderId_4,5,18,103900.0,0
CustomerId_3174,221468.6,18455.716666666667,32097.704247835467,-5000.0,72000.0,12,254392.0,21199.333333333332,10.916666666666666,22.75,11.25,5,0.0,financial_services,ChannelId_3,ProviderId_4,62,12,221468.6,1
CustomerId_3175,23400.0,3342.8571428571427,5292.008800338218,-500.0,12000.0,7,24600.0,3514.285714285714,11.857142857142858,5.285714285714286,12.0,3,0.0,financial_services,ChannelId_3,ProviderId_4,51,7,23400.0,1
CustomerId_3178,314000.0,62800.0,68386.40215715402,-5000.0,160000.0,5,326000.0,65200.0,13.0,15.0,12.0,2,0.0,ticket,ChannelId_3,ProviderId_4,47,5,314000.0,1
CustomerId_3180,158871.0,2371.208955223881,6074.84328401755,-12000.0,30000.0,67,272217.0,4062.9402985074626,14.134328358208956,16.432835820895523,10.805970149253731,6,0.0,airtime,ChannelId_3,ProviderId_4,6,67,158871.0,0
CustomerId_3181,40920.0,2273.3333333333335,5401.398511714623,-5000.0,15000.0,18,63440.0,3524.4444444444443,10.11111111111111,17.27777777777778,7.111111111111111,5,0.0,financial_services,ChannelId_3,ProviderId_4,11,18,40920.0,0
CustomerId_3187,48590.0,991.6326530612245,1182.378600073413,-250.0,5000.0,49,51610.0,1053.265306122449,11.755102040816327,21.612244897959183,6.163265306122449,4,0.0,airtime,ChannelId_3,ProviderId_5,1,49,48590.0,0
CustomerId_3188,5000.0,5000.0,0.0,5000.0,5000.0,1,7000.0,7000.0,8.0,22.0,11.0,1,0.0,movies,ChannelId_1,ProviderId_6,71,1,5000.0,1
CustomerId_319,62000.0,62000.0,0.0,62000.0,62000.0,1,62000.0,62000.0,11.0,21.0,1.0,1,0.0,transport,ChannelId_3,ProviderId_5,10,1,62000.0,0
CustomerId_3190,120000.0,4800.0,6892.266197219412,-5000.0,10200.0,25,192400.0,7696.0,10.24,14.72,1.0,3,0.0,airtime,ChannelId_3,ProviderId_4,6,25,120000.0,0
CustomerId_3192,35000.0,3888.8888888888887,6527.71867585538,-5000.0,10000.0,9,57000.0,6333.333333333333,14.666666666666666,21.11111111111111,1.0,3,0.0,financial_services,ChannelId_3,ProviderId_6,6,9,35000.0,0
CustomerId_3193,61244.0,6804.888888888889,12604.995165057031,-392.0,30000.0,9,62156.0,6906.222222222223,14.0,23.0,11.0,5,0.0,financial_services,ChannelId_3,ProviderId_4,69,9,61244.0,1
CustomerId_3194,10000.0,10000.0,0.0,10000.0,10000.0,1,10000.0,10000.0,16.0,13.0,12.0,1,0.0,financial_services,ChannelId_3,ProviderId_5,49,1,10000.0,1
CustomerId_3196,3530.0,320.90909090909093,663.9006634347422,-1000.0,1135.0,11,5740.0,521.8181818181819,12.636363636363637,13.181818181818182,12.0,4,0.0,financial_services,ChannelId_2,ProviderId_4,48,11,3530.0,1
CustomerId_3197,80000.0,80000.0,0.0,80000.0,80000.0,1,80000.0,80000.0,9.0,14.0,12.0,1,0.0,ticket,ChannelId_3,ProviderId_5,49,1,80000.0,1
CustomerId_3198,265709.0,8303.40625,18195.648513577005,-5000.0,75000.0,32,364751.0,11398.46875,13.75,14.40625,9.65625,7,0.0,financial_services,ChannelId_3,ProviderId_6,1,32,265709.0,0
CustomerId_320,40000.0,20000.0,0.0,20000.0,20000.0,2,40000.0,20000.0,4.0,18.0,1.0,1,0.0,financial_services,ChannelId_3,ProviderId_5,14,2,40000.0,0
CustomerId_3200,247562.0,5626.409090909091,13783.578239505394,-5000.0,55000.0,44,292538.0,6648.590909090909,15.045454545454545,13.045454545454545,10.181818181818182,7,0.0,financial_services,ChannelId_2,ProviderId_4,15,44,247562.0,0
CustomerId_3201,40000.0,20000.0,0.0,20000.0,20000.0,2,43600.0,21800.0,10.5,4.0,1.0,1,0.0,utility_bill,ChannelId_3,ProviderId_3,27,2,40000.0,0
CustomerId_3203,79000.0,19750.0,40376.354466444835,-5000.0,80000.0,4,91000.0,22750.0,11.0,15.0,12.0,3,0.0,financial_services,ChannelId_2,ProviderId_4,47,4,79000.0,1
CustomerId_3204,682472.9,1648.485265700483,3393.338245564956,-5000.0,30000.0,414,744082.0,1797.2995169082126,13.23671497584541,17.67632850241546,8.51207729468599,9,0.0,financial_services,ChannelId_3,ProviderId_6,2,414,682472.9,0
CustomerId_3205,24175.0,1007.2916666666666,2299.1888830471357,-1000.0,11000.0,24,28025.0,1167.7083333333333,14.916666666666666,17.666666666666668,5.125,3,0.0,financial_services,ChannelId_2,ProviderId_4,5,24,24175.0,0
CustomerId_3206,149000.0,29800.0,45855.20690172491,-5000.0,80000.0,5,171000.0,34200.0,10.0,15.0,12.0,2,0.0,financial_services,ChannelId_2,ProviderId_4,47,5,149000.0,1
CustomerId_3208,59000.0,4214.285714285715,4689.244180996655,-2000.0,10000.0,14,85000.0,6071.428571428572,10.714285714285714,21.071428571428573,1.0,4,0.0,financial_services,ChannelId_3,ProviderId_6,9,14,59000.0,0
CustomerId_3209,63577.75,775.3384146341464,1260.1728701297436,-496.0,5555.0,83,68597.0,836.5487804878048,15.353658536585366,14.182926829268293,8.646341463414634,6,0.0,financial_services,ChannelId_3,ProviderId_4,1,83,63577.75,0
CustomerId_321,200000.0,200000.0,0.0,200000.0,200000.0,1,200000.0,200000.0,12.0,27.0,11.0,1,0.0,financial_services,ChannelId_1,ProviderId_3,65,1,200000.0,1
CustomerId_3210,75000.0,6250.0,6784.005252999681,-5000.0,10000.0,12,105000.0,8750.0,12.25,7.0,12.0,3,0.0,airtime,ChannelId_3,ProviderId_5,55,12,75000.0,1
CustomerId_3211,19000.0,3166.6666666666665,7626.707459098367,-5000.0,10000.0,6,41000.0,6833.333333333333,11.0,28.0,12.0,3,0.0,airtime,ChannelId_2,ProviderId_4,34,6,19000.0,1
CustomerId_3213,142626.0,2641.222222222222,3094.8334162299975,-5000.0,10000.0,54,178574.0,3306.925925925926,14.24074074074074,18.59259259259259,8.314814814814815,6,0.0,airtime,ChannelId_3,ProviderId_6,6,54,142626.0,0
CustomerId_3214,500.0,500.0,0.0,500.0,500.0,1,500.0,500.0,2.0,30.0,1.0,1,0.0,financial_services,ChannelId_3,ProviderId_1,2,1,500.0,0
CustomerId_3217,27880.0,2788.0,3919.6932986594184,-50.0,10000.0,10,28120.0,2812.0,17.8,14.4,4.1,4,0.0,financial_services,ChannelId_3,ProviderId_6,17,10,27880.0,0
CustomerId_3218,290865.0,2237.423076923077,12344.628452947609,-5000.0,100000.0,130,310845.0,2391.1153846153848,14.2,15.6,12.0,6,0.0,financial_services,ChannelId_3,ProviderId_4,46,130,290865.0,1
CustomerId_3219,40000.0,5000.0,8982.363672378064,-5000.0,20000.0,8,61400.0,7675.0,11.375,23.0,11.0,4,0.0,financial_services,ChannelId_2,ProviderId_4,69,8,40000.0,1
CustomerId_322,500.0,500.0,0.0,500.0,500.0,1,500.0,500.0,12.0,10.0,12.0,1,0.0,airtime,ChannelId_3,ProviderId_1,52,1,500.0,1
CustomerId_3220,10980.0,1568.5714285714287,4757.05591226138,-5000.0,10000.0,7,24220.0,3460.0,13.285714285714286,23.428571428571427,12.0,5,0.0,financial_services,ChannelId_3,ProviderId_4,35,7,10980.0,1
CustomerId_3222,86901.0,5793.4,9507.605067223067,-1005.0,25000.0,15,95049.0,6336.6,15.066666666666666,22.733333333333334,7.666666666666667,4,0.0,financial_services,ChannelId_3,ProviderId_6,14,15,86901.0,0
CustomerId_3223,52950.0,1357.6923076923076,2754.8411565044635,-5000.0,10000.0,39,74450.0,1908.974358974359,11.58974358974359,15.282051282051283,6.282051282051282,4,0.0,airtime,ChannelId_3,ProviderId_5,13,39,52950.0,0
CustomerId_3224,123528.8,2807.4727272727273,7994.2577158905815,-5000.0,36000.0,44,169352.0,3848.909090909091,9.931818181818182,14.772727272727273,9.25,8,0.0,airtime,ChannelId_3,ProviderId_4,14,44,123528.8,0
CustomerId_3225,627727.7,2266.1649819494583,4105.897447446836,-5000.0,15000.0,277,790933.0,2855.3537906137185,11.15884476534296,18.812274368231048,7.79783393501805,7,0.0,financial_services,ChannelId_3,ProviderId_6,2,277,627727.7,0
CustomerId_3229,11300.0,1412.5,4203.888506065375,-5000.0,10000.0,8,22500.0,2812.5,10.75,20.75,8.5,4,0.0,airtime,ChannelId_3,ProviderId_4,12,8,11300.0,0
CustomerId_323,747000.0,83000.0,25514.701644346147,47000.0,100000.0,9,757410.0,84156.66666666667,18.77777777777778,22.333333333333332,10.0,2,0.0,financial_services,ChannelId_3,ProviderId_3,21,9,747000.0,0
CustomerId_3230,22025.0,1376.5625,2542.5949466047477,-1000.0,10000.0,16,24975.0,1560.9375,15.5,20.3125,7.6875,3,0.0,airtime,ChannelId_3,ProviderId_4,11,16,22025.0,0
CustomerId_3231,5000.0,5000.0,0.0,5000.0,5000.0,1,5000.0,5000.0,8.0,28.0,12.0,1,0.0,financial_services,ChannelId_3,ProviderId_5,35,1,5000.0,1
CustomerId_3232,61005.0,4692.692307692308,8948.309108286096,-1000.0,30000.0,13,65395.0,5030.384615384615,10.692307692307692,12.538461538461538,9.461538461538462,6,0.0,airtime,ChannelId_3,ProviderId_6,15,13,61005.0,0
CustomerId_3233,475431.0,3995.218487394958,9794.470691229324,-5000.0,80000.0,119,653189.0,5488.983193277311,13.168067226890756,15.890756302521009,8.61344537815126,9,0.0,financial_services,ChannelId_3,ProviderId_6,2,119,475431.0,0
CustomerId_3234,1000.0,333.3333333333333,1154.7005383792516,-1000.0,1000.0,3,3000.0,1000.0,21.0,8.0,1.0,3,0.0,financial_services,ChannelId_3,ProviderId_4,23,3,1000.0,0
CustomerId_3235,93580.0,773.3884297520661,1134.951374669864,-1000.0,6000.0,121,99868.0,825.3553719008264,11.909090909090908,20.785123966942148,3.727272727272727,8,0.0,financial_services,ChannelId_3,ProviderId_4,1,121,93580.0,0
CustomerId_3236,500.0,500.0,0.0,500.0,500.0,1,500.0,500.0,10.0,19.0,11.0,1,0.0,financial_services,ChannelId_3,ProviderId_5,73,1,500.0,1
CustomerId_3237,10000.0,5000.0,0.0,5000.0,5000.0,2,10000.0,5000.0,8.0,27.0,1.0,1,0.0,financial_services,ChannelId_1,ProviderId_3,5,2,10000.0,0
CustomerId_3238,76226.45,1229.4588709677419,2085.986861422328,-496.0,9500.0,62,84305.0,1359.758064516129,16.467741935483872,17.193548387096776,7.645161290322581,6,0.0,financial_services,ChannelId_3,ProviderId_5,5,62,76226.45,0
CustomerId_324,1000.0,1000.0,0.0,1000.0,1000.0,1,1000.0,1000.0,15.0,7.0,12.0,1,0.0,financial_services,ChannelId_3,ProviderId_1,55,1,1000.0,1
CustomerId_3241,110640.0,3073.3333333333335,5967.014687908375,-225.0,30000.0,36,114760.0,3187.777777777778,11.805555555555555,17.75,8.305555555555555,4,0.0,financial_services,ChannelId_3,ProviderId_4,8,36,110640.0,0
CustomerId_3242,19000.0,3800.0,6685.805860178712,-5000.0,10000.0,5,31000.0,6200.0,19.0,28.0,12.0,3,0.0,financial_services,ChannelId_3,ProviderId_4,34,5,19000.0,1
CustomerId_3243,96338.0,2535.2105263157896,6114.386076264397,-462.0,33000.0,38,99652.0,2622.4210526315787,12.81578947368421,13.605263157894736,10.605263157894736,5,0.0,airtime,ChannelId_3,ProviderId_4,2,38,96338.0,0
CustomerId_3245,80000.0,4000.0,5628.872935705316,-5000.0,10000.0,20,112000.0,5600.0,10.9,21.4,4.85,4,0.0,airtime,ChannelId_3,ProviderId_6,7,20,80000.0,0
CustomerId_3246,13344.0,1334.4,2171.834411531209,-1000.0,5000.0,10,17406.0,1740.6,10.7,13.1,10.6,3,0.0,financial_services,ChannelId_2,ProviderId_4,18,10,13344.0,0
CustomerId_3247,7900.0,790.0,442.7188724235731,-50.0,1000.0,10,8100.0,810.0,9.1,18.3,8.0,4,0.0,financial_services,ChannelId_3,ProviderId_5,22,10,7900.0,0
CustomerId_3250,22250.0,794.6428571428571,1204.2778138411638,-200.0,4000.0,28,24150.0,862.5,12.928571428571429,15.607142857142858,10.785714285714286,5,0.0,financial_services,ChannelId_2,ProviderId_4,4,28,22250.0,0
CustomerId_3252,5000.0,5000.0,0.0,5000.0,5000.0,1,5000.0,5000.0,21.0,18.0,1.0,1,0.0,airtime,ChannelId_3,ProviderId_3,13,1,5000.0,0
CustomerId_3253,975.0,325.0,303.10889132455355,-25.0,500.0,3,1025.0,341.6666666666667,5.666666666666667,18.333333333333332,12.0,3,0.0,financial_services,ChannelId_3,ProviderId_4,42,3,975.0,1
CustomerId_3254,2000.0,2000.0,0.0,2000.0,2000.0,1,2000.0,2000.0,5.0,19.0,11.0,1,0.0,financial_services,ChannelId_3,ProviderId_5,74,1,2000.0,1
CustomerId_3255,60000.0,7500.0,10155.927192672127,-5000.0,20000.0,8,82000.0,10250.0,6.0,11.0,1.0,4,0.0,financial_services,ChannelId_3,ProviderId_4,21,8,60000.0,0
CustomerId_3256,500.0,500.0,0.0,500.0,500.0,1,500.0,500.0,13.0,7.0,12.0,1,0.0,airtime,ChannelId_3,ProviderId_5,55,1,500.0,1
CustomerId_3257,52000.0,4000.0,8568.449879256652,-5000.0,20000.0,13,89000.0,6846.153846153846,10.153846153846153,13.384615384615385,12.0,5,0.0,airtime,ChannelId_3,ProviderId_4,34,13,52000.0,1
CustomerId_3258,394000.0,78800.0,81515.02928908264,-5000.0,160000.0,5,406000.0,81200.0,5.8,13.0,12.0,2,0.0,ticket,ChannelId_3,ProviderId_5,50,5,394000.0,1
CustomerId_3259,39000.0,3545.4545454545455,7501.514998500455,-5000.0,10000.0,11,81000.0,7363.636363636364,13.272727272727273,17.09090909090909,7.0,3,0.0,airtime,ChannelId_3,ProviderId_4,28,11,39000.0,0
CustomerId_3260,1000.0,1000.0,0.0,1000.0,1000.0,1,1000.0,1000.0,23.0,25.0,1.0,1,0.0,airtime,ChannelId_3,ProviderId_5,6,1,1000.0,0
CustomerId_3261,19200.0,3840.0,6732.235884162112,-5000.0,10100.0,5,31200.0,6240.0,12.0,28.0,12.0,3,0.0,financial_services,ChannelId_3,ProviderId_4,34,5,19200.0,1
CustomerId_3262,4470.0,745.0,695.751392380928,-20.0,1500.0,6,4530.0,755.0,12.666666666666666,15.5,11.5,3,0.0,airtime,ChannelId_3,ProviderId_6,58,6,4470.0,1
CustomerId_3263,40000.0,4444.444444444444,6463.573143221772,-5000.0,10000.0,9,62000.0,6888.888888888889,9.0,26.666666666666668,7.111111111111111,3,0.0,financial_services,ChannelId_3,ProviderId_6,7,9,40000.0,0
CustomerId_3265,428469.25,1326.5301857585139,5216.313527019663,-1000.0,50223.0,323,446198.0,1381.4179566563469,11.708978328173375,25.9969040247678,11.761609907120743,9,0.0,financial_services,ChannelId_3,ProviderId_6,22,323,428469.25,0
CustomerId_3266,29000.0,4833.333333333333,6493.586579592719,-5000.0,10000.0,6,41000.0,6833.333333333333,20.0,30.0,11.0,3,0.0,financial_services,ChannelId_3,ProviderId_1,62,6,29000.0,1
CustomerId_3267,40000.0,3333.3333333333335,5678.241298362042,-5000.0,10000.0,12,62000.0,5166.666666666667,9.75,19.416666666666668,7.416666666666667,4,0.0,airtime,ChannelId_3,ProviderId_6,13,12,40000.0,0
CustomerId_3268,-510.0,-170.0,762.6925986267338,-1000.0,500.0,3,1510.0,503.3333333333333,8.0,11.0,1.0,2,0.0,financial_services,ChannelId_2,ProviderId_4,21,3,-510.0,0
CustomerId_327,500.0,500.0,0.0,500.0,500.0,1,500.0,500.0,3.0,23.0,12.0,1,0.0,financial_services,ChannelId_3,ProviderId_1,40,1,500.0,1
CustomerId_3270,90000.0,4736.8421052631575,6862.799115223062,-5000.0,11000.0,19,142400.0,7494.736842105263,8.368421052631579,17.736842105263158,1.0,3,0.0,airtime,ChannelId_3,ProviderId_1,6,19,90000.0,0
CustomerId_3271,10080.0,10080.0,0.0,10080.0,10080.0,1,10080.0,10080.0,5.0,21.0,12.0,1,0.0,financial_services,ChannelId_3,ProviderId_5,42,1,10080.0,1
CustomerId_3272,75110.0,2781.8518518518517,8946.500681201922,-18.0,46000.0,27,75506.0,2796.5185185185187,11.777777777777779,13.296296296296296,11.185185185185185,5,0.0,airtime,ChannelId_3,ProviderId_1,22,27,75110.0,0
CustomerId_3273,500.0,125.0,750.0,-1000.0,500.0,4,2500.0,625.0,18.0,6.0,1.0,3,0.0,airtime,ChannelId_3,ProviderId_1,23,4,500.0,0
CustomerId_3274,1000.0,1000.0,0.0,1000.0,1000.0,1,1000.0,1000.0,9.0,17.0,12.0,1,0.0,airtime,ChannelId_3,ProviderId_6,46,1,1000.0,1
CustomerId_3275,19000.0,3166.6666666666665,6104.643041707408,-5000.0,10000.0,6,31000.0,5166.666666666667,10.0,28.0,12.0,3,0.0,airtime,ChannelId_3,ProviderId_6,34,6,19000.0,1
CustomerId_3276,23310.0,518.0,542.3752474909866,-60.0,1500.0,45,25290.0,562.0,12.777777777777779,14.311111111111112,9.733333333333333,4,0.0,airtime,ChannelId_3,ProviderId_4,7,45,23310.0,0
CustomerId_3278,20000.0,4000.0,6745.368781616021,-5000.0,10000.0,5,32000.0,6400.0,14.0,25.0,1.0,3,0.0,financial_services,ChannelId_3,ProviderId_4,6,5,20000.0,0
CustomerId_3279,117995.0,23599.0,24328.20390000051,-1005.0,50000.0,5,125355.0,25071.0,12.2,8.8,5.2,3,0.0,financial_services,ChannelId_3,ProviderId_4,28,5,117995.0,0
CustomerId_328,71017.25,1076.0189393939395,3511.8886416523146,-5000.0,25000.0,66,96761.0,1466.0757575757575,15.803030303030303,17.12121212121212,11.0,8,0.0,airtime,ChannelId_3,ProviderId_4,67,66,71017.25,1
CustomerId_3280,3610.0,601.6666666666666,745.6987774340699,-75.0,1500.0,6,3990.0,665.0,13.833333333333334,11.833333333333334,11.666666666666666,2,0.0,airtime,ChannelId_2,ProviderId_4,53,6,3610.0,1
CustomerId_3282,1000.0,1000.0,0.0,1000.0,1000.0,1,1000.0,1000.0,12.0,15.0,11.0,1,0.0,airtime,ChannelId_3,ProviderId_5,77,1,1000.0,1
CustomerId_3285,19000.0,3800.0,6685.805860178712,-5000.0,10000.0,5,31000.0,6200.0,16.0,28.0,12.0,3,0.0,financial_services,ChannelId_3,ProviderId_4,34,5,19000.0,1
CustomerId_3287,3750.0,1250.0,3269.174207655505,-1000.0,5000.0,3,6250.0,2083.3333333333335,9.0,17.0,12.0,2,0.0,financial_services,ChannelId_2,ProviderId_4,46,3,3750.0,1
CustomerId_3289,90000.0,3913.0434782608695,7304.7496595662205,-5000.0,11000.0,23,172400.0,7495.652173913043,7.913043478260869,15.043478260869565,1.0,3,0.0,airtime,ChannelId_3,ProviderId_4,6,23,90000.0,0
CustomerId_329,8640.0,1440.0,1709.2103439892937,-150.0,3000.0,6,9360.0,1560.0,11.0,21.666666666666668,7.666666666666667,3,0.0,airtime,ChannelId_2,ProviderId_4,21,6,8640.0,0
CustomerId_3290,32678.0,3267.8,5779.0014093170885,-5000.0,12000.0,10,49822.0,4982.2,9.9,24.8,11.0,3,0.0,financial_services,ChannelId_2,ProviderId_4,65,10,32678.0,1
CustomerId_3291,18356.0,6118.666666666667,12022.905028874398,-1000.0,20000.0,3,23444.0,7814.666666666667,18.0,20.0,12.0,2,0.0,financial_services,ChannelId_2,ProviderId_4,42,3,18356.0,1
CustomerId_3292,56255.0,1654.5588235294117,2428.7908101492067,-250.0,9000.0,34,58145.0,1710.1470588235295,13.735294117647058,20.647058823529413,2.6176470588235294,4,0.0,airtime,ChannelId_3,ProviderId_5,1,34,56255.0,0
CustomerId_3293,17000.0,8500.0,4949.747468305833,5000.0,12000.0,2,17000.0,8500.0,15.5,12.0,12.0,1,0.0,financial_services,ChannelId_3,ProviderId_5,50,2,17000.0,1
CustomerId_3294,3000.0,3000.0,0.0,3000.0,3000.0,1,3000.0,3000.0,15.0,6.0,1.0,1,0.0,financial_services,ChannelId_3,ProviderId_5,25,1,3000.0,0
CustomerId_3295,-13200.0,-6600.0,10465.180361560904,-14000.0,800.0,2,14800.0,7400.0,17.5,12.5,6.5,2,0.0,airtime,ChannelId_3,ProviderId_4,17,2,-13200.0,0
CustomerId_3296,1000.0,1000.0,0.0,1000.0,1000.0,1,1000.0,1000.0,14.0,9.0,1.0,1,0.0,financial_services,ChannelId_3,ProviderId_5,22,1,1000.0,0
CustomerId_3297,19000.0,3800.0,6685.805860178712,-5000.0,10000.0,5,31000.0,6200.0,16.0,28.0,12.0,3,0.0,financial_services,ChannelId_3,ProviderId_4,34,5,19000.0,1
CustomerId_3298,10900.0,2725.0,5010.23951523278,-1000.0,10000.0,4,13100.0,3275.0,16.0,18.75,1.0,3,0.0,financial_services,ChannelId_2,ProviderId_4,11,4,10900.0,0
CustomerId_3299,206745.0,9845.0,22342.882535608514,-5000.0,100000.0,21,227155.0,10816.904761904761,11.333333333333334,17.952380952380953,6.238095238095238,5,0.0,airtime,ChannelId_3,ProviderId_6,3,21,206745.0,0
CustomerId_330,60975.0,4355.357142857143,6214.4541391221765,-5000.0,15000.0,14,83225.0,5944.642857142857,9.571428571428571,23.071428571428573,1.0,4,0.0,financial_services,ChannelId_3,ProviderId_6,3,14,60975.0,0
CustomerId_3301,-510.0,-170.0,762.6925986267338,-1000.0,500.0,3,1510.0,503.3333333333333,0.6666666666666666,23.0,12.0,2,0.0,financial_services,ChannelId_2,ProviderId_4,40,3,-510.0,1
CustomerId_3303,24878.0,4146.333333333333,6700.513462912128,-2000.0,15000.0,6,35277.0,5879.5,14.333333333333334,18.0,12.0,4,0.0,financial_services,ChannelId_2,ProviderId_4,44,6,24878.0,1
CustomerId_3306,1000.0,333.3333333333333,1154.7005383792516,-1000.0,1000.0,3,3000.0,1000.0,21.333333333333332,10.0,4.666666666666667,3,0.0,financial_services,ChannelId_3,ProviderId_4,25,3,1000.0,0
CustomerId_3307,85388.0,2033.047619047619,4301.276934349822,-5000.0,12000.0,42,120012.0,2857.4285714285716,14.476190476190476,20.142857142857142,8.166666666666666,6,0.0,airtime,ChannelId_3,ProviderId_6,1,42,85388.0,0
CustomerId_3308,40000.0,4444.444444444444,6463.573143221772,-5000.0,10000.0,9,62000.0,6888.888888888889,16.11111111111111,14.11111111111111,1.0,3,0.0,financial_services,ChannelId_3,ProviderId_6,13,9,40000.0,0
CustomerId_3309,50000.0,50000.0,0.0,50000.0,50000.0,1,50000.0,50000.0,5.0,26.0,1.0,1,0.0,financial_services,ChannelId_3,ProviderId_5,6,1,50000.0,0
CustomerId_331,6140.0,1228.0,3272.3340294047,-1000.0,7000.0,5,8860.0,1772.0,11.6,27.8,12.0,3,0.0,financial_services,ChannelId_2,ProviderId_4,33,5,6140.0,1
CustomerId_3310,29990.0,749.75,580.5003920138255,-1000.0,1500.0,40,32880.0,822.0,13.975,15.525,1.0,4,0.0,financial_services,ChannelId_3,ProviderId_5,9,40,29990.0,0
CustomerId_3311,19000.0,3166.6666666666665,7626.707459098367,-5000.0,10000.0,6,41000.0,6833.333333333333,15.0,21.0,12.0,3,0.0,airtime,ChannelId_2,ProviderId_4,41,6,19000.0,1
CustomerId_3313,3900.0,1300.0,3235.737937472687,-1000.0,5000.0,3,6100.0,2033.3333333333333,18.0,18.0,12.0,2,0.0,financial_services,ChannelId_2,ProviderId_4,44,3,3900.0,1
CustomerId_3314,1000.0,500.0,0.0,500.0,500.0,2,1000.0,500.0,20.0,4.0,1.0,1,0.0,financial_services,ChannelId_3,ProviderId_5,27,2,1000.0,0
CustomerId_3315,23400.0,23400.0,0.0,23400.0,23400.0,1,23400.0,23400.0,5.0,28.0,11.0,1,0.0,financial_services,ChannelId_3,ProviderId_5,65,1,23400.0,1
CustomerId_3318,10260.0,1026.0,1044.8200270328325,-1000.0,2500.0,10,12340.0,1234.0,16.0,6.8,1.0,5,0.0,financial_services,ChannelId_3,ProviderId_1,21,10,10260.0,0
CustomerId_3320,20000.0,4000.0,6745.368781616021,-5000.0,10000.0,5,32000.0,6400.0,8.0,25.0,1.0,3,0.0,financial_services,ChannelId_3,ProviderId_4,7,5,20000.0,0
CustomerId_3326,20000.0,3333.3333333333335,7814.516406449389,-5000.0,11000.0,6,42000.0,7000.0,14.333333333333334,11.0,1.0,3,0.0,airtime,ChannelId_2,ProviderId_4,20,6,20000.0,0
CustomerId_3327,10000.0,10000.0,0.0,10000.0,10000.0,1,10000.0,10000.0,8.0,11.0,12.0,1,0.0,financial_services,ChannelId_3,ProviderId_1,52,1,10000.0,1
CustomerId_3328,47830.0,1195.75,1778.878770317747,-350.0,7000.0,40,51570.0,1289.25,14.225,23.075,1.0,3,0.0,airtime,ChannelId_3,ProviderId_5,2,40,47830.0,0
CustomerId_3329,9210.0,541.7647058823529,3537.9747654804537,-11000.0,5000.0,17,34120.0,2007.0588235294117,11.352941176470589,16.647058823529413,1.0,6,0.0,financial_services,ChannelId_3,ProviderId_4,2,17,9210.0,0
CustomerId_3330,1629351.0,14547.776785714286,58993.9157624391,-21000.0,420000.0,112,1935147.0,17278.098214285714,9.910714285714286,17.633928571428573,9.303571428571429,9,0.0,airtime,ChannelId_3,ProviderId_4,3,112,1629351.0,0
CustomerId_3331,25000.0,8333.333333333334,19731.53144926499,-5000.0,31000.0,3,37000.0,12333.333333333334,14.0,17.0,12.0,2,0.0,financial_services,ChannelId_2,ProviderId_4,45,3,25000.0,1
CustomerId_3332,33159.0,3014.4545454545455,8315.993210238166,-392.0,28000.0,11,34975.0,3179.5454545454545,11.727272727272727,13.545454545454545,11.727272727272727,3,0.0,airtime,ChannelId_3,ProviderId_3,48,11,33159.0,1
CustomerId_3333,2000.0,2000.0,0.0,2000.0,2000.0,1,2000.0,2000.0,12.0,1.0,1.0,1,0.0,data_bundles,ChannelId_3,ProviderId_6,30,1,2000.0,0
CustomerId_3334,9233.0,710.2307692307693,393.2353311199613,-55.0,1100.0,13,9367.0,720.5384615384615,10.538461538461538,22.23076923076923,11.615384615384615,4,0.0,financial_services,ChannelId_3,ProviderId_1,39,13,9233.0,1
CustomerId_3339,1000.0,333.3333333333333,1154.7005383792516,-1000.0,1000.0,3,3000.0,1000.0,6.333333333333333,8.666666666666666,1.0,3,0.0,financial_services,ChannelId_3,ProviderId_4,23,3,1000.0,0
CustomerId_334,200000.0,6060.606060606061,9323.087585194731,-5000.0,20700.0,33,302800.0,9175.757575757576,10.424242424242424,18.03030303030303,11.363636363636363,4,0.0,financial_services,ChannelId_3,ProviderId_4,48,33,200000.0,1
CustomerId_3340,11434.0,1429.25,4406.2759056989225,-5000.0,10000.0,8,24516.0,3064.5,10.0,23.25,3.75,4,0.0,financial_services,ChannelId_2,ProviderId_4,7,8,11434.0,0
CustomerId_3341,-4000.0,-444.44444444444446,3320.8098075285457,-5000.0,5000.0,9,24000.0,2666.6666666666665,10.555555555555555,23.444444444444443,1.0,1,0.0,airtime,ChannelId_5,ProviderId_4,3,9,-4000.0,0
CustomerId_3343,1000.0,1000.0,0.0,1000.0,1000.0,1,1000.0,1000.0,16.0,21.0,1.0,1,0.0,financial_services,ChannelId_3,ProviderId_5,10,1,1000.0,0
CustomerId_3344,20000.0,4000.0,6745.368781616021,-5000.0,10000.0,5,32000.0,6400.0,18.8,25.0,1.0,3,0.0,financial_services,ChannelId_3,ProviderId_4,6,5,20000.0,0
CustomerId_3347,3000.0,1500.0,707.1067811865476,1000.0,2000.0,2,3000.0,1500.0,12.0,10.0,1.0,2,0.0,airtime,ChannelId_3,ProviderId_5,21,2,3000.0,0
CustomerId_3349,22856.0,2285.6,4765.9097580863,-5000.0,11000.0,10,36874.0,3687.4,16.8,17.8,11.8,5,0.0,data_bundles,ChannelId_3,ProviderId_6,45,10,22856.0,1
CustomerId_335,758497.25,8069.119680851064,23188.43560010638,-5000.0,137000.0,94,883082.0,9394.489361702128,10.01063829787234,17.861702127659573,7.75531914893617,8,0.0,financial_services,ChannelId_3,ProviderId_6,3,94,758497.25,0
CustomerId_3352,70000.0,5000.0,6336.706254344299,-5000.0,11000.0,14,102000.0,7285.714285714285,12.285714285714286,21.071428571428573,4.928571428571429,3,0.0,financial_services,ChannelId_3,ProviderId_6,6,14,70000.0,0
CustomerId_3353,142792.0,971.374149659864,2378.3880324761585,-10000.0,13000.0,147,195028.0,1326.7210884353742,12.54421768707483,17.836734693877553,8.394557823129253,8,0.0,financial_services,ChannelId_3,ProviderId_4,1,147,142792.0,0
CustomerId_3354,8800.0,2933.3333333333335,6132.97100379036,-1000.0,10000.0,3,11200.0,3733.3333333333335,19.0,31.0,12.0,2,0.0,financial_services,ChannelId_2,ProviderId_4,31,3,8800.0,1
CustomerId_3356,5000.0,5000.0,0.0,5000.0,5000.0,1,5000.0,5000.0,5.0,7.0,1.0,1,0.0,airtime,ChannelId_3,ProviderId_5,25,1,5000.0,0
CustomerId_3357,4000.0,1000.0,1414.213562373095,-1000.0,2000.0,4,6000.0,1500.0,10.75,8.25,1.0,3,0.0,airtime,ChannelId_3,ProviderId_5,22,4,4000.0,0
CustomerId_336,84560.0,3843.6363636363635,5745.759136262855,-1000.0,20000.0,22,89440.0,4065.4545454545455,10.545454545454545,20.0,1.0,5,0.0,airtime,ChannelId_3,ProviderId_6,6,22,84560.0,0
CustomerId_3360,19000.0,3166.6666666666665,7626.707459098367,-5000.0,10000.0,6,41000.0,6833.333333333333,16.0,28.0,12.0,3,0.0,airtime,ChannelId_2,ProviderId_4,34,6,19000.0,1
CustomerId_3361,2000.0,1000.0,0.0,1000.0,1000.0,2,2000.0,1000.0,5.0,5.0,1.0,2,0.0,airtime,ChannelId_3,ProviderId_5,27,2,2000.0,0
CustomerId_3363,50200.5,1859.2777777777778,2795.263274834953,-5000.0,10000.0,27,62800.0,2325.925925925926,12.37037037037037,16.925925925925927,3.8518518518518516,5,0.0,airtime,ChannelId_3,ProviderId_5,4,27,50200.5,0
CustomerId_3364,2000.0,2000.0,0.0,2000.0,2000.0,1,2000.0,2000.0,7.0,10.0,1.0,1,0.0,airtime,ChannelId_3,ProviderId_5,22,1,2000.0,0
CustomerId_3366,27300.0,6825.0,8872.5700898894,-1000.0,15000.0,4,30700.0,7675.0,9.0,15.0,3.75,3,0.0,financial_services,ChannelId_2,ProviderId_4,19,4,27300.0,0
CustomerId_337,192400.0,27485.714285714286,36288.44759109197,-1000.0,100000.0,7,195600.0,27942.85714285714,7.571428571428571,6.714285714285714,4.0,3,0.0,financial_services,ChannelId_3,ProviderId_1,31,7,192400.0,1
CustomerId_3371,1128186.73,4163.050664206642,10848.853965316419,-14000.0,100000.0,271,1409776.0,5202.125461254613,9.785977859778598,16.132841328413285,7.682656826568266,8,0.0,financial_services,ChannelId_3,ProviderId_6,7,271,1128186.73,0
CustomerId_3373,32000.0,2666.6666666666665,5484.744683430966,-5000.0,15000.0,12,58000.0,4833.333333333333,10.75,23.666666666666668,11.5,3,0.0,airtime,ChannelId_3,ProviderId_6,43,12,32000.0,1
CustomerId_3374,302408.0,3643.4698795180725,6833.492790333879,-5000.0,35000.0,83,322392.0,3884.240963855422,12.072289156626505,17.662650602409638,5.710843373493976,6,0.0,financial_services,ChannelId_3,ProviderId_6,1,83,302408.0,0
CustomerId_3375,300.0,300.0,0.0,300.0,300.0,1,300.0,300.0,12.0,2.0,1.0,1,0.0,airtime,ChannelId_3,ProviderId_5,29,1,300.0,0
CustomerId_3376,2000.0,1000.0,0.0,1000.0,1000.0,2,2000.0,1000.0,15.5,5.0,12.0,1,0.0,financial_services,ChannelId_3,ProviderId_5,55,2,2000.0,1
CustomerId_3377,1950.0,390.0,900.2777349240622,-1000.0,1000.0,5,4050.0,810.0,6.8,16.8,11.2,3,0.0,financial_services,ChannelId_3,ProviderId_4,62,5,1950.0,1
CustomerId_3378,80000.0,80000.0,0.0,80000.0,80000.0,1,80000.0,80000.0,15.0,10.0,12.0,1,0.0,ticket,ChannelId_1,ProviderId_6,52,1,80000.0,1
CustomerId_3379,74250.0,1903.8461538461538,2925.0198968145723,-1000.0,10000.0,39,79950.0,2050.0,12.307692307692308,21.28205128205128,6.076923076923077,4,0.0,airtime,ChannelId_3,ProviderId_5,3,39,74250.0,0
CustomerId_338,55000.0,27500.0,31819.80515339464,5000.0,50000.0,2,55000.0,27500.0,5.0,7.0,1.0,1,0.0,financial_services,ChannelId_3,ProviderId_1,25,2,55000.0,0
CustomerId_3380,20000.0,4000.0,6745.368781616021,-5000.0,10000.0,5,32000.0,6400.0,18.0,25.0,1.0,3,0.0,financial_services,ChannelId_3,ProviderId_4,6,5,20000.0,0
CustomerId_3381,0.0,0.0,866.0254037844386,-1000.0,500.0,3,2000.0,666.6666666666666,6.0,6.0,1.0,3,0.0,financial_services,ChannelId_3,ProviderId_1,25,3,0.0,0
CustomerId_3385,288382.0,12015.916666666666,8893.301875772755,-5000.0,20000.0,24,328643.0,13693.458333333334,15.375,15.791666666666666,8.583333333333334,5,0.0,financial_services,ChannelId_3,ProviderId_5,11,24,288382.0,0
CustomerId_3386,2930.0,488.3333333333333,1055.6593516218509,-1000.0,2000.0,6,5070.0,845.0,15.166666666666666,8.0,12.0,4,0.0,financial_services,ChannelId_2,ProviderId_4,51,6,2930.0,1
CustomerId_3387,8000.0,2000.0,0.0,2000.0,2000.0,4,8000.0,2000.0,9.75,2.0,12.0,1,0.0,financial_services,ChannelId_3,ProviderId_3,61,4,8000.0,1
CustomerId_3389,144240.0,1696.9411764705883,1734.867926583772,-80.0,5000.0,85,146560.0,1724.235294117647,15.623529411764705,16.91764705882353,6.894117647058824,3,0.0,financial_services,ChannelId_3,ProviderId_6,2,85,144240.0,0
CustomerId_3390,28120.0,827.0588235294117,949.3044644011252,-1000.0,2000.0,34,32480.0,955.2941176470588,12.647058823529411,21.235294117647058,1.0,4,0.0,airtime,ChannelId_3,ProviderId_5,2,34,28120.0,0
CustomerId_3391,97144.0,1103.909090909091,2089.140975288419,-5000.0,10000.0,88,113736.0,1292.4545454545455,10.738636363636363,20.28409090909091,1.0,7,0.0,financial_services,ChannelId_3,ProviderId_6,1,88,97144.0,0
CustomerId_3392,1490.0,248.33333333333334,689.9396108839285,-1000.0,1000.0,6,3510.0,585.0,16.166666666666668,17.5,2.8333333333333335,3,0.0,airtime,ChannelId_3,ProviderId_4,12,6,1490.0,0
CustomerId_3397,22808.0,1754.4615384615386,3155.8488719462,-1000.0,10000.0,13,26392.0,2030.1538461538462,5.6923076923076925,27.692307692307693,1.0,4,0.0,financial_services,ChannelId_2,ProviderId_4,1,13,22808.0,0
CustomerId_3398,44880.0,2805.0,2848.7704950264656,-60.0,8000.0,16,45320.0,2832.5,11.625,17.75,11.0,4,0.0,financial_services,ChannelId_3,ProviderId_3,73,16,44880.0,1
CustomerId_3399,21875.0,1215.2777777777778,1082.5194906847723,-1000.0,2500.0,18,24125.0,1340.2777777777778,18.0,14.555555555555555,2.2222222222222223,5,0.0,financial_services,ChannelId_3,ProviderId_1,17,18,21875.0,0
CustomerId_340,7790.0,865.5555555555555,953.4032608386536,-100.0,2000.0,9,8210.0,912.2222222222222,10.555555555555555,17.0,9.333333333333334,3,0.0,airtime,ChannelId_3,ProviderId_4,30,9,7790.0,0
CustomerId_3400,490.0,245.0,360.62445840513925,-10.0,500.0,2,510.0,255.0,14.0,26.0,11.0,2,0.0,airtime,ChannelId_2,ProviderId_4,66,2,490.0,1
CustomerId_3403,22207.2,1306.3058823529411,1608.220411071889,-1000.0,5000.0,17,26053.0,1532.5294117647059,11.823529411764707,21.58823529411765,4.235294117647059,6,0.0,financial_services,ChannelId_3,ProviderId_6,4,17,22207.2,0
CustomerId_3404,6940.0,1156.6666666666667,2143.5826708262657,-1000.0,5000.0,6,9060.0,1510.0,11.833333333333334,17.666666666666668,12.0,3,0.0,financial_services,ChannelId_2,ProviderId_4,44,6,6940.0,1
CustomerId_3405,219795.0,1201.0655737704917,4303.934066203373,-11000.0,41500.0,183,263405.0,1439.3715846994535,13.12568306010929,14.540983606557377,10.158469945355192,7,0.0,airtime,ChannelId_3,ProviderId_6,2,183,219795.0,0
CustomerId_3407,28560.0,2196.923076923077,3767.486749844836,-1000.0,10000.0,13,31440.0,2418.4615384615386,14.846153846153847,25.53846153846154,12.0,4,0.0,financial_services,ChannelId_3,ProviderId_4,35,13,28560.0,1
CustomerId_3408,19000.0,3166.6666666666665,7626.707459098367,-5000.0,10000.0,6,41000.0,6833.333333333333,17.0,28.0,12.0,3,0.0,airtime,ChannelId_2,ProviderId_4,34,6,19000.0,1
CustomerId_341,222112.0,7164.903225806452,13125.392081394086,-5000.0,55000.0,31,311873.0,10060.41935483871,13.96774193548387,17.193548387096776,5.612903225806452,7,0.0,financial_services,ChannelId_3,ProviderId_6,1,31,222112.0,0
CustomerId_3410,4900.0,816.6666666666666,1732.2432469681235,-1000.0,4000.0,6,7100.0,1183.3333333333333,6.666666666666667,27.333333333333332,12.0,3,0.0,financial_services,ChannelId_2,ProviderId_4,35,6,4900.0,1
CustomerId_3412,19000.0,3166.6666666666665,7626.707459098367,-5000.0,10000.0,6,41000.0,6833.333333333333,20.0,7.0,12.0,3,0.0,airtime,ChannelId_2,ProviderId_4,55,6,19000.0,1
CustomerId_3413,10350.0,1725.0,1903.0895932666965,-250.0,5000.0,6,11050.0,1841.6666666666667,5.666666666666667,23.666666666666668,11.0,4,0.0,airtime,ChannelId_3,ProviderId_6,64,6,10350.0,1
CustomerId_3414,1000.0,1000.0,0.0,1000.0,1000.0,1,1000.0,1000.0,8.0,23.0,11.0,1,0.0,financial_services,ChannelId_3,ProviderId_1,70,1,1000.0,1
CustomerId_3415,1264631.0,2941.0023255813953,7664.7670476733665,-5000.0,77000.0,430,1365689.0,3176.020930232558,13.18139534883721,16.02093023255814,1.0,9,0.0,financial_services,ChannelId_3,ProviderId_6,4,430,1264631.0,0
CustomerId_3416,3800.0,950.0,1212.4355652982142,-100.0,2000.0,4,4200.0,1050.0,7.5,20.0,11.0,2,0.0,airtime,ChannelId_2,ProviderId_4,71,4,3800.0,1
CustomerId_3417,19000.0,3800.0,6685.805860178712,-5000.0,10000.0,5,31000.0,6200.0,9.0,28.0,12.0,3,0.0,financial_services,ChannelId_3,ProviderId_4,35,5,19000.0,1
CustomerId_3419,80955.0,2130.3947368421054,4557.0258172881795,-1000.0,20000.0,38,87045.0,2290.657894736842,7.973684210526316,17.18421052631579,9.894736842105264,5,0.0,airtime,ChannelId_3,ProviderId_4,2,38,80955.0,0
CustomerId_3420,20000.0,3333.3333333333335,7814.516406449389,-5000.0,11000.0,6,42000.0,7000.0,12.166666666666666,25.166666666666668,1.0,3,0.0,airtime,ChannelId_2,ProviderId_4,5,6,20000.0,0
CustomerId_3421,100000.0,100000.0,0.0,100000.0,100000.0,1,100000.0,100000.0,1.0,25.0,1.0,1,0.0,financial_services,ChannelId_3,ProviderId_1,7,1,100000.0,0
CustomerId_3422,158093.2,1520.1269230769233,2646.6830653102666,-2000.0,10000.0,104,193547.0,1861.0288461538462,10.778846153846153,16.10576923076923,3.5384615384615383,9,0.0,financial_services,ChannelId_3,ProviderId_6,1,104,158093.2,0
CustomerId_3424,1000.0,500.0,0.0,500.0,500.0,2,1000.0,500.0,18.5,18.5,12.0,2,0.0,airtime,ChannelId_3,ProviderId_1,38,2,1000.0,1
CustomerId_3425,1000.0,1000.0,0.0,1000.0,1000.0,1,1000.0,1000.0,11.0,13.0,12.0,1,0.0,financial_services,ChannelId_3,ProviderId_5,49,1,1000.0,1
CustomerId_3426,2000.0,2000.0,0.0,2000.0,2000.0,1,2000.0,2000.0,17.0,15.0,12.0,1,0.0,financial_services,ChannelId_3,ProviderId_5,47,1,2000.0,1
CustomerId_3427,230465.0,2237.5242718446602,4696.449626578926,-5000.0,20000.0,103,339985.0,3300.8252427184466,12.728155339805825,17.932038834951456,8.514563106796116,5,0.0,airtime,ChannelId_3,ProviderId_5,6,103,230465.0,0
CustomerId_3428,19900.0,2842.8571428571427,190.23794624226838,2500.0,3000.0,7,19900.0,2842.8571428571427,8.0,18.0,11.0,1,0.0,financial_services,ChannelId_3,ProviderId_5,75,7,19900.0,1
CustomerId_343,60000.0,4285.714285714285,6169.759644097497,-5000.0,10000.0,14,92000.0,6571.428571428572,11.571428571428571,23.071428571428573,4.928571428571429,4,0.0,airtime,ChannelId_3,ProviderId_6,6,14,60000.0,0
CustomerId_3430,43750.0,2916.6666666666665,5588.5618731050845,-10000.0,10450.0,15,68950.0,4596.666666666667,15.2,17.733333333333334,4.666666666666667,6,0.0,financial_services,ChannelId_3,ProviderId_1,3,15,43750.0,0
CustomerId_3431,6575.0,1095.8333333333333,1139.5631472922712,-75.0,3000.0,6,6825.0,1137.5,18.333333333333332,15.5,4.666666666666667,2,0.0,airtime,ChannelId_3,ProviderId_5,2,6,6575.0,0
CustomerId_3432,109355.67,1115.8741836734694,3679.5983901087043,-5000.0,20000.0,98,166527.0,1699.2551020408164,9.948979591836734,18.43877551020408,11.622448979591837,7,0.0,financial_services,ChannelId_3,ProviderId_4,46,98,109355.67,1
CustomerId_3433,37103.1,1545.9624999999999,2484.1292217337927,-1000.0,10000.0,24,42802.0,1783.4166666666667,14.583333333333334,18.833333333333332,11.958333333333334,5,0.0,financial_services,ChannelId_3,ProviderId_4,42,24,37103.1,1
CustomerId_3434,19000.0,3166.6666666666665,7626.707459098367,-5000.0,10000.0,6,41000.0,6833.333333333333,11.166666666666666,28.0,12.0,3,0.0,airtime,ChannelId_2,ProviderId_4,34,6,19000.0,1
CustomerId_3435,7000.0,3500.0,2121.3203435596424,2000.0,5000.0,2,7000.0,3500.0,9.0,5.0,1.0,1,0.0,airtime,ChannelId_3,ProviderId_5,26,2,7000.0,0
CustomerId_3436,5244.0,749.1428571428571,1311.6843406566268,-1000.0,3000.0,7,7356.0,1050.857142857143,5.285714285714286,6.857142857142857,11.857142857142858,5,0.0,financial_services,ChannelId_3,ProviderId_4,57,7,5244.0,1
CustomerId_3437,19000.0,3166.6666666666665,7626.707459098367,-5000.0,10000.0,6,41000.0,6833.333333333333,19.0,28.0,12.0,3,0.0,airtime,ChannelId_2,ProviderId_4,34,6,19000.0,1
CustomerId_3438,31015.0,1033.8333333333333,1849.342233174352,-1000.0,5000.0,30,33387.0,1112.9,13.666666666666666,18.9,6.866666666666666,5,0.0,financial_services,ChannelId_3,ProviderId_6,3,30,31015.0,0
CustomerId_3439,100000.0,3333.3333333333335,6920.7999006161,-5000.0,10700.0,30,202800.0,6760.0,7.233333333333333,18.466666666666665,7.833333333333333,3,0.0,airtime,ChannelId_3,ProviderId_4,5,30,100000.0,0
CustomerId_3440,19350.0,879.5454545454545,1216.1276455275781,-1000.0,4000.0,22,22650.0,1029.5454545454545,13.545454545454545,14.318181818181818,1.0,4,0.0,airtime,ChannelId_3,ProviderId_4,1,22,19350.0,0
CustomerId_3441,15999.0,2285.5714285714284,3965.4798724804564,-1000.0,10000.0,7,19951.0,2850.1428571428573,12.714285714285714,25.0,11.0,5,0.0,financial_services,ChannelId_3,ProviderId_4,63,7,15999.0,1
CustomerId_3442,136206.0,1309.673076923077,1548.904607881536,-350.0,7000.0,104,142394.0,1369.173076923077,8.278846153846153,18.58653846153846,8.461538461538462,4,0.0,financial_services,ChannelId_3,ProviderId_5,3,104,136206.0,0
CustomerId_3443,1980.0,660.0,588.8972745734183,-20.0,1000.0,3,2020.0,673.3333333333334,6.333333333333333,16.0,11.0,3,0.0,financial_services,ChannelId_3,ProviderId_4,77,3,1980.0,1
CustomerId_3444,10941.0,377.2758620689655,824.3697981121147,-1500.0,2000.0,29,20529.0,707.8965517241379,15.241379310344827,21.551724137931036,11.689655172413794,4,0.0,financial_services,ChannelId_3,ProviderId_4,38,29,10941.0,1
CustomerId_3445,18860.0,496.3157894736842,543.1846585255036,-50.0,2000.0,38,20140.0,530.0,14.921052631578947,18.657894736842106,9.868421052631579,5,0.0,airtime,ChannelId_3,ProviderId_4,14,38,18860.0,0
CustomerId_3447,32508.0,2167.2,3330.4943262439074,-2000.0,10000.0,15,49932.0,3328.8,12.8,22.866666666666667,12.0,5,0.0,financial_services,ChannelId_3,ProviderId_4,31,15,32508.0,0
CustomerId_3448,1000.0,1000.0,0.0,1000.0,1000.0,1,1000.0,1000.0,16.0,11.0,12.0,1,0.0,financial_services,ChannelId_3,ProviderId_5,51,1,1000.0,1
CustomerId_3449,6105.0,469.61538461538464,752.7379511336751,-1000.0,1500.0,13,8595.0,661.1538461538462,12.461538461538462,21.846153846153847,3.5384615384615383,3,0.0,financial_services,ChannelId_3,ProviderId_4,1,13,6105.0,0
CustomerId_345,1950.0,650.0,606.2177826491071,-50.0,1000.0,3,2050.0,683.3333333333334,20.0,3.0,12.0,3,0.0,financial_services,ChannelId_3,ProviderId_4,59,3,1950.0,1
CustomerId_3451,10000.0,10000.0,0.0,10000.0,10000.0,1,10000.0,10000.0,14.0,14.0,12.0,1,0.0,financial_services,ChannelId_3,ProviderId_1,48,1,10000.0,1
CustomerId_3452,411748.0,3743.163636363636,6607.36636665871,-5000.0,35000.0,110,451802.0,4107.290909090909,10.436363636363636,19.01818181818182,9.8,6,0.0,financial_services,ChannelId_3,ProviderId_6,3,110,411748.0,0
CustomerId_3453,12805.0,512.2,739.8044223531874,-50.0,3000.0,25,13595.0,543.8,13.68,15.08,10.2,4,0.0,financial_services,ChannelId_3,ProviderId_4,10,25,12805.0,0
CustomerId_3454,294400.0,3774.358974358974,5427.7656998842995,-5000.0,11100.0,78,405240.0,5195.384615384615,8.397435897435898,15.64102564102564,8.76923076923077,4,0.0,airtime,ChannelId_3,ProviderId_6,7,78,294400.0,0
CustomerId_3456,1000.0,1000.0,0.0,1000.0,1000.0,1,1000.0,1000.0,6.0,6.0,12.0,1,0.0,financial_services,ChannelId_3,ProviderId_5,57,1,1000.0,1
CustomerId_3457,18356.0,6118.666666666667,12022.905028874398,-1000.0,20000.0,3,23444.0,7814.666666666667,8.0,3.0,12.0,2,0.0,financial_services,ChannelId_2,ProviderId_4,60,3,18356.0,1
CustomerId_3458,3000.0,1500.0,707.1067811865476,1000.0,2000.0,2,3000.0,1500.0,17.0,23.0,11.0,1,0.0,airtime,ChannelId_3,ProviderId_6,69,2,3000.0,1
CustomerId_3459,-3540.0,-354.0,3785.904265972809,-11000.0,2000.0,10,19170.0,1917.0,16.4,15.2,1.0,5,0.0,airtime,ChannelId_3,ProviderId_6,8,10,-3540.0,0
CustomerId_3461,465.0,77.5,585.6086577228858,-1000.0,500.0,6,2535.0,422.5,17.166666666666668,27.0,1.0,3,0.0,financial_services,ChannelId_2,ProviderId_4,2,6,465.0,0
CustomerId_3462,5940.0,848.5714285714286,1255.8586514337323,-1000.0,3000.0,7,8060.0,1151.4285714285713,11.714285714285714,17.0,12.0,3,0.0,financial_services,ChannelId_3,ProviderId_5,45,7,5940.0,1
CustomerId_3463,346790.0,2964.017094017094,7323.557179289718,-1000.0,50000.0,117,359210.0,3070.17094017094,10.786324786324787,5.282051282051282,11.153846153846153,7,0.0,financial_services,ChannelId_3,ProviderId_4,11,117,346790.0,0
CustomerId_3464,111825.0,5591.25,6747.6276289093685,-5000.0,20000.0,20,134975.0,6748.75,15.05,19.0,6.15,4,0.0,financial_services,ChannelId_3,ProviderId_4,3,20,111825.0,0
CustomerId_3465,20000.0,3333.3333333333335,6088.2400303098,-5000.0,10000.0,6,32000.0,5333.333333333333,13.0,11.0,1.0,4,0.0,airtime,ChannelId_3,ProviderId_6,20,6,20000.0,0
CustomerId_3466,0.0,0.0,866.0254037844386,-1000.0,500.0,3,2000.0,666.6666666666666,15.0,5.0,1.0,3,0.0,financial_services,ChannelId_3,ProviderId_1,26,3,0.0,0
CustomerId_3467,1006121.0,25153.025,78720.01007709424,-5000.0,500000.0,40,1055979.0,26399.475,12.0,15.125,6.775,8,1.0,airtime,ChannelId_3,ProviderId_6,23,40,1006121.0,0
CustomerId_3468,80000.0,3076.923076923077,7831.746047583908,-5000.0,20000.0,26,182800.0,7030.7692307692305,12.115384615384615,22.615384615384617,11.192307692307692,3,0.0,financial_services,ChannelId_2,ProviderId_4,42,26,80000.0,1
CustomerId_347,6000.0,1000.0,0.0,1000.0,1000.0,6,6000.0,1000.0,16.5,14.5,12.0,1,0.0,airtime,ChannelId_3,ProviderId_3,46,6,6000.0,1
CustomerId_3470,6260.0,894.2857142857143,1054.6224781544206,-100.0,2000.0,7,6740.0,962.8571428571429,12.285714285714286,27.0,4.142857142857143,4,0.0,airtime,ChannelId_3,ProviderId_4,2,7,6260.0,0
CustomerId_3471,212200.0,8161.538461538462,10279.74034392219,-5000.0,30000.0,26,232490.0,8941.923076923076,11.923076923076923,14.961538461538462,4.8076923076923075,7,0.0,financial_services,ChannelId_3,ProviderId_6,8,26,212200.0,0
CustomerId_3473,22000.0,4400.0,5116.150896914593,500.0,10000.0,5,22000.0,4400.0,16.0,19.0,11.0,1,0.0,financial_services,ChannelId_3,ProviderId_1,73,5,22000.0,1
CustomerId_3474,29358.0,699.0,2467.484114165385,-5000.0,10000.0,42,53742.0,1279.5714285714287,12.928571428571429,20.071428571428573,8.404761904761905,5,0.0,airtime,ChannelId_3,ProviderId_6,10,42,29358.0,0
CustomerId_3475,85616.0,6115.428571428572,8794.617214867509,-1000.0,28000.0,14,91384.0,6527.428571428572,18.142857142857142,16.714285714285715,1.0,4,0.0,financial_services,ChannelId_3,ProviderId_4,13,14,85616.0,0
CustomerId_3476,619068.2,34392.677777777775,54958.510481962185,-5000.0,160000.0,18,665815.0,36989.72222222222,8.944444444444445,16.166666666666668,12.0,7,0.0,financial_services,ChannelId_3,ProviderId_6,46,18,619068.2,1
CustomerId_3477,194694.25,5562.692857142857,7235.215961370336,-5000.0,17300.0,35,212766.0,6079.028571428571,16.857142857142858,13.4,4.428571428571429,7,0.0,financial_services,ChannelId_3,ProviderId_6,11,35,194694.25,0
CustomerId_3478,4410.0,735.0,838.0155129829042,-30.0,1500.0,6,4590.0,765.0,13.0,26.0,1.0,2,0.0,airtime,ChannelId_2,ProviderId_1,5,6,4410.0,0
CustomerId_3479,960.0,320.0,1532.0574401764445,-1000.0,2000.0,3,3040.0,1013.3333333333334,20.0,24.0,1.0,2,0.0,financial_services,ChannelId_2,ProviderId_4,7,3,960.0,0
CustomerId_348,3900.0,780.0,860.6683449505972,-50.0,2000.0,5,4100.0,820.0,11.8,9.4,11.8,3,0.0,financial_services,ChannelId_3,ProviderId_4,57,5,3900.0,1
CustomerId_3482,39000.0,3545.4545454545455,5424.272050029135,-5000.0,10000.0,11,51000.0,4636.363636363636,15.818181818181818,17.272727272727273,11.454545454545455,6,0.0,airtime,ChannelId_3,ProviderId_6,60,11,39000.0,1
CustomerId_3483,900.0,180.0,843.0599029724993,-1000.0,1000.0,5,3100.0,620.0,3.4,29.0,12.0,2,0.0,financial_services,ChannelId_2,ProviderId_4,34,5,900.0,1
CustomerId_3485,500.0,500.0,0.0,500.0,500.0,1,500.0,500.0,14.0,22.0,1.0,1,0.0,financial_services,ChannelId_3,ProviderId_3,9,1,500.0,0
CustomerId_3486,3000.0,1500.0,707.1067811865476,1000.0,2000.0,2,3000.0,1500.0,23.0,17.0,1.0,1,0.0,financial_services,ChannelId_3,ProviderId_5,14,2,3000.0,0
CustomerId_3487,80305.0,772.1634615384615,948.5061746304941,-1000.0,5000.0,104,85695.0,823.9903846153846,11.89423076923077,17.057692307692307,4.490384615384615,5,0.0,financial_services,ChannelId_3,ProviderId_6,2,104,80305.0,0
CustomerId_3488,30000.0,30000.0,0.0,30000.0,30000.0,1,32900.0,32900.0,20.0,9.0,1.0,1,0.0,utility_bill,ChannelId_3,ProviderId_3,22,1,30000.0,0
CustomerId_349,47450.0,1318.0555555555557,2088.2033555112043,-250.0,5000.0,36,53550.0,1487.5,12.38888888888889,14.722222222222221,8.027777777777779,4,0.0,airtime,ChannelId_3,ProviderId_1,1,36,47450.0,0
CustomerId_3490,1000.0,1000.0,0.0,1000.0,1000.0,1,1000.0,1000.0,18.0,10.0,1.0,1,0.0,financial_services,ChannelId_3,ProviderId_5,21,1,1000.0,0
CustomerId_3491,44596.0,2229.8,3203.27180764983,-1000.0,11000.0,20,47934.0,2396.7,14.2,17.75,3.2,7,0.0,financial_services,ChannelId_3,ProviderId_5,2,20,44596.0,0
CustomerId_3492,-11000.0,-2750.0,4924.428900898052,-10000.0,1000.0,4,13000.0,3250.0,7.0,10.5,1.0,2,0.0,airtime,ChannelId_5,ProviderId_4,20,4,-11000.0,0
CustomerId_3493,15900.0,2650.0,6097.04846626628,-1000.0,15000.0,6,19750.0,3291.6666666666665,11.5,22.333333333333332,10.166666666666666,3,0.0,financial_services,ChannelId_2,ProviderId_4,9,6,15900.0,0
CustomerId_3494,3750.0,1250.0,3269.174207655505,-1000.0,5000.0,3,6250.0,2083.3333333333335,17.0,4.0,12.0,2,0.0,financial_services,ChannelId_2,ProviderId_4,58,3,3750.0,1
CustomerId_3495,1000.0,500.0,0.0,500.0,500.0,2,1000.0,500.0,13.0,6.5,1.0,2,0.0,data_bundles,ChannelId_3,ProviderId_5,25,2,1000.0,0
CustomerId_3497,228715.0,3943.362068965517,11740.981137008466,-1500.0,50000.0,58,237085.0,4087.6724137931033,14.344827586206897,23.344827586206897,10.672413793103448,5,0.0,financial_services,ChannelId_3,ProviderId_5,29,58,228715.0,0
CustomerId_3498,250000.0,83333.33333333333,28867.513459481288,50000.0,100000.0,3,250000.0,83333.33333333333,9.0,23.0,1.0,1,0.0,financial_services,ChannelId_3,ProviderId_1,9,3,250000.0,0
CustomerId_350,40000.0,4000.0,7086.763875156433,-5000.0,10000.0,10,72000.0,7200.0,10.3,21.7,1.0,3,0.0,airtime,ChannelId_3,ProviderId_1,5,10,40000.0,0
CustomerId_3500,1900.0,475.0,1304.7988350699889,-1000.0,2000.0,4,4100.0,1025.0,13.0,21.5,11.75,3,0.0,airtime,ChannelId_2,ProviderId_4,40,4,1900.0,1
CustomerId_3501,708936.0,2395.054054054054,9114.993850725472,-5000.0,50000.0,296,728064.0,2459.675675675676,13.131756756756756,27.324324324324323,12.0,4,0.0,financial_services,ChannelId_3,ProviderId_6,33,296,708936.0,0
CustomerId_3503,-510.0,-170.0,762.6925986267338,-1000.0,500.0,3,1510.0,503.3333333333333,10.0,28.0,1.0,2,0.0,financial_services,ChannelId_2,ProviderId_4,3,3,-510.0,0
CustomerId_3504,87850.0,2440.277777777778,2803.946694124563,-1000.0,10000.0,36,93150.0,2587.5,14.666666666666666,18.5,8.555555555555555,5,0.0,airtime,ChannelId_3,ProviderId_6,18,36,87850.0,0
CustomerId_3506,27155.0,1810.3333333333333,2028.6734464622325,-125.0,5000.0,15,28535.0,1902.3333333333333,9.6,23.4,1.0,6,0.0,financial_services,ChannelId_3,ProviderId_4,3,15,27155.0,0
CustomerId_3507,6350.0,577.2727272727273,780.3696676459293,-50.0,2000.0,11,6650.0,604.5454545454545,11.272727272727273,10.636363636363637,9.363636363636363,4,0.0,airtime,ChannelId_3,ProviderId_5,28,11,6350.0,0
CustomerId_3508,28900.0,2064.285714285714,2025.7143632108357,-1000.0,5000.0,14,31100.0,2221.4285714285716,9.785714285714286,22.357142857142858,11.0,3,0.0,financial_services,ChannelId_3,ProviderId_5,63,14,28900.0,1
CustomerId_3509,19753.15,533.868918918919,2463.151739115946,-11000.0,5000.0,37,51438.0,1390.2162162162163,9.45945945945946,15.108108108108109,9.864864864864865,6,0.0,financial_services,ChannelId_3,ProviderId_4,8,37,19753.15,0
CustomerId_351,550.0,275.0,14531.044353383551,-10000.0,10550.0,2,20550.0,10275.0,7.5,5.5,1.0,2,0.0,airtime,ChannelId_3,ProviderId_4,21,2,550.0,0
CustomerId_3510,14860.0,7430.0,3436.538956566621,5000.0,9860.0,2,14860.0,7430.0,8.5,26.0,1.0,1,0.0,financial_services,ChannelId_3,ProviderId_1,6,2,14860.0,0
CustomerId_3511,92911.0,2212.1666666666665,4602.463539245183,-5000.0,14000.0,42,152129.0,3622.1190476190477,11.976190476190476,20.238095238095237,9.880952380952381,7,0.0,financial_services,ChannelId_3,ProviderId_6,7,42,92911.0,0
CustomerId_3512,-20.0,-6.666666666666667,1000.0666644445926,-1000.0,1000.0,3,2020.0,673.3333333333334,14.0,10.0,12.0,2,0.0,financial_services,ChannelId_2,ProviderId_4,52,3,-20.0,1
CustomerId_3513,3870.0,645.0,1029.208433700385,-1000.0,2000.0,6,5910.0,985.0,9.0,9.5,1.0,3,0.0,airtime,ChannelId_3,ProviderId_4,21,6,3870.0,0
CustomerId_3515,178245.9,2475.6375,5411.677690907329,-5000.0,20000.0,72,300075.0,4167.708333333333,9.98611111111111,15.625,7.444444444444445,7,0.0,financial_services,ChannelId_3,ProviderId_6,1,72,178245.9,0
CustomerId_3516,980.0,490.0,721.2489168102785,-20.0,1000.0,2,1020.0,510.0,10.0,28.0,11.0,2,0.0,data_bundles,ChannelId_2,ProviderId_4,64,2,980.0,1
CustomerId_3517,70650.0,3364.285714285714,5881.6346124428455,-1000.0,25000.0,21,73350.0,3492.8571428571427,13.047619047619047,9.619047619047619,3.619047619047619,6,0.0,airtime,ChannelId_3,ProviderId_6,18,21,70650.0,0
CustomerId_3519,19995.0,833.125,1060.3340454986242,-1000.0,3200.0,24,22805.0,950.2083333333334,12.375,12.458333333333334,11.666666666666666,5,0.0,financial_services,ChannelId_3,ProviderId_4,47,24,19995.0,1
CustomerId_352,160300.0,4007.5,6948.469209759396,-5000.0,11000.0,40,292850.0,7321.25,7.275,17.975,7.7,4,0.0,airtime,ChannelId_3,ProviderId_4,5,40,160300.0,0
CustomerId_3520,1000.0,1000.0,0.0,1000.0,1000.0,1,1000.0,1000.0,13.0,28.0,1.0,1,0.0,financial_services,ChannelId_3,ProviderId_5,3,1,1000.0,0
CustomerId_3521,23170.0,772.3333333333334,850.9738167426829,-1000.0,3000.0,30,26030.0,867.6666666666666,10.833333333333334,13.933333333333334,12.0,5,0.0,financial_services,ChannelId_3,ProviderId_4,38,30,23170.0,1
CustomerId_3522,-20.0,-6.666666666666667,1000.0666644445926,-1000.0,1000.0,3,2020.0,673.3333333333334,5.0,4.0,12.0,2,0.0,financial_services,ChannelId_2,ProviderId_4,59,3,-20.0,1
CustomerId_3523,1000.0,1000.0,0.0,1000.0,1000.0,1,1000.0,1000.0,1.0,16.0,11.0,1,0.0,airtime,ChannelId_3,ProviderId_6,77,1,1000.0,1
CustomerId_3524,19250.0,712.9629629629629,884.5460148695782,-1000.0,3000.0,27,22750.0,842.5925925925926,18.25925925925926,14.777777777777779,7.0,3,0.0,airtime,ChannelId_3,ProviderId_5,6,27,19250.0,0
CustomerId_3525,60000.0,4615.384615384615,6614.862829750157,-5000.0,10000.0,13,92000.0,7076.923076923077,8.538461538461538,13.538461538461538,1.0,4,0.0,financial_services,ChannelId_3,ProviderId_6,7,13,60000.0,0
CustomerId_3526,22350.0,2235.0,3385.6765284881476,-1000.0,10000.0,10,25650.0,2565.0,12.0,24.8,1.0,3,0.0,financial_services,ChannelId_2,ProviderId_4,3,10,22350.0,0
CustomerId_3527,4500.0,4500.0,0.0,4500.0,4500.0,1,5235.0,5235.0,18.0,15.0,12.0,1,0.0,utility_bill,ChannelId_3,ProviderId_5,47,1,4500.0,1
CustomerId_3528,110000.0,55000.0,63639.61030678928,10000.0,100000.0,2,110000.0,55000.0,12.5,15.0,12.0,1,0.0,financial_services,ChannelId_3,ProviderId_5,47,2,110000.0,1
CustomerId_3530,352167.5,2984.4703389830506,4081.8454883781483,-5000.0,11000.0,118,399933.0,3389.262711864407,13.186440677966102,18.533898305084747,8.533898305084746,8,0.0,airtime,ChannelId_3,ProviderId_5,6,118,352167.5,0
CustomerId_3533,1000.0,1000.0,0.0,1000.0,1000.0,1,1000.0,1000.0,16.0,8.0,12.0,1,0.0,financial_services,ChannelId_3,ProviderId_5,54,1,1000.0,1
CustomerId_3534,58200.0,14550.0,38503.80933535451,-13000.0,70000.0,4,104200.0,26050.0,10.0,19.5,11.75,3,0.0,airtime,ChannelId_3,ProviderId_4,39,4,58200.0,1
CustomerId_3535,216784.0,2580.7619047619046,6821.033597646182,-5000.0,50000.0,84,254916.0,3034.714285714286,12.678571428571429,23.107142857142858,9.25,6,0.0,financial_services,ChannelId_3,ProviderId_6,1,84,216784.0,0
CustomerId_3536,20000.0,3333.3333333333335,7814.516406449389,-5000.0,11000.0,6,42000.0,7000.0,15.0,11.0,1.0,3,0.0,airtime,ChannelId_2,ProviderId_4,20,6,20000.0,0
CustomerId_3537,80000.0,80000.0,0.0,80000.0,80000.0,1,80000.0,80000.0,8.0,13.0,12.0,1,0.0,ticket,ChannelId_3,ProviderId_1,50,1,80000.0,1
CustomerId_3540,270000.0,24545.454545454544,26313.9264890804,500.0,60000.0,11,285585.0,25962.272727272728,14.181818181818182,26.09090909090909,8.0,4,0.0,utility_bill,ChannelId_3,ProviderId_5,13,11,270000.0,0
CustomerId_3541,13650.0,1240.909090909091,1978.1074518107177,-1000.0,5000.0,11,16350.0,1486.3636363636363,16.272727272727273,24.454545454545453,8.0,4,0.0,financial_services,ChannelId_3,ProviderId_4,11,11,13650.0,0
CustomerId_3542,317000.0,63400.0,67696.38099632801,-5000.0,160000.0,5,327000.0,65400.0,8.2,16.0,12.0,3,0.0,ticket,ChannelId_3,ProviderId_6,43,5,317000.0,1
CustomerId_3543,230326.0,1842.608,3449.815628303971,-5000.0,11000.0,125,282592.0,2260.736,12.104,23.544,8.48,7,0.0,airtime,ChannelId_3,ProviderId_6,1,125,230326.0,0
CustomerId_3545,6800.0,1133.3333333333333,1965.6211910402947,-1000.0,4000.0,6,9200.0,1533.3333333333333,17.666666666666668,14.666666666666666,12.0,3,0.0,financial_services,ChannelId_2,ProviderId_4,46,6,6800.0,1
CustomerId_3548,6000.0,1500.0,4041.4518843273804,-2000.0,5000.0,4,18000.0,4500.0,11.5,20.5,1.0,2,0.0,financial_services,ChannelId_2,ProviderId_1,10,4,6000.0,0
CustomerId_3549,264750.0,6303.571428571428,12182.48138875888,-5000.0,60000.0,42,287250.0,6839.285714285715,10.095238095238095,17.0,8.642857142857142,4,0.0,financial_services,ChannelId_3,ProviderId_6,1,42,264750.0,0
CustomerId_355,39000.0,5571.428571428572,6241.184258807054,-5000.0,10000.0,7,51000.0,7285.714285714285,20.571428571428573,28.0,12.0,3,0.0,financial_services,ChannelId_3,ProviderId_5,34,7,39000.0,1
CustomerId_3550,37900.0,3790.0,8668.990714033554,-1000.0,28000.0,10,40100.0,4010.0,15.9,21.9,1.0,6,0.0,financial_services,ChannelId_3,ProviderId_6,1,10,37900.0,0
CustomerId_3551,406814.0,2991.279411764706,5184.559061491295,-5000.0,28000.0,136,556816.0,4094.235294117647,14.147058823529411,17.66176470588235,6.6911764705882355,5,0.0,airtime,ChannelId_3,ProviderId_3,2,136,406814.0,0
CustomerId_3554,10000.0,10000.0,0.0,10000.0,10000.0,1,10000.0,10000.0,7.0,7.0,1.0,1,0.0,financial_services,ChannelId_3,ProviderId_1,25,1,10000.0,0
CustomerId_3555,269146.0,2563.295238095238,6680.23215845396,-5000.0,50000.0,105,338394.0,3222.8,13.971428571428572,15.028571428571428,6.752380952380952,9,0.0,financial_services,ChannelId_3,ProviderId_6,3,105,269146.0,0
CustomerId_3556,118950.0,3717.1875,6630.122601102121,-5000.0,30000.0,32,152850.0,4776.5625,9.59375,16.03125,12.0,3,0.0,airtime,ChannelId_3,ProviderId_5,41,32,118950.0,1
CustomerId_3557,39000.0,2294.1176470588234,3518.073085553243,-5000.0,10000.0,17,71000.0,4176.470588235294,12.647058823529411,13.882352941176471,12.0,4,0.0,airtime,ChannelId_3,ProviderId_6,38,17,39000.0,1
CustomerId_3558,43050.0,2152.5,2959.1478369714196,-275.0,10000.0,20,45451.0,2272.55,11.45,19.95,11.4,4,0.0,financial_services,ChannelId_3,ProviderId_4,52,20,43050.0,1
CustomerId_3559,20000.0,4000.0,6745.368781616021,-5000.0,10000.0,5,32000.0,6400.0,13.0,25.0,1.0,3,0.0,financial_services,ChannelId_3,ProviderId_4,6,5,20000.0,0
CustomerId_356,30850.0,1542.5,2076.4161305885727,-1000.0,7000.0,20,34370.0,1718.5,13.9,21.0,9.25,5,0.0,financial_services,ChannelId_3,ProviderId_6,18,20,30850.0,0
CustomerId_3561,13015.0,867.6666666666666,1154.2713636543103,-175.0,3500.0,15,13985.0,932.3333333333334,19.133333333333333,22.066666666666666,7.4,3,0.0,airtime,ChannelId_3,ProviderId_5,2,15,13015.0,0
CustomerId_3562,1850.0,264.2857142857143,411.76883251233505,-50.0,1000.0,7,2150.0,307.14285714285717,17.428571428571427,20.0,6.714285714285714,2,0.0,financial_services,ChannelId_2,ProviderId_4,14,7,1850.0,0
CustomerId_3564,13000.0,3250.0,7889.86691902975,-5000.0,10000.0,4,35000.0,8750.0,10.5,9.0,12.0,2,0.0,financial_services,ChannelId_2,ProviderId_4,48,4,13000.0,1
CustomerId_3566,500.0,500.0,0.0,500.0,500.0,1,500.0,500.0,18.0,12.0,1.0,1,0.0,financial_services,ChannelId_3,ProviderId_5,19,1,500.0,0
CustomerId_3567,10000.0,10000.0,0.0,10000.0,10000.0,1,10000.0,10000.0,12.0,19.0,1.0,1,0.0,financial_services,ChannelId_3,ProviderId_5,12,1,10000.0,0
CustomerId_3569,1480.0,370.0,1110.9755472856577,-1000.0,1500.0,4,3520.0,880.0,10.25,28.0,1.0,3,0.0,financial_services,ChannelId_2,ProviderId_4,2,4,1480.0,0
CustomerId_357,19000.0,3166.6666666666665,6104.643041707408,-5000.0,10000.0,6,31000.0,5166.666666666667,10.0,28.0,12.0,4,0.0,airtime,ChannelId_3,ProviderId_6,34,6,19000.0,1
CustomerId_3570,20500.0,10250.0,13788.582233137677,500.0,20000.0,2,20500.0,10250.0,23.0,29.0,12.0,1,0.0,financial_services,ChannelId_3,ProviderId_5,33,2,20500.0,1
CustomerId_3571,7430.0,743.0,1300.9487990608154,-1000.0,3000.0,10,9570.0,957.0,8.0,23.5,1.0,4,0.0,financial_services,ChannelId_3,ProviderId_4,7,10,7430.0,0
CustomerId_3572,-10.0,-2.5,707.1244586351119,-1000.0,500.0,4,2010.0,502.5,5.0,23.0,11.0,3,0.0,financial_services,ChannelId_2,ProviderId_4,70,4,-10.0,1
CustomerId_3573,9000.0,4500.0,7778.174593052023,-1000.0,10000.0,2,12200.0,6100.0,14.0,4.0,1.0,2,0.0,financial_services,ChannelId_2,ProviderId_4,27,2,9000.0,0
CustomerId_3574,1000.0,1000.0,0.0,1000.0,1000.0,1,1000.0,1000.0,8.0,27.0,12.0,1,0.0,airtime,ChannelId_3,ProviderId_6,36,1,1000.0,1
CustomerId_3575,1189000.0,47560.0,83004.05612579022,-5000.0,400000.0,25,1261000.0,50440.0,12.0,13.8,12.0,4,0.0,financial_services,ChannelId_3,ProviderId_5,38,25,1189000.0,1
CustomerId_3577,1000.0,1000.0,0.0,1000.0,1000.0,1,1000.0,1000.0,9.0,29.0,1.0,1,0.0,airtime,ChannelId_3,ProviderId_1,3,1,1000.0,0
CustomerId_3578,6600.0,1320.0,2493.453929792969,-1000.0,4500.0,5,9400.0,1880.0,10.0,25.8,11.4,2,0.0,financial_services,ChannelId_2,ProviderId_4,36,5,6600.0,1
CustomerId_3579,7700.0,2566.6666666666665,2990.5406423142513,-100.0,5800.0,3,8974.0,2991.3333333333335,14.666666666666666,28.666666666666668,4.333333333333333,3,0.0,airtime,ChannelId_3,ProviderId_5,2,3,7700.0,0
CustomerId_3581,2650000.0,88333.33333333333,130068.77049265619,-5000.0,480000.0,30,2722000.0,90733.33333333333,13.5,15.266666666666667,11.266666666666667,4,0.0,ticket,ChannelId_3,ProviderId_5,19,30,2650000.0,0
CustomerId_3582,52285.0,933.6607142857143,1431.5387433462283,-1000.0,6000.0,56,55715.0,994.9107142857143,14.696428571428571,23.946428571428573,1.0,5,0.0,financial_services,ChannelId_3,ProviderId_4,1,56,52285.0,0
CustomerId_3583,19000.0,3800.0,6685.805860178712,-5000.0,10000.0,5,31000.0,6200.0,12.0,28.0,12.0,3,0.0,financial_services,ChannelId_3,ProviderId_4,34,5,19000.0,1
CustomerId_3589,1000.0,1000.0,0.0,1000.0,1000.0,1,1000.0,1000.0,10.0,16.0,12.0,1,0.0,airtime,ChannelId_3,ProviderId_1,46,1,1000.0,1
CustomerId_359,24000.0,2400.0,4087.9225911349045,-5000.0,10000.0,10,36000.0,3600.0,19.9,14.0,12.0,4,0.0,airtime,ChannelId_3,ProviderId_6,48,10,24000.0,1
CustomerId_3590,414308.2,7143.244827586207,20293.087133291443,-5000.0,100000.0,58,433356.0,7471.6551724137935,12.568965517241379,14.793103448275861,8.293103448275861,8,0.0,airtime,ChannelId_3,ProviderId_6,1,58,414308.2,0
CustomerId_3592,4000.0,2000.0,0.0,2000.0,2000.0,2,4000.0,2000.0,10.0,20.0,1.0,1,0.0,financial_services,ChannelId_3,ProviderId_3,11,2,4000.0,0
CustomerId_3593,26000.0,13000.0,0.0,13000.0,13000.0,2,29180.0,14590.0,18.5,25.0,11.0,1,0.0,utility_bill,ChannelId_3,ProviderId_5,67,2,26000.0,1
CustomerId_3595,4759.0,475.9,3956.7912490917297,-5000.0,6009.0,10,32759.0,3275.9,10.6,25.0,1.0,7,0.0,financial_services,ChannelId_3,ProviderId_4,2,10,4759.0,0
CustomerId_3597,37020.0,1609.5652173913043,2098.656449560202,-1000.0,8000.0,23,40302.0,1752.2608695652175,13.652173913043478,20.565217391304348,7.217391304347826,5,0.0,financial_services,ChannelId_3,ProviderId_4,14,23,37020.0,0
CustomerId_3599,24150.0,2012.5,1838.2952824436409,-70.0,3500.0,12,24850.0,2070.8333333333335,8.583333333333334,21.333333333333332,9.25,2,0.0,tv,ChannelId_3,ProviderId_5,6,12,24150.0,0
CustomerId_3600,274772.0,4737.448275862069,6763.387823284636,-5000.0,11000.0,58,439172.0,7571.931034482759,6.931034482758621,18.224137931034484,6.982758620689655,4,0.0,airtime,ChannelId_3,ProviderId_4,6,58,274772.0,0
CustomerId_3602,245774.74,1575.4791025641025,2877.290303560687,-1000.0,13000.0,156,250752.0,1607.3846153846155,12.85897435897436,18.814102564102566,1.0705128205128205,4,0.0,financial_services,ChannelId_3,ProviderId_6,1,156,245774.74,0
CustomerId_3605,230800.0,3722.5806451612902,5649.740146493282,-5000.0,15000.0,62,333200.0,5374.193548387097,11.46774193548387,16.306451612903224,5.983870967741935,4,0.0,airtime,ChannelId_3,ProviderId_5,5,62,230800.0,0
CustomerId_3608,29148.4,1534.1263157894737,2155.014254359174,-496.0,5500.0,19,31572.0,1661.6842105263158,12.210526315789474,24.210526315789473,11.263157894736842,5,0.0,financial_services,ChannelId_3,ProviderId_4,44,19,29148.4,1
CustomerId_3609,11207.2,933.9333333333334,1578.3446963848107,-1000.0,5000.0,12,15053.0,1254.4166666666667,12.833333333333334,22.666666666666668,12.0,6,0.0,financial_services,ChannelId_3,ProviderId_4,34,12,11207.2,1
CustomerId_361,19000.0,3800.0,6685.805860178712,-5000.0,10000.0,5,31000.0,6200.0,12.0,28.0,12.0,3,0.0,financial_services,ChannelId_3,ProviderId_4,34,5,19000.0,1
CustomerId_3610,74840.0,2414.1935483870966,6410.139766647604,-150.0,36000.0,31,76020.0,2452.2580645161293,10.870967741935484,4.129032258064516,1.3548387096774193,5,0.0,airtime,ChannelId_3,ProviderId_6,16,31,74840.0,0
CustomerId_3611,40963.0,1412.5172413793102,4209.498889592184,-14000.0,11000.0,29,72937.0,2515.0689655172414,11.96551724137931,19.24137931034483,7.551724137931035,6,0.0,airtime,ChannelId_3,ProviderId_4,7,29,40963.0,0
CustomerId_3613,285000.15,1492.147382198953,1979.6899937718733,-1000.0,8000.0,191,299308.0,1567.0575916230366,13.842931937172775,18.345549738219894,5.387434554973822,8,0.0,financial_services,ChannelId_3,ProviderId_6,1,191,285000.15,0
CustomerId_3615,9780.0,3260.0,6714.372643814164,-1000.0,11000.0,3,12220.0,4073.3333333333335,14.0,24.0,12.0,2,0.0,financial_services,ChannelId_2,ProviderId_4,38,3,9780.0,1
CustomerId_3617,89458.0,7454.833333333333,9691.00653214415,-392.0,28000.0,12,92712.0,7726.0,12.75,16.5,11.333333333333334,6,0.0,financial_services,ChannelId_3,ProviderId_6,59,12,89458.0,1
CustomerId_362,28000.0,3500.0,3927.9220242478627,-2000.0,10000.0,8,46000.0,5750.0,11.875,21.625,12.0,3,0.0,movies,ChannelId_3,ProviderId_1,36,8,28000.0,1
CustomerId_3621,20000.0,3333.3333333333335,6088.2400303098,-5000.0,10000.0,6,32000.0,5333.333333333333,5.0,25.0,1.0,3,0.0,airtime,ChannelId_3,ProviderId_6,7,6,20000.0,0
CustomerId_3624,20000.0,4000.0,6745.368781616021,-5000.0,10000.0,5,32000.0,6400.0,19.0,11.0,1.0,3,0.0,financial_services,ChannelId_1,ProviderId_4,20,5,20000.0,0
CustomerId_3625,40000.0,5000.0,7704.358692139331,-5000.0,17000.0,8,54000.0,6750.0,16.75,11.625,1.0,3,0.0,airtime,ChannelId_2,ProviderId_4,17,8,40000.0,0
CustomerId_3626,20000.0,3333.3333333333335,7814.516406449389,-5000.0,11000.0,6,42000.0,7000.0,17.333333333333332,25.166666666666668,1.0,3,0.0,airtime,ChannelId_2,ProviderId_4,5,6,20000.0,0
CustomerId_3627,1500.0,1500.0,0.0,1500.0,1500.0,1,1500.0,1500.0,18.0,28.0,12.0,1,0.0,financial_services,ChannelId_3,ProviderId_5,34,1,1500.0,1
CustomerId_3628,19000.0,1117.6470588235295,1005.5814823509127,-1000.0,3000.0,17,21200.0,1247.0588235294117,16.0,21.470588235294116,9.411764705882353,3,0.0,financial_services,ChannelId_3,ProviderId_3,15,17,19000.0,0
CustomerId_3629,22000.0,11000.0,12727.922061357855,2000.0,20000.0,2,22000.0,11000.0,15.0,19.0,12.0,1,0.0,financial_services,ChannelId_3,ProviderId_5,43,2,22000.0,1
CustomerId_3630,22000.0,11000.0,0.0,11000.0,11000.0,2,22000.0,11000.0,14.0,9.0,12.0,2,0.0,financial_services,ChannelId_3,ProviderId_5,53,2,22000.0,1
CustomerId_3631,20000.0,4000.0,6745.368781616021,-5000.0,10000.0,5,32000.0,6400.0,13.0,25.0,1.0,3,0.0,financial_services,ChannelId_3,ProviderId_4,6,5,20000.0,0
CustomerId_3633,500.0,500.0,0.0,500.0,500.0,1,500.0,500.0,22.0,5.0,1.0,1,0.0,airtime,ChannelId_3,ProviderId_6,26,1,500.0,0
CustomerId_3634,2628793.0,1260.8119904076739,5388.206927594541,-5000.0,97650.0,2085,2726207.0,1307.5333333333333,14.067625899280575,18.68537170263789,11.978896882494006,5,0.0,airtime,ChannelId_3,ProviderId_6,21,2085,2628793.0,0
CustomerId_3635,240000.0,6315.789473684211,9002.988282150258,-5000.0,20000.0,38,361400.0,9510.526315789473,13.447368421052632,17.105263157894736,8.157894736842104,4,0.0,financial_services,ChannelId_3,ProviderId_6,6,38,240000.0,0
CustomerId_3636,300000.0,6666.666666666667,9126.36042162781,-5000.0,20000.0,45,441400.0,9808.888888888889,9.688888888888888,16.977777777777778,8.733333333333333,4,0.0,financial_services,ChannelId_3,ProviderId_6,21,45,300000.0,0
CustomerId_3637,3850.0,550.0,561.2486080160912,-50.0,1000.0,7,4150.0,592.8571428571429,9.714285714285714,24.142857142857142,1.0,2,0.0,airtime,ChannelId_3,ProviderId_5,3,7,3850.0,0
CustomerId_3638,690606.16,2271.730789473684,3695.043110092441,-5000.0,21000.0,304,786441.0,2586.9769736842104,13.493421052631579,15.0,7.440789473684211,9,0.0,financial_services,ChannelId_3,ProviderId_6,4,304,690606.16,0
CustomerId_3639,2000.0,2000.0,0.0,2000.0,2000.0,1,2000.0,2000.0,1.0,7.0,1.0,1,0.0,financial_services,ChannelId_3,ProviderId_5,25,1,2000.0,0
CustomerId_3641,40000.0,4444.444444444444,6463.573143221772,-5000.0,10000.0,9,62000.0,6888.888888888889,11.777777777777779,26.666666666666668,7.111111111111111,3,0.0,financial_services,ChannelId_3,ProviderId_6,7,9,40000.0,0
CustomerId_3642,100000.0,10000.0,11566.61863582727,-5000.0,30000.0,10,120400.0,12040.0,18.5,18.1,5.4,3,0.0,airtime,ChannelId_3,ProviderId_6,6,10,100000.0,0
CustomerId_3643,20000.0,4000.0,6745.368781616021,-5000.0,10000.0,5,32000.0,6400.0,19.0,25.0,1.0,3,0.0,financial_services,ChannelId_3,ProviderId_4,6,5,20000.0,0
CustomerId_3645,175075.0,17507.5,38831.89543117587,-6242.5,124850.0,10,191926.0,19192.6,11.0,21.3,1.0,3,0.0,financial_services,ChannelId_3,ProviderId_4,4,10,175075.0,0
CustomerId_3646,74000.0,24666.666666666668,47961.7903474561,-5000.0,80000.0,3,86000.0,28666.666666666668,11.0,14.0,12.0,2,0.0,financial_services,ChannelId_2,ProviderId_4,48,3,74000.0,1
CustomerId_3647,490.0,245.0,360.62445840513925,-10.0,500.0,2,510.0,255.0,15.0,15.0,11.0,2,0.0,airtime,ChannelId_2,ProviderId_1,77,2,490.0,1
CustomerId_3648,129220.0,8614.666666666666,17261.94353263298,-5000.0,50000.0,15,169180.0,11278.666666666666,13.466666666666667,17.066666666666666,7.133333333333334,6,0.0,financial_services,ChannelId_2,ProviderId_4,4,15,129220.0,0
CustomerId_3649,10000.0,10000.0,0.0,10000.0,10000.0,1,10000.0,10000.0,11.0,30.0,1.0,1,0.0,financial_services,ChannelId_3,ProviderId_5,1,1,10000.0,0
CustomerId_3650,43190.0,1136.578947368421,2071.9781334489885,-1000.0,7000.0,38,48810.0,1284.4736842105262,11.5,18.57894736842105,9.68421052631579,4,0.0,airtime,ChannelId_3,ProviderId_5,10,38,43190.0,0
CustomerId_3651,22004.0,1833.6666666666667,2194.6839628907155,-496.0,5000.0,12,24686.0,2057.1666666666665,10.583333333333334,20.333333333333332,8.5,4,0.0,financial_services,ChannelId_3,ProviderId_4,7,12,22004.0,0
CustomerId_3653,100000.0,100000.0,0.0,100000.0,100000.0,1,100000.0,100000.0,21.0,5.0,1.0,1,0.0,airtime,ChannelId_3,ProviderId_5,26,1,100000.0,0
CustomerId_3654,20000.0,3333.3333333333335,6088.2400303098,-5000.0,10000.0,6,32000.0,5333.333333333333,11.0,11.0,1.0,3,0.0,airtime,ChannelId_3,ProviderId_6,20,6,20000.0,0
CustomerId_3655,77550.0,2982.6923076923076,3872.4654241888925,-5000.0,10000.0,26,90850.0,3494.230769230769,14.923076923076923,20.5,6.923076923076923,4,0.0,airtime,ChannelId_3,ProviderId_5,3,26,77550.0,0
CustomerId_3656,86059.0,2325.9189189189187,6267.5625218633,-5000.0,20000.0,37,158043.0,4271.4324324324325,9.81081081081081,21.35135135135135,1.0,8,0.0,financial_services,ChannelId_3,ProviderId_4,1,37,86059.0,0
CustomerId_3658,142727.0,3036.744680851064,9445.832795167642,-13000.0,50000.0,47,295810.0,6293.829787234043,15.340425531914894,11.787234042553191,11.914893617021276,8,0.0,financial_services,ChannelId_3,ProviderId_6,43,47,142727.0,1
CustomerId_3659,19000.0,3166.6666666666665,7626.707459098367,-5000.0,10000.0,6,41000.0,6833.333333333333,12.0,28.0,12.0,3,0.0,airtime,ChannelId_2,ProviderId_4,34,6,19000.0,1
CustomerId_366,6000.0,750.0,1306.8500843085035,-1000.0,3000.0,8,8400.0,1050.0,15.5,16.375,1.0,4,0.0,financial_services,ChannelId_2,ProviderId_4,6,8,6000.0,0
CustomerId_3660,500.0,500.0,0.0,500.0,500.0,1,500.0,500.0,19.0,1.0,1.0,1,0.0,financial_services,ChannelId_3,ProviderId_5,30,1,500.0,0
CustomerId_3664,1000000.0,1000000.0,0.0,1000000.0,1000000.0,1,1000000.0,1000000.0,16.0,24.0,1.0,1,0.0,financial_services,ChannelId_3,ProviderId_5,7,1,1000000.0,0
CustomerId_3665,10000.0,5000.0,0.0,5000.0,5000.0,2,14000.0,7000.0,18.0,5.0,12.0,1,0.0,movies,ChannelId_3,ProviderId_5,57,2,10000.0,1
CustomerId_3666,20000.0,3333.3333333333335,7814.516406449389,-5000.0,11000.0,6,42000.0,7000.0,16.0,11.0,1.0,3,0.0,airtime,ChannelId_2,ProviderId_4,20,6,20000.0,0
CustomerId_3667,6450.0,1075.0,2159.5346720995244,-1000.0,5000.0,6,8550.0,1425.0,10.166666666666666,26.0,1.0,4,0.0,financial_services,ChannelId_2,ProviderId_4,5,6,6450.0,0
CustomerId_3672,81431.0,1017.8875,2147.335841230162,-1000.0,13000.0,80,93559.0,1169.4875,14.1,19.0875,7.6,4,0.0,airtime,ChannelId_3,ProviderId_5,14,80,81431.0,0
CustomerId_3673,10000.0,10000.0,0.0,10000.0,10000.0,1,10000.0,10000.0,11.0,18.0,12.0,1,0.0,financial_services,ChannelId_3,ProviderId_5,44,1,10000.0,1
CustomerId_3678,98041.0,2042.5208333333333,5493.825151697957,-1000.0,28000.0,48,105820.0,2204.5833333333335,13.458333333333334,18.041666666666668,1.0,8,0.0,financial_services,ChannelId_3,ProviderId_4,7,48,98041.0,0
CustomerId_368,25000.0,12500.0,10606.601717798212,5000.0,20000.0,2,25000.0,12500.0,9.5,20.0,1.0,1,0.0,financial_services,ChannelId_3,ProviderId_1,12,2,25000.0,0
CustomerId_3680,59820.0,3988.0,5643.144007174927,-5000.0,10000.0,15,82220.0,5481.333333333333,12.533333333333333,24.266666666666666,4.666666666666667,4,0.0,financial_services,ChannelId_3,ProviderId_6,1,15,59820.0,0
CustomerId_3681,5000.0,5000.0,0.0,5000.0,5000.0,1,5000.0,5000.0,20.0,7.0,12.0,1,0.0,financial_services,ChannelId_3,ProviderId_5,55,1,5000.0,1
CustomerId_3682,475.0,237.5,371.23106012293744,-25.0,500.0,2,525.0,262.5,7.0,18.5,11.0,2,0.0,airtime,ChannelId_2,ProviderId_4,73,2,475.0,1
CustomerId_3683,9975.0,498.75,620.0846185888877,-100.0,2000.0,20,11025.0,551.25,10.8,13.8,11.6,3,0.0,airtime,ChannelId_2,ProviderId_4,48,20,9975.0,1
CustomerId_3684,2000.0,1000.0,0.0,1000.0,1000.0,2,2000.0,1000.0,11.5,21.0,1.0,1,0.0,financial_services,ChannelId_3,ProviderId_3,9,2,2000.0,0
CustomerId_3685,20000.0,4000.0,6745.368781616021,-5000.0,10000.0,5,32000.0,6400.0,7.0,25.0,1.0,3,0.0,financial_services,ChannelId_3,ProviderId_4,7,5,20000.0,0
CustomerId_3686,1370.0,456.6666666666667,433.16663460305125,-30.0,800.0,3,1430.0,476.6666666666667,7.0,16.0,11.0,2,0.0,airtime,ChannelId_1,ProviderId_5,77,3,1370.0,1
CustomerId_3687,1500.0,1500.0,0.0,1500.0,1500.0,1,1500.0,1500.0,7.0,18.0,1.0,1,0.0,airtime,ChannelId_3,ProviderId_6,14,1,1500.0,0
CustomerId_3688,100000.0,4761.9047619047615,6307.969260425751,-5000.0,11000.0,21,152000.0,7238.0952380952385,10.142857142857142,20.61904761904762,5.714285714285714,3,0.0,financial_services,ChannelId_3,ProviderId_6,6,21,100000.0,0
CustomerId_3689,19000.0,3800.0,6685.805860178712,-5000.0,10000.0,5,31000.0,6200.0,15.0,28.0,12.0,3,0.0,financial_services,ChannelId_3,ProviderId_4,34,5,19000.0,1
CustomerId_369,50000.0,6250.0,9098.665522246341,-5000.0,21000.0,8,72000.0,9000.0,10.0,25.125,1.0,3,0.0,airtime,ChannelId_3,ProviderId_1,5,8,50000.0,0
CustomerId_3690,416215.0,10405.375,20076.58801674803,-5000.0,100000.0,40,477335.0,11933.375,10.375,10.025,8.15,6,0.0,financial_services,ChannelId_3,ProviderId_6,16,40,416215.0,0
CustomerId_3691,10000.0,10000.0,0.0,10000.0,10000.0,1,10000.0,10000.0,19.0,24.0,11.0,1,0.0,financial_services,ChannelId_3,ProviderId_5,68,1,10000.0,1
CustomerId_3693,980.0,490.0,721.2489168102785,-20.0,1000.0,2,1020.0,510.0,10.0,12.0,1.0,2,0.0,airtime,ChannelId_1,ProviderId_4,19,2,980.0,0
CustomerId_3694,39915.0,486.7682926829268,503.48928902948813,-75.0,1500.0,82,43285.0,527.8658536585366,15.109756097560975,18.317073170731707,5.548780487804878,3,0.0,airtime,ChannelId_3,ProviderId_5,1,82,39915.0,0
CustomerId_3696,10000.0,1428.5714285714287,534.5224838248488,1000.0,2000.0,7,10000.0,1428.5714285714287,11.714285714285714,18.428571428571427,11.428571428571429,2,0.0,airtime,ChannelId_3,ProviderId_3,47,7,10000.0,1
CustomerId_3697,20310.0,3385.0,4037.7902372461103,-100.0,10000.0,6,20690.0,3448.3333333333335,9.666666666666666,21.166666666666668,11.166666666666666,3,0.0,airtime,ChannelId_3,ProviderId_6,61,6,20310.0,1
CustomerId_3700,5000.0,5000.0,0.0,5000.0,5000.0,1,5000.0,5000.0,18.0,24.0,11.0,1,0.0,financial_services,ChannelId_3,ProviderId_1,68,1,5000.0,1
CustomerId_3701,1062500.0,26562.5,49028.79681031003,-5000.0,240000.0,40,1114500.0,27862.5,11.4,15.4,9.8,6,0.0,airtime,ChannelId_3,ProviderId_6,14,40,1062500.0,0
CustomerId_3703,78850.0,4380.555555555556,4300.654494953916,-1000.0,10000.0,18,85150.0,4730.555555555556,12.11111111111111,27.27777777777778,3.2222222222222223,4,0.0,financial_services,ChannelId_3,ProviderId_4,2,18,78850.0,0
CustomerId_3706,237590.0,2066.0,7717.821600889585,-1000.0,50000.0,115,244010.0,2121.8260869565215,13.660869565217391,16.47826086956522,1.0,6,0.0,financial_services,ChannelId_3,ProviderId_4,12,115,237590.0,0
CustomerId_3707,100000.0,3333.3333333333335,5439.912102062029,-5000.0,10000.0,30,152000.0,5066.666666666667,9.166666666666666,20.833333333333332,5.4,4,0.0,airtime,ChannelId_3,ProviderId_6,7,30,100000.0,0
CustomerId_3708,20000.0,20000.0,0.0,20000.0,20000.0,1,20000.0,20000.0,17.0,18.0,11.0,1,0.0,financial_services,ChannelId_3,ProviderId_5,74,1,20000.0,1
CustomerId_3711,85422.0,1238.0,2319.3635790372987,-5000.0,12700.0,69,97300.0,1410.144927536232,12.173913043478262,19.536231884057973,6.9855072463768115,7,0.0,financial_services,ChannelId_3,ProviderId_6,1,69,85422.0,0
CustomerId_3712,248260.8,8008.412903225806,10550.654622589125,-5000.0,50000.0,31,302412.0,9755.225806451614,6.903225806451613,19.258064516129032,4.548387096774194,5,0.0,financial_services,ChannelId_3,ProviderId_6,7,31,248260.8,0
CustomerId_3715,32770.0,993.030303030303,1109.3226673529348,-1000.0,3000.0,33,37030.0,1122.121212121212,12.757575757575758,20.272727272727273,5.0,3,0.0,airtime,ChannelId_3,ProviderId_5,3,33,32770.0,0
CustomerId_3716,67291.0,2803.7916666666665,5767.3763455519265,-10000.0,12000.0,24,98501.0,4104.208333333333,10.958333333333334,21.25,8.791666666666666,7,0.0,financial_services,ChannelId_3,ProviderId_4,2,24,67291.0,0
CustomerId_3717,8000.0,8000.0,0.0,8000.0,8000.0,1,8000.0,8000.0,7.0,27.0,1.0,1,0.0,financial_services,ChannelId_3,ProviderId_5,5,1,8000.0,0
CustomerId_3719,500.0,500.0,0.0,500.0,500.0,1,500.0,500.0,8.0,17.0,1.0,1,0.0,airtime,ChannelId_3,ProviderId_1,15,1,500.0,0
CustomerId_3720,35639.0,742.4791666666666,739.7851323931355,-100.0,2000.0,48,38161.0,795.0208333333334,12.833333333333334,14.604166666666666,6.270833333333333,3,0.0,airtime,ChannelId_3,ProviderId_5,5,48,35639.0,0
CustomerId_3721,28575.0,1190.625,1726.3547374012753,-1000.0,7000.0,24,31425.0,1309.375,12.416666666666666,18.458333333333332,7.875,5,0.0,financial_services,ChannelId_3,ProviderId_6,12,24,28575.0,0
CustomerId_3722,10950.0,2190.0,4444.715963928404,-1000.0,10000.0,5,13050.0,2610.0,11.4,11.6,7.6,3,0.0,airtime,ChannelId_3,ProviderId_5,26,5,10950.0,0
CustomerId_3723,107000.0,21400.0,26159.12842584783,1000.0,50000.0,5,107000.0,21400.0,7.2,29.0,1.0,2,0.0,financial_services,ChannelId_3,ProviderId_5,3,5,107000.0,0
CustomerId_3724,80000.0,80000.0,0.0,80000.0,80000.0,1,80000.0,80000.0,13.0,12.0,12.0,1,0.0,ticket,ChannelId_3,ProviderId_6,50,1,80000.0,1
CustomerId_3725,1000.0,1000.0,0.0,1000.0,1000.0,1,1000.0,1000.0,8.0,16.0,12.0,1,0.0,airtime,ChannelId_3,ProviderId_6,47,1,1000.0,1
CustomerId_3727,25000.0,5000.0,0.0,5000.0,5000.0,5,35000.0,7000.0,15.4,14.2,12.0,1,0.0,movies,ChannelId_3,ProviderId_5,47,5,25000.0,1
CustomerId_3729,45615.0,950.3125,1197.4887936445398,-1000.0,5000.0,48,50714.0,1056.5416666666667,16.270833333333332,22.9375,1.0,7,0.0,financial_services,ChannelId_3,ProviderId_6,2,48,45615.0,0
CustomerId_373,1000.0,1000.0,0.0,1000.0,1000.0,1,1000.0,1000.0,22.0,10.0,1.0,1,0.0,airtime,ChannelId_3,ProviderId_6,21,1,1000.0,0
CustomerId_3730,424832.0,1770.1333333333334,3186.4321660244127,-5000.0,15000.0,240,451703.0,1882.0958333333333,13.333333333333334,21.316666666666666,1.4583333333333333,7,0.0,financial_services,ChannelId_3,ProviderId_6,1,240,424832.0,0
CustomerId_3733,5000.0,5000.0,0.0,5000.0,5000.0,1,5000.0,5000.0,21.0,11.0,12.0,1,0.0,airtime,ChannelId_3,ProviderId_5,51,1,5000.0,1
CustomerId_3734,1600.0,800.0,282.842712474619,600.0,1000.0,2,1600.0,800.0,21.0,23.0,1.0,2,0.0,airtime,ChannelId_3,ProviderId_5,8,2,1600.0,0
CustomerId_3735,13930.0,995.0,1512.9111011556495,-1000.0,5000.0,14,16270.0,1162.142857142857,10.857142857142858,22.714285714285715,11.0,5,0.0,financial_services,ChannelId_3,ProviderId_4,68,14,13930.0,1
CustomerId_3736,20000.0,3333.3333333333335,7814.516406449389,-5000.0,11000.0,6,42000.0,7000.0,13.166666666666666,25.166666666666668,1.0,3,0.0,airtime,ChannelId_2,ProviderId_4,5,6,20000.0,0
CustomerId_3737,193626.0,3457.6071428571427,7220.308061115023,-10000.0,28000.0,56,289331.0,5166.625,11.410714285714286,15.446428571428571,10.285714285714286,9,0.0,financial_services,ChannelId_3,ProviderId_6,2,56,193626.0,0
CustomerId_3738,3000.0,1000.0,1732.0508075688772,-1000.0,2000.0,3,5000.0,1666.6666666666667,8.0,4.0,1.0,3,0.0,financial_services,ChannelId_3,ProviderId_4,28,3,3000.0,0
CustomerId_3739,500.0,500.0,0.0,500.0,500.0,1,500.0,500.0,17.0,20.0,11.0,1,0.0,airtime,ChannelId_3,ProviderId_6,72,1,500.0,1
CustomerId_374,20000.0,4000.0,6745.368781616021,-5000.0,10000.0,5,32000.0,6400.0,13.0,11.0,1.0,3,0.0,financial_services,ChannelId_3,ProviderId_4,20,5,20000.0,0
CustomerId_3741,500.0,500.0,0.0,500.0,500.0,1,500.0,500.0,15.0,2.0,12.0,1,0.0,airtime,ChannelId_3,ProviderId_6,60,1,500.0,1
CustomerId_3742,12000.0,12000.0,0.0,12000.0,12000.0,1,12000.0,12000.0,18.0,31.0,12.0,1,0.0,tv,ChannelId_3,ProviderId_1,31,1,12000.0,1
CustomerId_3743,2000.0,1000.0,0.0,1000.0,1000.0,2,2000.0,1000.0,6.0,11.0,12.0,2,0.0,airtime,ChannelId_3,ProviderId_1,52,2,2000.0,1
CustomerId_3745,42599.0,1468.9310344827586,2947.531339116497,-5000.0,10000.0,29,58351.0,2012.103448275862,9.482758620689655,19.689655172413794,8.689655172413794,5,0.0,financial_services,ChannelId_3,ProviderId_5,9,29,42599.0,0
CustomerId_3746,22085.0,1380.3125,3277.394528559742,-5000.0,11000.0,16,32515.0,2032.1875,8.5625,13.625,12.0,4,0.0,airtime,ChannelId_1,ProviderId_6,32,16,22085.0,1
CustomerId_3752,-14500.0,-7250.0,8131.727983645296,-13000.0,-1500.0,2,14500.0,7250.0,14.0,23.0,11.0,1,0.0,airtime,ChannelId_5,ProviderId_4,69,2,-14500.0,1
CustomerId_3756,7500.0,3750.0,4596.194077712559,500.0,7000.0,2,7500.0,3750.0,3.0,4.0,1.0,2,0.0,airtime,ChannelId_3,ProviderId_5,28,2,7500.0,0
CustomerId_3758,84538.0,2113.45,5990.827835222947,-1000.0,33000.0,40,91252.0,2281.3,14.825,19.8,9.25,5,0.0,financial_services,ChannelId_3,ProviderId_4,13,40,84538.0,0
CustomerId_3762,30000.0,30000.0,0.0,30000.0,30000.0,1,30000.0,30000.0,10.0,14.0,1.0,1,0.0,financial_services,ChannelId_3,ProviderId_5,18,1,30000.0,0
CustomerId_3763,27225.0,972.3214285714286,1750.2833009538435,-1000.0,8000.0,28,30375.0,1084.8214285714287,7.392857142857143,13.75,12.0,6,0.0,financial_services,ChannelId_3,ProviderId_4,44,28,27225.0,1
CustomerId_3764,500.0,500.0,0.0,500.0,500.0,1,500.0,500.0,22.0,4.0,1.0,1,0.0,financial_services,ChannelId_3,ProviderId_5,27,1,500.0,0
CustomerId_3765,106579.5,4633.891304347826,5565.447115005312,-1000.0,20000.0,23,116471.0,5063.95652173913,10.521739130434783,20.08695652173913,3.391304347826087,7,0.0,financial_services,ChannelId_3,ProviderId_6,2,23,106579.5,0
CustomerId_3766,190002.0,1472.8837209302326,2828.8020753820942,-1000.0,11000.0,129,197198.0,1528.6666666666667,11.224806201550388,15.906976744186046,9.953488372093023,5,0.0,airtime,ChannelId_3,ProviderId_6,20,129,190002.0,0
CustomerId_3767,137125.8,1385.1090909090908,2582.2616804547683,-1000.0,11000.0,99,146415.0,1478.939393939394,12.404040404040405,16.626262626262626,11.363636363636363,7,0.0,financial_services,ChannelId_3,ProviderId_4,21,99,137125.8,0
CustomerId_3768,2400000.0,400000.0,154919.33384829666,200000.0,500000.0,6,2484000.0,414000.0,11.666666666666666,26.666666666666668,8.333333333333334,2,6.0,utility_bill,ChannelId_3,ProviderId_3,6,6,2400000.0,0
CustomerId_3771,60000.0,3529.4117647058824,5658.153928831642,-5000.0,10000.0,17,92000.0,5411.764705882353,9.294117647058824,23.647058823529413,8.117647058823529,4,0.0,airtime,ChannelId_3,ProviderId_6,7,17,60000.0,0
CustomerId_3774,74000.0,4111.111111111111,6047.740354768284,-5000.0,14000.0,18,106000.0,5888.888888888889,11.277777777777779,22.72222222222222,4.055555555555555,4,0.0,airtime,ChannelId_3,ProviderId_6,6,18,74000.0,0
CustomerId_3778,41251.0,2578.1875,3953.263870419816,-1000.0,11000.0,16,44079.0,2754.9375,13.5,20.6875,1.0,7,0.0,airtime,ChannelId_3,ProviderId_3,4,16,41251.0,0
CustomerId_3779,11000.0,1222.2222222222222,1578.0191521158558,-1000.0,4000.0,9,13120.0,1457.7777777777778,16.77777777777778,29.11111111111111,9.555555555555555,6,0.0,airtime,ChannelId_3,ProviderId_6,5,9,11000.0,0
CustomerId_3781,229940.0,5474.761904761905,9523.192802912277,-5000.0,50000.0,42,293260.0,6982.380952380952,12.714285714285714,20.642857142857142,8.857142857142858,5,0.0,airtime,ChannelId_3,ProviderId_6,7,42,229940.0,0
CustomerId_3782,20000.0,4000.0,6745.368781616021,-5000.0,10000.0,5,32000.0,6400.0,20.0,25.0,1.0,3,0.0,financial_services,ChannelId_3,ProviderId_4,6,5,20000.0,0
CustomerId_3786,8000.0,2000.0,2000.0,1000.0,5000.0,4,8000.0,2000.0,9.0,29.5,1.0,3,0.0,airtime,ChannelId_3,ProviderId_3,2,4,8000.0,0
CustomerId_3787,126853.0,6040.619047619048,12818.442067880911,-1000.0,40000.0,21,131187.0,6247.0,14.952380952380953,10.952380952380953,7.285714285714286,5,0.0,financial_services,ChannelId_3,ProviderId_5,6,21,126853.0,0
CustomerId_3788,89779.5,1136.4493670886077,1219.963084232724,-1000.0,5000.0,79,96741.0,1224.5696202531647,15.151898734177216,17.443037974683545,9.075949367088608,3,0.0,financial_services,ChannelId_3,ProviderId_4,14,79,89779.5,0
CustomerId_3793,105000.0,35000.0,25980.76211353316,5000.0,50000.0,3,105000.0,35000.0,19.0,25.0,12.0,1,0.0,airtime,ChannelId_3,ProviderId_5,37,3,105000.0,1
CustomerId_3794,58650.0,4511.538461538462,13688.272867771306,-100.0,50000.0,13,59350.0,4565.384615384615,15.23076923076923,18.0,7.230769230769231,4,0.0,airtime,ChannelId_3,ProviderId_5,14,13,58650.0,0
CustomerId_3795,684242.0,7864.850574712644,27155.13536020214,-5000.0,180000.0,87,737215.0,8473.735632183909,14.620689655172415,18.482758620689655,6.011494252873563,5,0.0,financial_services,ChannelId_3,ProviderId_3,3,87,684242.0,0
CustomerId_3796,500.0,500.0,0.0,500.0,500.0,1,500.0,500.0,16.0,30.0,12.0,1,0.0,airtime,ChannelId_3,ProviderId_1,32,1,500.0,1
CustomerId_3799,121000.0,10083.333333333334,18983.708007050933,-1000.0,50000.0,12,123400.0,10283.333333333334,17.916666666666668,15.333333333333334,1.0,4,0.0,airtime,ChannelId_3,ProviderId_3,10,12,121000.0,0
CustomerId_3802,221000.0,3810.344827586207,5518.666558215151,-5000.0,10200.0,58,311800.0,5375.862068965517,11.689655172413794,16.70689655172414,9.086206896551724,4,0.0,airtime,ChannelId_3,ProviderId_6,6,58,221000.0,0
CustomerId_3803,8000.0,2666.6666666666665,2081.6659994661327,1000.0,5000.0,3,8000.0,2666.6666666666665,13.0,16.0,1.0,2,0.0,financial_services,ChannelId_3,ProviderId_5,11,3,8000.0,0
CustomerId_3805,1980.0,396.0,896.7050797224247,-1000.0,1000.0,5,4020.0,804.0,14.2,16.2,12.0,3,0.0,financial_services,ChannelId_3,ProviderId_4,45,5,1980.0,1
CustomerId_3807,48000.0,6857.142857142857,4140.393356054125,-1000.0,10000.0,7,50000.0,7142.857142857143,6.285714285714286,9.142857142857142,1.0,3,0.0,airtime,ChannelId_3,ProviderId_5,21,7,48000.0,0
CustomerId_3808,122361.0,2845.6046511627906,5542.766049801759,-5000.0,20000.0,43,142539.0,3314.860465116279,15.279069767441861,17.511627906976745,8.325581395348838,5,0.0,financial_services,ChannelId_3,ProviderId_4,10,43,122361.0,0
CustomerId_3809,83117.6,1731.6166666666668,2755.569910187197,-5000.0,10000.0,48,98343.0,2048.8125,15.291666666666666,17.25,6.354166666666667,6,0.0,financial_services,ChannelId_3,ProviderId_6,3,48,83117.6,0
CustomerId_381,201387.0,20138.7,14377.801354480067,-371.0,35000.0,10,203613.0,20361.3,12.5,25.9,8.3,3,0.0,financial_services,ChannelId_3,ProviderId_1,2,10,201387.0,0
CustomerId_3810,6850.0,761.1111111111111,1214.4385991523454,-1000.0,3000.0,9,9150.0,1016.6666666666666,17.77777777777778,14.11111111111111,1.0,4,0.0,financial_services,ChannelId_3,ProviderId_6,14,9,6850.0,0
CustomerId_3811,6140.0,472.3076923076923,4370.170007841331,-10000.0,6300.0,13,40640.0,3126.153846153846,15.23076923076923,19.76923076923077,4.076923076923077,5,0.0,financial_services,ChannelId_3,ProviderId_4,6,13,6140.0,0
CustomerId_3814,-1000.0,-1000.0,0.0,-1000.0,-1000.0,1,1000.0,1000.0,15.0,5.0,1.0,1,0.0,financial_services,ChannelId_2,ProviderId_4,26,1,-1000.0,0
CustomerId_3815,33877.26,1058.664375,1614.1185752400845,-1000.0,7000.0,32,38547.0,1204.59375,11.65625,23.34375,1.0,7,0.0,financial_services,ChannelId_3,ProviderId_6,1,32,33877.26,0
CustomerId_3816,2000.0,1000.0,0.0,1000.0,1000.0,2,2000.0,1000.0,6.0,18.0,11.0,1,0.0,financial_services,ChannelId_3,ProviderId_5,75,2,2000.0,1
CustomerId_3817,14820.0,1235.0,1511.4622660914104,-100.0,5000.0,12,15380.0,1281.6666666666667,15.583333333333334,21.916666666666668,8.75,4,0.0,financial_services,ChannelId_3,ProviderId_4,2,12,14820.0,0
CustomerId_3818,57510.0,1008.9473684210526,2023.1258383735642,-100.0,15000.0,57,60290.0,1057.719298245614,13.508771929824562,18.87719298245614,8.947368421052632,5,0.0,airtime,ChannelId_3,ProviderId_5,11,57,57510.0,0
CustomerId_3819,119000.0,4760.0,6240.1923047290775,-5000.0,10000.0,25,181000.0,7240.0,13.48,19.28,6.72,3,0.0,financial_services,ChannelId_3,ProviderId_6,6,25,119000.0,0
CustomerId_382,1000.0,1000.0,0.0,1000.0,1000.0,1,1000.0,1000.0,9.0,13.0,12.0,1,0.0,airtime,ChannelId_3,ProviderId_1,50,1,1000.0,1
CustomerId_3820,89993.0,1384.5076923076922,3771.5944235871452,-12000.0,12824.0,65,148166.0,2279.476923076923,14.338461538461539,19.107692307692307,7.384615384615385,10,0.0,financial_services,ChannelId_3,ProviderId_6,1,65,89993.0,0
CustomerId_3824,42400.0,3261.5384615384614,3767.6890489039524,-500.0,10000.0,13,45600.0,3507.6923076923076,11.384615384615385,17.692307692307693,10.923076923076923,3,0.0,airtime,ChannelId_3,ProviderId_5,27,13,42400.0,0
CustomerId_3825,62028.0,1676.4324324324325,2979.933039334763,-622.0,16000.0,37,65602.0,1773.027027027027,10.621621621621621,24.756756756756758,1.0,6,0.0,financial_services,ChannelId_3,ProviderId_6,1,37,62028.0,0
CustomerId_3827,21000.0,583.3333333333334,958.9138200514758,-1000.0,4500.0,36,26250.0,729.1666666666666,12.583333333333334,13.63888888888889,1.0,5,0.0,airtime,ChannelId_3,ProviderId_4,10,36,21000.0,0
CustomerId_3829,16900.0,2816.6666666666665,3206.5038073681853,-1000.0,6000.0,6,19100.0,3183.3333333333335,14.0,10.0,12.0,4,0.0,financial_services,ChannelId_3,ProviderId_5,52,6,16900.0,1
CustomerId_383,2000.0,2000.0,0.0,2000.0,2000.0,1,2000.0,2000.0,18.0,2.0,1.0,1,0.0,financial_services,ChannelId_3,ProviderId_1,29,1,2000.0,0
CustomerId_3830,1940.0,388.0,1145.5653626048581,-1000.0,2000.0,5,4060.0,812.0,13.6,25.4,12.0,3,0.0,financial_services,ChannelId_2,ProviderId_4,33,5,1940.0,1
CustomerId_3831,216935.0,2971.7123287671234,5517.810255284075,-1000.0,26000.0,73,226065.0,3096.780821917808,13.219178082191782,16.972602739726028,10.89041095890411,6,0.0,financial_services,ChannelId_3,ProviderId_4,29,73,216935.0,0
CustomerId_3834,38740.0,1047.027027027027,1245.6053077048855,-50.0,5000.0,37,39860.0,1077.2972972972973,9.432432432432432,16.56756756756757,9.243243243243244,5,0.0,financial_services,ChannelId_3,ProviderId_6,20,37,38740.0,0
CustomerId_3835,13555.0,753.0555555555555,934.0584105820603,-125.0,2600.0,18,14245.0,791.3888888888889,13.444444444444445,21.444444444444443,8.38888888888889,5,0.0,financial_services,ChannelId_3,ProviderId_4,6,18,13555.0,0
CustomerId_3836,950.0,237.5,962.0940702446928,-1000.0,1000.0,4,3050.0,762.5,6.0,16.25,12.0,3,0.0,financial_services,ChannelId_2,ProviderId_4,46,4,950.0,1
CustomerId_3838,21230.0,2653.75,3688.8594346452705,-250.0,10000.0,8,22170.0,2771.25,16.125,27.625,12.0,5,0.0,airtime,ChannelId_3,ProviderId_6,34,8,21230.0,1
CustomerId_384,10000.0,10000.0,0.0,10000.0,10000.0,1,10000.0,10000.0,10.0,23.0,11.0,1,0.0,financial_services,ChannelId_3,ProviderId_1,69,1,10000.0,1
CustomerId_3840,-50.0,-10.0,612.5255096728625,-1000.0,500.0,5,2050.0,410.0,12.4,12.0,1.0,3,0.0,financial_services,ChannelId_2,ProviderId_4,19,5,-50.0,0
CustomerId_3841,1980.0,396.0,896.7050797224247,-1000.0,1000.0,5,4020.0,804.0,18.6,26.6,7.6,3,0.0,airtime,ChannelId_3,ProviderId_1,11,5,1980.0,0
CustomerId_3842,620360.8,29540.99047619048,47342.60221789572,-5000.0,150000.0,21,636480.0,30308.571428571428,16.476190476190474,18.238095238095237,4.571428571428571,6,0.0,financial_services,ChannelId_1,ProviderId_6,2,21,620360.8,0
CustomerId_3845,57481.0,1368.595238095238,2851.71766005327,-1000.0,15000.0,42,63769.0,1518.3095238095239,12.571428571428571,20.642857142857142,7.809523809523809,7,0.0,airtime,ChannelId_3,ProviderId_4,1,42,57481.0,0
CustomerId_3847,29000.0,4833.333333333333,6493.586579592719,-5000.0,10000.0,6,41000.0,6833.333333333333,19.0,28.0,12.0,3,0.0,financial_services,ChannelId_3,ProviderId_4,34,6,29000.0,1
CustomerId_3848,101000.0,50500.0,70003.57133746821,1000.0,100000.0,2,101000.0,50500.0,23.0,21.0,1.0,1,0.0,financial_services,ChannelId_3,ProviderId_5,10,2,101000.0,0
CustomerId_3850,20000.0,3333.3333333333335,7814.516406449389,-5000.0,11000.0,6,42000.0,7000.0,17.0,11.0,1.0,3,0.0,airtime,ChannelId_2,ProviderId_4,20,6,20000.0,0
CustomerId_3856,11385.0,813.2142857142857,1344.3465772561108,-40.0,5000.0,14,11615.0,829.6428571428571,18.285714285714285,28.571428571428573,1.0,5,0.0,financial_services,ChannelId_3,ProviderId_6,1,14,11385.0,0
CustomerId_3858,2000.0,2000.0,0.0,2000.0,2000.0,1,2000.0,2000.0,18.0,22.0,12.0,1,0.0,financial_services,ChannelId_3,ProviderId_5,40,1,2000.0,1
CustomerId_3859,11310.0,870.0,1335.9952594726276,-50.0,5000.0,13,11690.0,899.2307692307693,11.076923076923077,17.076923076923077,12.0,4,0.0,airtime,ChannelId_3,ProviderId_6,40,13,11310.0,1
CustomerId_3860,2000.0,1000.0,0.0,1000.0,1000.0,2,2000.0,1000.0,19.0,6.0,12.0,1,0.0,airtime,ChannelId_3,ProviderId_1,56,2,2000.0,1
CustomerId_3863,1000.0,1000.0,0.0,1000.0,1000.0,1,1000.0,1000.0,12.0,4.0,12.0,1,0.0,airtime,ChannelId_3,ProviderId_5,58,1,1000.0,1
CustomerId_3864,30000.0,5000.0,10411.532067856297,-5000.0,21000.0,6,52000.0,8666.666666666666,13.166666666666666,25.166666666666668,1.0,3,0.0,airtime,ChannelId_2,ProviderId_4,5,6,30000.0,0
CustomerId_3868,9855.0,447.95454545454544,1093.0349394177108,-1000.0,5000.0,22,12145.0,552.0454545454545,15.090909090909092,22.954545454545453,1.0,5,0.0,financial_services,ChannelId_3,ProviderId_6,5,22,9855.0,0
CustomerId_3870,170400.0,6553.846153846154,8221.00873466174,-5000.0,20000.0,26,240800.0,9261.538461538461,16.03846153846154,16.615384615384617,11.5,4,0.0,financial_services,ChannelId_3,ProviderId_6,48,26,170400.0,1
CustomerId_3871,25000.0,8333.333333333334,2886.751345948129,5000.0,10000.0,3,25000.0,8333.333333333334,8.333333333333334,19.666666666666668,8.333333333333334,3,0.0,airtime,ChannelId_3,ProviderId_6,29,3,25000.0,0
CustomerId_3872,100000.0,9090.90909090909,10212.29205863743,-5000.0,20000.0,11,122000.0,11090.90909090909,19.0,11.0,1.0,4,0.0,financial_services,ChannelId_3,ProviderId_5,20,11,100000.0,0
CustomerId_3873,391656.0,35605.09090909091,43054.566831997145,-5000.0,100000.0,11,412244.0,37476.72727272727,12.090909090909092,13.909090909090908,9.0,5,0.0,financial_services,ChannelId_3,ProviderId_6,22,11,391656.0,0
CustomerId_3874,30920.0,1932.5,3420.5701279172745,-1000.0,10000.0,16,34880.0,2180.0,13.1875,26.0,1.0,5,0.0,airtime,ChannelId_3,ProviderId_6,3,16,30920.0,0
CustomerId_3875,20128.0,2875.4285714285716,3501.731898034783,-1000.0,8000.0,7,24622.0,3517.4285714285716,6.857142857142857,31.0,1.0,4,0.0,financial_services,ChannelId_1,ProviderId_4,1,7,20128.0,0
CustomerId_3876,474891.0,1246.4330708661416,3409.446665841721,-1000.0,27500.0,381,492309.0,1292.1496062992126,12.217847769028872,16.79265091863517,10.385826771653543,8,0.0,financial_services,ChannelId_3,ProviderId_6,16,381,474891.0,0
CustomerId_3877,5000.0,5000.0,0.0,5000.0,5000.0,1,5000.0,5000.0,14.0,1.0,1.0,1,0.0,financial_services,ChannelId_3,ProviderId_1,30,1,5000.0,0
CustomerId_3878,128126.0,3559.0555555555557,5608.044053955989,-5000.0,20000.0,36,154074.0,4279.833333333333,12.25,20.25,10.86111111111111,6,0.0,financial_services,ChannelId_3,ProviderId_6,17,36,128126.0,0
CustomerId_3879,30000.0,15000.0,7071.067811865475,10000.0,20000.0,2,30000.0,15000.0,14.0,9.0,1.0,1,0.0,financial_services,ChannelId_3,ProviderId_5,22,2,30000.0,0
CustomerId_388,269871.0,13493.55,30033.54336049681,-5000.0,100000.0,20,296429.0,14821.45,10.8,16.4,5.4,5,0.0,financial_services,ChannelId_3,ProviderId_4,3,20,269871.0,0
CustomerId_3880,13890.0,555.6,3345.807177149733,-10000.0,10000.0,25,43110.0,1724.4,13.48,15.4,11.64,5,0.0,airtime,ChannelId_3,ProviderId_4,32,25,13890.0,1
CustomerId_3882,342729.0,1579.3963133640552,4766.5433909452795,-5000.0,50000.0,217,366853.0,1690.5668202764978,10.433179723502304,17.43778801843318,7.576036866359447,9,0.0,financial_services,ChannelId_3,ProviderId_6,2,217,342729.0,0
CustomerId_3883,174400.0,24914.285714285714,41398.97054160601,-5000.0,90000.0,7,186800.0,26685.714285714286,14.142857142857142,21.0,12.0,4,0.0,financial_services,ChannelId_2,ProviderId_4,33,7,174400.0,1
CustomerId_3888,500.0,500.0,0.0,500.0,500.0,1,500.0,500.0,5.0,24.0,1.0,1,0.0,financial_services,ChannelId_3,ProviderId_5,8,1,500.0,0
CustomerId_389,99000.0,4950.0,6223.681428729766,-5000.0,10000.0,20,135000.0,6750.0,12.6,14.0,12.0,3,0.0,airtime,ChannelId_3,ProviderId_1,48,20,99000.0,1
CustomerId_3890,85477.0,1473.7413793103449,2199.9667346794836,-100.0,10000.0,58,91003.0,1569.0172413793102,12.137931034482758,15.741379310344827,6.844827586206897,5,0.0,financial_services,ChannelId_3,ProviderId_5,14,58,85477.0,0
CustomerId_3891,19000.0,3166.6666666666665,6104.643041707408,-5000.0,10000.0,6,31000.0,5166.666666666667,13.0,28.0,12.0,3,0.0,airtime,ChannelId_3,ProviderId_6,34,6,19000.0,1
CustomerId_3893,-510.0,-170.0,762.6925986267338,-1000.0,500.0,3,1510.0,503.3333333333333,18.0,16.0,12.0,2,0.0,financial_services,ChannelId_2,ProviderId_4,46,3,-510.0,1
CustomerId_3894,119460.0,7964.0,15368.521073935515,-1000.0,50000.0,15,122540.0,8169.333333333333,14.666666666666666,18.266666666666666,2.4,4,0.0,financial_services,ChannelId_3,ProviderId_6,5,15,119460.0,0
CustomerId_3897,74000.0,3523.809523809524,7298.075414923086,-5000.0,10000.0,21,156000.0,7428.571428571428,8.095238095238095,20.333333333333332,9.380952380952381,3,0.0,airtime,ChannelId_3,ProviderId_4,5,21,74000.0,0
CustomerId_3898,1000.0,1000.0,0.0,1000.0,1000.0,1,1000.0,1000.0,10.0,20.0,11.0,1,0.0,financial_services,ChannelId_3,ProviderId_5,73,1,1000.0,1
CustomerId_390,18316.0,1831.6,2494.742346972484,-1000.0,5000.0,10,22984.0,2298.4,11.5,26.0,1.0,5,0.0,financial_services,ChannelId_3,ProviderId_1,3,10,18316.0,0
CustomerId_3900,48160.0,1337.7777777777778,1667.487178980244,-1000.0,5000.0,36,53840.0,1495.5555555555557,11.61111111111111,20.833333333333332,11.194444444444445,3,0.0,airtime,ChannelId_3,ProviderId_5,10,36,48160.0,0
CustomerId_3904,2000.0,2000.0,0.0,2000.0,2000.0,1,2000.0,2000.0,23.0,11.0,12.0,1,0.0,airtime,ChannelId_3,ProviderId_5,51,1,2000.0,1
CustomerId_3905,31000.0,6200.0,7224.956747275377,-2000.0,14000.0,5,45000.0,9000.0,13.8,19.4,11.0,3,0.0,financial_services,ChannelId_3,ProviderId_4,66,5,31000.0,1
CustomerId_3906,42000.0,4666.666666666667,5598.401557587666,-5000.0,11000.0,9,54440.0,6048.888888888889,18.0,22.77777777777778,1.0,4,0.0,financial_services,ChannelId_3,ProviderId_4,7,9,42000.0,0
CustomerId_3907,1000.0,1000.0,0.0,1000.0,1000.0,1,1000.0,1000.0,6.0,1.0,1.0,1,0.0,financial_services,ChannelId_3,ProviderId_5,31,1,1000.0,1
CustomerId_3909,53856.0,5385.6,5543.944267797472,-1000.0,12000.0,10,61824.0,6182.4,16.6,15.6,1.0,5,0.0,financial_services,ChannelId_3,ProviderId_5,8,10,53856.0,0
CustomerId_391,143431.0,6830.047619047619,14709.002007193385,-1000.0,50000.0,21,148769.0,7084.238095238095,15.333333333333334,17.285714285714285,11.476190476190476,5,0.0,financial_services,ChannelId_3,ProviderId_1,57,21,143431.0,1
CustomerId_3910,244060.0,4358.214285714285,6026.538010301635,-5000.0,11000.0,56,364740.0,6513.214285714285,11.982142857142858,18.410714285714285,8.285714285714286,5,0.0,airtime,ChannelId_3,ProviderId_6,6,56,244060.0,0
CustomerId_3911,5500.0,2750.0,3181.9805153394636,500.0,5000.0,2,5500.0,2750.0,20.0,28.0,12.0,2,0.0,airtime,ChannelId_3,ProviderId_5,34,2,5500.0,1
CustomerId_3912,2367165.56,10247.469956709958,131560.99860387086,-5000.0,2000000.0,231,2437979.0,10554.021645021645,11.16017316017316,26.324675324675326,1.0,8,0.0,financial_services,ChannelId_3,ProviderId_4,1,231,2367165.56,0
CustomerId_3913,60625.0,3368.0555555555557,4227.760197888437,-5000.0,12000.0,18,75175.0,4176.388888888889,14.555555555555555,11.333333333333334,1.0,5,0.0,financial_services,ChannelId_3,ProviderId_6,7,18,60625.0,0
CustomerId_3914,120970.0,2371.9607843137255,7204.128543996933,-5000.0,50000.0,51,136630.0,2679.0196078431372,13.529411764705882,14.509803921568627,7.901960784313726,6,0.0,airtime,ChannelId_3,ProviderId_4,2,51,120970.0,0
CustomerId_3916,50000.0,50000.0,0.0,50000.0,50000.0,1,50000.0,50000.0,4.0,28.0,12.0,1,0.0,financial_services,ChannelId_3,ProviderId_5,35,1,50000.0,1
CustomerId_3917,941890.0,6495.793103448276,22315.28125115182,-5000.0,185000.0,145,967310.0,6671.103448275862,8.931034482758621,16.979310344827585,8.862068965517242,6,0.0,financial_services,ChannelId_3,ProviderId_6,14,145,941890.0,0
CustomerId_3919,84409.0,3517.0416666666665,5711.828957669046,-5000.0,12000.0,24,107941.0,4497.541666666667,12.416666666666666,21.375,6.916666666666667,6,0.0,financial_services,ChannelId_3,ProviderId_5,5,24,84409.0,0
CustomerId_3923,1455.0,363.75,490.499320420868,-25.0,1000.0,4,1545.0,386.25,16.0,8.0,12.0,3,0.0,airtime,ChannelId_2,ProviderId_4,52,4,1455.0,1
CustomerId_3925,22454.0,2494.8888888888887,3263.9753539374515,-496.0,10000.0,9,24236.0,2692.8888888888887,12.11111111111111,18.11111111111111,7.111111111111111,5,0.0,airtime,ChannelId_3,ProviderId_6,18,9,22454.0,0
CustomerId_3930,1000.0,1000.0,0.0,1000.0,1000.0,1,1000.0,1000.0,12.0,7.0,1.0,1,0.0,airtime,ChannelId_3,ProviderId_1,24,1,1000.0,0
CustomerId_3931,11375.0,1421.875,2107.3611418413448,-1000.0,5000.0,8,13625.0,1703.125,15.25,13.375,2.25,4,0.0,financial_services,ChannelId_3,ProviderId_4,8,8,11375.0,0
CustomerId_3933,1500.0,500.0,0.0,500.0,500.0,3,1500.0,500.0,12.666666666666666,25.0,1.0,2,0.0,financial_services,ChannelId_3,ProviderId_3,6,3,1500.0,0
CustomerId_3934,1000.0,1000.0,0.0,1000.0,1000.0,1,1000.0,1000.0,18.0,2.0,1.0,1,0.0,airtime,ChannelId_3,ProviderId_5,29,1,1000.0,0
CustomerId_3935,303251.6,11663.523076923077,30797.19103726582,-1629.0,98000.0,26,320974.0,12345.153846153846,13.961538461538462,27.423076923076923,1.0,5,0.0,financial_services,ChannelId_3,ProviderId_6,1,26,303251.6,0
CustomerId_3940,5000.0,5000.0,0.0,5000.0,5000.0,1,5000.0,5000.0,6.0,27.0,12.0,1,0.0,financial_services,ChannelId_3,ProviderId_5,36,1,5000.0,1
CustomerId_3941,210000.0,70000.0,112583.30249197703,5000.0,200000.0,3,210000.0,70000.0,13.333333333333334,4.333333333333333,1.0,2,0.0,airtime,ChannelId_3,ProviderId_3,24,3,210000.0,0
CustomerId_3942,40000.0,5000.0,8982.363672378064,-5000.0,20000.0,8,61400.0,7675.0,11.0,16.0,11.0,4,0.0,financial_services,ChannelId_2,ProviderId_4,76,8,40000.0,1
CustomerId_3943,1000.0,1000.0,0.0,1000.0,1000.0,1,1000.0,1000.0,17.0,2.0,12.0,1,0.0,airtime,ChannelId_3,ProviderId_6,60,1,1000.0,1
CustomerId_3944,846837.0,1756.9232365145228,5956.212397229826,-5000.0,50000.0,482,886963.0,1840.1721991701245,12.819502074688797,13.315352697095436,11.139004149377593,9,0.0,financial_services,ChannelId_3,ProviderId_6,14,482,846837.0,0
CustomerId_3946,2000.0,2000.0,0.0,2000.0,2000.0,1,2000.0,2000.0,21.0,25.0,1.0,1,0.0,financial_services,ChannelId_3,ProviderId_5,6,1,2000.0,0
CustomerId_3947,19000.0,3166.6666666666665,7626.707459098367,-5000.0,10000.0,6,41000.0,6833.333333333333,19.0,28.0,12.0,3,0.0,airtime,ChannelId_2,ProviderId_4,34,6,19000.0,1
CustomerId_3948,-525.0,-175.0,761.1668673819164,-1000.0,500.0,3,1525.0,508.3333333333333,7.0,30.0,11.0,2,0.0,financial_services,ChannelId_2,ProviderId_4,63,3,-525.0,1
CustomerId_3949,1000.0,500.0,0.0,500.0,500.0,2,1000.0,500.0,7.0,17.0,11.0,2,0.0,airtime,ChannelId_3,ProviderId_5,76,2,1000.0,1
CustomerId_3951,576147.0,13717.785714285714,24711.694092153644,-2500.0,100000.0,42,603853.0,14377.452380952382,11.238095238095237,22.857142857142858,1.0,7,0.0,financial_services,ChannelId_3,ProviderId_4,2,42,576147.0,0
CustomerId_3952,127120.0,3100.487804878049,4105.499330909403,-5000.0,10000.0,41,165080.0,4026.3414634146343,10.902439024390244,16.341463414634145,9.268292682926829,5,0.0,financial_services,ChannelId_3,ProviderId_4,10,41,127120.0,0
CustomerId_3953,2000.0,2000.0,0.0,2000.0,2000.0,1,2000.0,2000.0,5.0,20.0,12.0,1,0.0,financial_services,ChannelId_3,ProviderId_1,43,1,2000.0,1
CustomerId_3954,20000.0,4000.0,6558.963332722634,-5000.0,10000.0,5,30400.0,6080.0,11.2,16.0,11.0,3,0.0,financial_services,ChannelId_3,ProviderId_4,76,5,20000.0,1
CustomerId_3955,1000.0,1000.0,0.0,1000.0,1000.0,1,1000.0,1000.0,17.0,10.0,1.0,1,0.0,financial_services,ChannelId_3,ProviderId_5,21,1,1000.0,0
CustomerId_3956,2000000.0,2000000.0,0.0,2000000.0,2000000.0,1,2000000.0,2000000.0,10.0,8.0,1.0,1,1.0,financial_services,ChannelId_3,ProviderId_5,23,1,2000000.0,0
CustomerId_3957,293054.0,6660.318181818182,13587.413012105071,-1629.0,59000.0,44,314342.0,7144.136363636364,12.386363636363637,24.272727272727273,1.0,7,0.0,financial_services,ChannelId_3,ProviderId_4,1,44,293054.0,0
CustomerId_396,20000.0,3333.3333333333335,7814.516406449389,-5000.0,11000.0,6,42000.0,7000.0,17.333333333333332,25.166666666666668,1.0,3,0.0,airtime,ChannelId_2,ProviderId_4,5,6,20000.0,0
CustomerId_3960,24000.0,4000.0,6000.0,-5000.0,10000.0,6,36000.0,6000.0,14.333333333333334,13.333333333333334,12.0,3,0.0,airtime,ChannelId_3,ProviderId_6,45,6,24000.0,1
CustomerId_3964,39552.5,2197.3611111111113,4151.527386557852,-5000.0,11000.0,18,51074.0,2837.4444444444443,8.833333333333334,25.27777777777778,1.0,6,0.0,financial_services,ChannelId_3,ProviderId_5,3,18,39552.5,0
CustomerId_3967,20844.75,1042.2375,5236.985899573869,-10000.0,20000.0,20,49436.0,2471.8,12.3,19.5,10.9,7,0.0,financial_services,ChannelId_3,ProviderId_4,30,20,20844.75,0
CustomerId_3968,13190.0,1648.75,2452.2027269958153,-1000.0,6000.0,8,15810.0,1976.25,15.125,2.75,1.0,4,0.0,financial_services,ChannelId_3,ProviderId_4,28,8,13190.0,0
CustomerId_3969,20000.0,4000.0,6745.368781616021,-5000.0,10000.0,5,32000.0,6400.0,13.2,18.0,1.0,3,0.0,financial_services,ChannelId_3,ProviderId_4,13,5,20000.0,0
CustomerId_397,3900.0,300.0,526.9803917920792,-1000.0,1000.0,13,6100.0,469.2307692307692,12.461538461538462,23.384615384615383,10.307692307692308,3,0.0,financial_services,ChannelId_3,ProviderId_4,28,13,3900.0,0
CustomerId_3970,103850.0,1959.433962264151,2785.9595882363265,-150.0,10000.0,53,106150.0,2002.8301886792453,10.660377358490566,18.433962264150942,8.679245283018869,5,0.0,financial_services,ChannelId_3,ProviderId_6,18,53,103850.0,0
CustomerId_3971,19000.0,3800.0,6685.805860178712,-5000.0,10000.0,5,31000.0,6200.0,11.0,21.0,12.0,3,0.0,financial_services,ChannelId_3,ProviderId_4,41,5,19000.0,1
CustomerId_3973,20000.0,4000.0,6745.368781616021,-5000.0,10000.0,5,32000.0,6400.0,13.0,18.0,1.0,3,0.0,financial_services,ChannelId_3,ProviderId_4,13,5,20000.0,0
CustomerId_3975,7550.0,1510.0,3700.0675669506363,-1000.0,8000.0,5,10450.0,2090.0,20.6,2.4,1.0,2,0.0,financial_services,ChannelId_2,ProviderId_4,28,5,7550.0,0
CustomerId_3982,119000.0,4760.0,6240.1923047290775,-5000.0,10000.0,25,181000.0,7240.0,13.24,19.28,6.72,3,0.0,financial_services,ChannelId_3,ProviderId_6,6,25,119000.0,0
CustomerId_3984,137538.0,9169.2,10869.68265537552,-1000.0,33000.0,15,144462.0,9630.8,11.2,25.666666666666668,1.0,4,0.0,financial_services,ChannelId_3,ProviderId_4,2,15,137538.0,0
CustomerId_3988,31925.0,1773.611111111111,4613.785865895801,-1000.0,20000.0,18,34075.0,1893.0555555555557,11.222222222222221,13.555555555555555,1.0,6,0.0,airtime,ChannelId_3,ProviderId_5,14,18,31925.0,0
CustomerId_3989,90500.5,952.6368421052632,1353.9308010580717,-350.0,7000.0,95,96000.0,1010.5263157894736,13.536842105263158,18.4,8.715789473684211,6,0.0,financial_services,ChannelId_3,ProviderId_4,9,95,90500.5,0
CustomerId_399,20000.0,3333.3333333333335,6088.2400303098,-5000.0,10000.0,6,32000.0,5333.333333333333,5.0,25.0,1.0,3,0.0,airtime,ChannelId_3,ProviderId_6,7,6,20000.0,0
CustomerId_3990,7653.0,1093.2857142857142,1926.967108721692,-1000.0,5000.0,7,9747.0,1392.4285714285713,11.142857142857142,19.571428571428573,12.0,3,0.0,financial_services,ChannelId_3,ProviderId_4,31,7,7653.0,1
CustomerId_3993,40000.0,4000.0,6271.62924074226,-5000.0,11000.0,10,62000.0,6200.0,16.5,26.5,6.5,3,0.0,airtime,ChannelId_3,ProviderId_6,6,10,40000.0,0
CustomerId_3994,3000.0,1000.0,0.0,1000.0,1000.0,3,3000.0,1000.0,14.0,28.333333333333332,11.0,1,0.0,financial_services,ChannelId_3,ProviderId_3,64,3,3000.0,1
CustomerId_3995,10000.0,10000.0,0.0,10000.0,10000.0,1,10000.0,10000.0,7.0,10.0,12.0,1,0.0,financial_services,ChannelId_3,ProviderId_5,53,1,10000.0,1
CustomerId_3998,1900.0,475.0,606.2177826491071,-50.0,1000.0,4,2100.0,525.0,11.75,18.5,11.0,2,0.0,airtime,ChannelId_2,ProviderId_4,73,4,1900.0,1
CustomerId_4,-10000.0,-10000.0,0.0,-10000.0,-10000.0,1,10000.0,10000.0,16.0,21.0,11.0,1,0.0,airtime,ChannelId_2,ProviderId_4,71,1,-10000.0,1
CustomerId_400,2000.0,1000.0,0.0,1000.0,1000.0,2,2000.0,1000.0,19.0,18.0,11.0,1,0.0,financial_services,ChannelId_3,ProviderId_5,74,2,2000.0,1
CustomerId_4000,125740.0,4657.037037037037,9959.873653359422,-2500.0,50000.0,27,134260.0,4972.592592592592,15.925925925925926,16.185185185185187,9.444444444444445,6,0.0,airtime,ChannelId_3,ProviderId_3,2,27,125740.0,0
CustomerId_4001,14930.0,1658.888888888889,3292.690558055997,-1000.0,10000.0,9,17070.0,1896.6666666666667,10.88888888888889,10.0,12.0,4,0.0,financial_services,ChannelId_3,ProviderId_4,32,9,14930.0,1
CustomerId_4002,13960.0,2326.6666666666665,2915.521680020004,-300.0,6000.0,6,14640.0,2440.0,9.833333333333334,15.0,9.833333333333334,3,0.0,airtime,ChannelId_3,ProviderId_1,27,6,13960.0,0
CustomerId_4005,1000.0,500.0,0.0,500.0,500.0,2,1000.0,500.0,9.5,21.0,11.0,1,0.0,financial_services,ChannelId_3,ProviderId_5,72,2,1000.0,1
CustomerId_4006,50000.0,50000.0,0.0,50000.0,50000.0,1,50000.0,50000.0,10.0,19.0,11.0,1,0.0,financial_services,ChannelId_3,ProviderId_5,74,1,50000.0,1
CustomerId_4007,153000.0,6652.173913043478,8612.140984216167,-5000.0,20000.0,23,215000.0,9347.826086956522,9.130434782608695,18.82608695652174,1.0,4,0.0,financial_services,ChannelId_3,ProviderId_6,7,23,153000.0,0
CustomerId_4008,60000.0,2400.0,5471.517157059822,-5000.0,10000.0,25,114400.0,4576.0,14.4,17.48,12.0,6,0.0,airtime,ChannelId_3,ProviderId_6,35,25,60000.0,1
CustomerId_4009,2000.0,2000.0,0.0,2000.0,2000.0,1,2000.0,2000.0,7.0,6.0,12.0,1,0.0,airtime,ChannelId_3,ProviderId_6,57,1,2000.0,1
CustomerId_401,20662.4,983.9238095238096,883.5461402240189,-30.0,2880.0,21,20938.0,997.047619047619,14.80952380952381,16.761904761904763,9.904761904761905,6,0.0,financial_services,ChannelId_3,ProviderId_1,1,21,20662.4,0
CustomerId_4011,331246.0,6370.115384615385,21412.93546530525,-1000.0,150000.0,52,337746.0,6495.115384615385,10.134615384615385,20.403846153846153,6.5,7,0.0,financial_services,ChannelId_3,ProviderId_4,4,52,331246.0,0
CustomerId_4012,1000.0,1000.0,0.0,1000.0,1000.0,1,1000.0,1000.0,10.0,18.0,11.0,1,0.0,airtime,ChannelId_3,ProviderId_6,75,1,1000.0,1
CustomerId_4013,14000.0,3500.0,7681.145747868608,-5000.0,10000.0,4,26000.0,6500.0,6.0,7.0,12.0,3,0.0,financial_services,ChannelId_2,ProviderId_4,56,4,14000.0,1
CustomerId_4014,284286.0,1920.8513513513512,5091.28306585529,-1000.0,29000.0,148,292114.0,1973.7432432432433,12.567567567567568,26.56081081081081,1.0,6,0.0,financial_services,ChannelId_3,ProviderId_4,1,148,284286.0,0
CustomerId_4015,19000.0,3800.0,6685.805860178712,-5000.0,10000.0,5,31000.0,6200.0,11.2,28.0,12.0,3,0.0,financial_services,ChannelId_3,ProviderId_4,34,5,19000.0,1
CustomerId_4017,36560.0,3046.6666666666665,5982.692208413037,-2000.0,20000.0,12,45440.0,3786.6666666666665,17.333333333333332,10.25,11.916666666666666,5,0.0,financial_services,ChannelId_3,ProviderId_6,40,12,36560.0,1
CustomerId_4019,28912.0,1314.1818181818182,1556.2674404871248,-1000.0,5800.0,22,31288.0,1422.1818181818182,12.090909090909092,23.863636363636363,1.0,4,0.0,financial_services,ChannelId_3,ProviderId_6,3,22,28912.0,0
CustomerId_402,726000.0,55846.153846153844,72637.91038872901,500.0,180000.0,13,729450.0,56111.53846153846,15.461538461538462,19.0,12.0,5,0.0,financial_services,ChannelId_3,ProviderId_1,41,13,726000.0,1
CustomerId_4022,-510.0,-170.0,762.6925986267338,-1000.0,500.0,3,1510.0,503.3333333333333,16.0,20.0,1.0,2,0.0,financial_services,ChannelId_2,ProviderId_4,11,3,-510.0,0
CustomerId_4023,1000.0,1000.0,0.0,1000.0,1000.0,1,1000.0,1000.0,9.0,7.0,12.0,1,0.0,airtime,ChannelId_3,ProviderId_5,56,1,1000.0,1
CustomerId_4025,-5500.0,-1375.0,249.99999999999997,-1500.0,-1000.0,4,5500.0,1375.0,12.25,20.5,11.25,1,0.0,airtime,ChannelId_5,ProviderId_4,57,4,-5500.0,1
CustomerId_4026,200000.0,200000.0,0.0,200000.0,200000.0,1,200000.0,200000.0,17.0,24.0,1.0,1,0.0,financial_services,ChannelId_3,ProviderId_5,7,1,200000.0,0
CustomerId_4027,1950.0,390.0,900.2777349240622,-1000.0,1000.0,5,4050.0,810.0,7.4,12.6,12.0,3,0.0,financial_services,ChannelId_3,ProviderId_1,50,5,1950.0,1
CustomerId_4029,10750.0,895.8333333333334,1519.1891278114801,-1000.0,5000.0,12,13250.0,1104.1666666666667,12.416666666666666,24.666666666666668,1.0,4,0.0,airtime,ChannelId_3,ProviderId_6,5,12,10750.0,0
CustomerId_4030,6000.0,3000.0,2828.42712474619,1000.0,5000.0,2,6000.0,3000.0,8.5,3.0,12.0,2,0.0,airtime,ChannelId_3,ProviderId_5,60,2,6000.0,1
CustomerId_4031,23500.0,2350.0,4927.5303708405045,-5000.0,11000.0,10,33500.0,3350.0,13.0,26.3,1.0,4,0.0,airtime,ChannelId_3,ProviderId_6,3,10,23500.0,0
CustomerId_4033,1718506.5,2285.248005319149,10549.249133545976,-5000.0,200000.0,752,1876745.0,2495.6715425531916,11.264627659574469,17.050531914893618,7.88563829787234,12,0.0,airtime,ChannelId_3,ProviderId_6,1,752,1718506.5,0
CustomerId_4034,4940.0,548.8888888888889,921.2687507514358,-1000.0,2000.0,9,7060.0,784.4444444444445,11.777777777777779,24.22222222222222,11.0,4,0.0,financial_services,ChannelId_3,ProviderId_4,66,9,4940.0,1
CustomerId_4035,30000.0,5000.0,6511.528238439882,-5000.0,10000.0,6,42000.0,7000.0,15.0,25.0,1.0,3,0.0,financial_services,ChannelId_3,ProviderId_4,6,6,30000.0,0
CustomerId_4036,50000.0,5000.0,7086.763875156433,-5000.0,15000.0,10,72000.0,7200.0,10.6,20.8,1.0,3,0.0,airtime,ChannelId_3,ProviderId_6,6,10,50000.0,0
CustomerId_4038,33302.0,1850.111111111111,1760.586863683574,-1000.0,5000.0,18,35578.0,1976.5555555555557,14.5,18.0,1.0,6,0.0,financial_services,ChannelId_3,ProviderId_3,6,18,33302.0,0
CustomerId_4039,189000.0,5906.25,5915.3129603897405,-5000.0,10000.0,32,251000.0,7843.75,12.1875,18.125,7.875,3,0.0,airtime,ChannelId_3,ProviderId_6,6,32,189000.0,0
CustomerId_4040,29000.0,4142.857142857143,7425.823667638301,-5000.0,10000.0,7,51000.0,7285.714285714285,11.0,21.0,12.0,3,0.0,airtime,ChannelId_3,ProviderId_1,41,7,29000.0,1
CustomerId_4041,5940.0,742.5,1286.7872507028615,-1000.0,3000.0,8,8060.0,1007.5,11.375,15.25,11.0,3,0.0,financial_services,ChannelId_2,ProviderId_4,77,8,5940.0,1
CustomerId_4042,74000.0,24666.666666666668,47961.7903474561,-5000.0,80000.0,3,86000.0,28666.666666666668,11.0,14.0,12.0,2,0.0,financial_services,ChannelId_2,ProviderId_4,48,3,74000.0,1
CustomerId_4043,98701.0,1518.4769230769232,4621.433165519695,-5000.0,18500.0,65,139763.0,2150.2,13.738461538461538,25.046153846153846,1.0,6,0.0,financial_services,ChannelId_3,ProviderId_4,1,65,98701.0,0
CustomerId_4044,40000.0,4444.444444444444,6463.573143221772,-5000.0,10000.0,9,62000.0,6888.888888888889,15.444444444444445,21.11111111111111,1.0,3,0.0,financial_services,ChannelId_3,ProviderId_6,6,9,40000.0,0
CustomerId_4045,1000.0,1000.0,0.0,1000.0,1000.0,1,1000.0,1000.0,17.0,14.0,12.0,1,0.0,airtime,ChannelId_3,ProviderId_6,48,1,1000.0,1
CustomerId_4046,1980.0,396.0,896.7050797224247,-1000.0,1000.0,5,4020.0,804.0,10.2,23.6,1.0,3,0.0,financial_services,ChannelId_3,ProviderId_4,6,5,1980.0,0
CustomerId_4049,14925.0,995.0,1587.2595430939634,-1000.0,4000.0,15,17725.0,1181.6666666666667,13.466666666666667,7.733333333333333,12.0,4,0.0,financial_services,ChannelId_3,ProviderId_4,51,15,14925.0,1
CustomerId_405,1000.0,1000.0,0.0,1000.0,1000.0,1,1000.0,1000.0,21.0,19.0,1.0,1,0.0,airtime,ChannelId_3,ProviderId_1,12,1,1000.0,0
CustomerId_4050,5000.0,5000.0,0.0,5000.0,5000.0,1,5000.0,5000.0,10.0,20.0,12.0,1,0.0,financial_services,ChannelId_3,ProviderId_5,42,1,5000.0,1
CustomerId_4053,19000.0,3166.6666666666665,7626.707459098367,-5000.0,10000.0,6,41000.0,6833.333333333333,18.0,21.0,12.0,3,0.0,airtime,ChannelId_2,ProviderId_4,41,6,19000.0,1
CustomerId_4055,205900.0,4902.380952380952,12214.385523021378,-5000.0,50000.0,42,255500.0,6083.333333333333,10.428571428571429,20.904761904761905,9.857142857142858,5,0.0,airtime,ChannelId_3,ProviderId_6,12,42,205900.0,0
CustomerId_4056,20000.0,4000.0,6745.368781616021,-5000.0,10000.0,5,32000.0,6400.0,19.0,25.0,1.0,3,0.0,financial_services,ChannelId_3,ProviderId_4,6,5,20000.0,0
CustomerId_4058,980.0,245.0,959.218431849597,-1000.0,1000.0,4,3020.0,755.0,16.25,20.5,1.0,3,0.0,financial_services,ChannelId_2,ProviderId_4,10,4,980.0,0
CustomerId_4059,12595.0,1259.5,814.972562592004,-105.0,2100.0,10,13005.0,1300.5,14.3,13.8,7.4,3,0.0,airtime,ChannelId_1,ProviderId_5,10,10,12595.0,0
CustomerId_4061,50000.0,5000.0,6342.099196813483,-5000.0,10000.0,10,72000.0,7200.0,14.2,20.8,1.0,3,0.0,financial_services,ChannelId_3,ProviderId_6,6,10,50000.0,0
CustomerId_4064,2000.0,666.6666666666666,3785.9388972001825,-2000.0,5000.0,3,10000.0,3333.3333333333335,21.0,14.0,12.0,2,0.0,financial_services,ChannelId_2,ProviderId_4,48,3,2000.0,1
CustomerId_4065,50000.0,5000.0,6429.100507328637,-5000.0,11000.0,10,72000.0,7200.0,12.4,19.5,6.5,3,0.0,airtime,ChannelId_3,ProviderId_6,21,10,50000.0,0
CustomerId_4066,2000.0,1000.0,0.0,1000.0,1000.0,2,2000.0,1000.0,12.0,7.0,1.0,2,0.0,airtime,ChannelId_3,ProviderId_5,24,2,2000.0,0
CustomerId_4067,30000.0,5000.0,6511.528238439882,-5000.0,10000.0,6,42000.0,7000.0,16.0,25.0,1.0,3,0.0,airtime,ChannelId_3,ProviderId_6,6,6,30000.0,0
CustomerId_4068,1000.0,1000.0,0.0,1000.0,1000.0,1,1000.0,1000.0,6.0,19.0,11.0,1,0.0,airtime,ChannelId_3,ProviderId_6,74,1,1000.0,1
CustomerId_4069,26274.0,1194.2727272727273,5597.746963282198,-12000.0,11936.0,22,73302.0,3331.909090909091,9.045454545454545,18.0,10.772727272727273,7,0.0,financial_services,ChannelId_3,ProviderId_5,30,22,26274.0,0
CustomerId_4070,6890.0,1148.3333333333333,1954.1792821199049,-1000.0,4000.0,6,9110.0,1518.3333333333333,11.333333333333334,30.0,12.0,4,0.0,financial_services,ChannelId_2,ProviderId_4,32,6,6890.0,1
CustomerId_4072,500.0,500.0,0.0,500.0,500.0,1,500.0,500.0,15.0,13.0,1.0,1,0.0,financial_services,ChannelId_3,ProviderId_1,18,1,500.0,0
CustomerId_4074,500.0,500.0,0.0,500.0,500.0,1,500.0,500.0,14.0,21.0,11.0,1,0.0,financial_services,ChannelId_3,ProviderId_5,71,1,500.0,1
CustomerId_4075,576000.0,192000.0,267005.61791842506,26000.0,500000.0,3,576000.0,192000.0,6.0,1.0,1.0,3,1.0,airtime,ChannelId_3,ProviderId_1,31,3,576000.0,1
CustomerId_4079,1000.0,1000.0,0.0,1000.0,1000.0,1,1000.0,1000.0,8.0,30.0,11.0,1,0.0,airtime,ChannelId_3,ProviderId_1,63,1,1000.0,1
CustomerId_408,-14000.0,-4666.666666666667,5507.570547286102,-11000.0,-1000.0,3,14000.0,4666.666666666667,6.0,15.0,1.0,3,0.0,airtime,ChannelId_5,ProviderId_4,17,3,-14000.0,0
CustomerId_4085,86163.0,5068.411764705882,7231.318094396964,-1005.0,21000.0,17,92837.0,5461.0,11.647058823529411,14.529411764705882,9.352941176470589,6,0.0,financial_services,ChannelId_3,ProviderId_4,24,17,86163.0,0
CustomerId_4086,80000.0,5000.0,6985.699678629192,-5000.0,16000.0,16,122000.0,7625.0,13.125,17.375,7.1875,3,0.0,financial_services,ChannelId_3,ProviderId_6,20,16,80000.0,0
CustomerId_4087,74000.0,24666.666666666668,47961.7903474561,-5000.0,80000.0,3,86000.0,28666.666666666668,8.0,14.0,12.0,2,0.0,financial_services,ChannelId_2,ProviderId_4,49,3,74000.0,1
CustomerId_4089,92259.0,1085.4,2377.6985631368107,-7000.0,10000.0,85,124611.0,1466.0117647058823,13.588235294117647,17.705882352941178,9.541176470588235,6,0.0,financial_services,ChannelId_3,ProviderId_5,9,85,92259.0,0
CustomerId_4090,60000.0,4615.384615384615,6357.914510519697,-5000.0,10000.0,13,92000.0,7076.923076923077,11.461538461538462,17.46153846153846,1.0,3,0.0,financial_services,ChannelId_3,ProviderId_6,7,13,60000.0,0
CustomerId_4095,62060.0,4432.857142857143,8773.752314165797,-1250.0,25000.0,14,64940.0,4638.571428571428,13.142857142857142,7.428571428571429,9.642857142857142,4,0.0,airtime,ChannelId_3,ProviderId_6,24,14,62060.0,0
CustomerId_4097,96529.0,1440.7313432835822,2494.0100518745303,-496.0,10000.0,67,101941.0,1521.5074626865671,11.164179104477611,20.880597014925375,10.850746268656716,7,0.0,financial_services,ChannelId_3,ProviderId_6,28,67,96529.0,0
CustomerId_4098,475.0,237.5,371.23106012293744,-25.0,500.0,2,525.0,262.5,11.0,28.0,11.0,2,0.0,airtime,ChannelId_2,ProviderId_4,64,2,475.0,1
CustomerId_4101,5000.0,5000.0,0.0,5000.0,5000.0,1,5000.0,5000.0,20.0,28.0,1.0,1,0.0,financial_services,ChannelId_3,ProviderId_5,3,1,5000.0,0
CustomerId_4102,12280.0,2456.0,7986.496603642927,-5000.0,16000.0,5,24860.0,4972.0,15.0,19.4,11.0,3,0.0,financial_services,ChannelId_2,ProviderId_4,70,5,12280.0,1
CustomerId_4103,2000.0,1000.0,0.0,1000.0,1000.0,2,2000.0,1000.0,9.0,16.0,11.0,1,0.0,airtime,ChannelId_1,ProviderId_5,77,2,2000.0,1
CustomerId_4104,10000.0,10000.0,0.0,10000.0,10000.0,1,10000.0,10000.0,10.0,29.0,1.0,1,0.0,financial_services,ChannelId_3,ProviderId_5,3,1,10000.0,0
CustomerId_4106,20000.0,4000.0,6745.368781616021,-5000.0,10000.0,5,32000.0,6400.0,13.0,11.0,1.0,3,0.0,financial_services,ChannelId_3,ProviderId_4,20,5,20000.0,0
CustomerId_4107,2400.0,1200.0,282.842712474619,1000.0,1400.0,2,2400.0,1200.0,13.0,4.0,1.0,2,0.0,airtime,ChannelId_3,ProviderId_1,27,2,2400.0,0
CustomerId_4108,4000.0,2000.0,0.0,2000.0,2000.0,2,4000.0,2000.0,3.0,20.0,11.0,1,0.0,airtime,ChannelId_3,ProviderId_3,73,2,4000.0,1
CustomerId_4109,51790.5,1479.7285714285715,2507.066499220275,-1000.0,12000.0,35,55310.0,1580.2857142857142,9.028571428571428,18.4,5.4,4,0.0,financial_services,ChannelId_3,ProviderId_5,4,35,51790.5,0
CustomerId_411,81500.0,13583.333333333334,1772.4747294860558,10000.0,14500.0,6,81500.0,13583.333333333334,8.333333333333334,24.0,12.0,1,0.0,financial_services,ChannelId_3,ProviderId_1,39,6,81500.0,1
CustomerId_4112,2021000.0,404200.0,543900.9100930059,1000.0,1000000.0,5,2021000.0,404200.0,11.0,10.0,12.0,1,0.0,financial_services,ChannelId_3,ProviderId_3,52,5,2021000.0,1
CustomerId_4113,122958.0,3152.769230769231,6959.2988548134135,-13000.0,28606.0,39,196413.0,5036.2307692307695,10.179487179487179,15.384615384615385,5.102564102564102,8,0.0,financial_services,ChannelId_3,ProviderId_4,3,39,122958.0,0
CustomerId_4115,56660.0,1089.6153846153845,1875.7191682632144,-600.0,12000.0,52,60340.0,1160.3846153846155,12.153846153846153,15.173076923076923,9.961538461538462,4,0.0,airtime,ChannelId_3,ProviderId_5,27,52,56660.0,0
CustomerId_4117,5000.0,5000.0,0.0,5000.0,5000.0,1,5000.0,5000.0,7.0,10.0,1.0,1,0.0,financial_services,ChannelId_3,ProviderId_5,22,1,5000.0,0
CustomerId_4118,19000.0,3800.0,6685.805860178712,-5000.0,10000.0,5,31000.0,6200.0,10.0,28.0,12.0,3,0.0,financial_services,ChannelId_3,ProviderId_4,34,5,19000.0,1
CustomerId_4119,7400.0,740.0,1625.4025142509572,-1000.0,5000.0,10,9600.0,960.0,13.4,26.0,12.0,4,0.0,financial_services,ChannelId_2,ProviderId_4,32,10,7400.0,1
CustomerId_412,14470.0,1607.7777777777778,1704.8150763189667,-150.0,5000.0,9,14930.0,1658.888888888889,6.444444444444445,12.555555555555555,10.777777777777779,4,0.0,financial_services,ChannelId_3,ProviderId_6,19,9,14470.0,0
CustomerId_4120,20000.0,3333.3333333333335,7814.516406449389,-5000.0,11000.0,6,42000.0,7000.0,12.166666666666666,25.166666666666668,1.0,3,0.0,airtime,ChannelId_2,ProviderId_4,5,6,20000.0,0
CustomerId_4123,11555.0,1650.7142857142858,1990.834055890957,-170.0,5000.0,7,12245.0,1749.2857142857142,12.428571428571429,20.428571428571427,11.0,3,0.0,financial_services,ChannelId_3,ProviderId_4,69,7,11555.0,1
CustomerId_4124,137110.0,3808.6111111111113,11323.66955989035,-13000.0,50000.0,36,164890.0,4580.277777777777,11.61111111111111,21.083333333333332,8.944444444444445,6,0.0,financial_services,ChannelId_3,ProviderId_6,19,36,137110.0,0
CustomerId_4125,401455.0,6690.916666666667,28949.71451941538,-5000.0,200000.0,60,424495.0,7074.916666666667,12.983333333333333,15.216666666666667,2.283333333333333,7,0.0,financial_services,ChannelId_3,ProviderId_6,12,60,401455.0,0
CustomerId_4127,20800.0,3466.6666666666665,5982.195806446549,-5000.0,10000.0,6,31200.0,5200.0,9.666666666666666,22.166666666666668,11.333333333333334,3,0.0,airtime,ChannelId_3,ProviderId_4,55,6,20800.0,1
CustomerId_4128,800000.0,800000.0,0.0,800000.0,800000.0,1,800000.0,800000.0,19.0,26.0,12.0,1,1.0,financial_services,ChannelId_3,ProviderId_5,36,1,800000.0,1
CustomerId_4130,1900.0,380.0,1094.074951728628,-1000.0,2000.0,5,4100.0,820.0,9.6,27.2,1.0,3,0.0,financial_services,ChannelId_3,ProviderId_4,3,5,1900.0,0
CustomerId_4131,84445.0,9382.777777777777,13747.426375305467,-1005.0,28000.0,9,94205.0,10467.222222222223,11.222222222222221,29.555555555555557,1.0,5,0.0,financial_services,ChannelId_3,ProviderId_6,2,9,84445.0,0
CustomerId_4132,15530.0,1411.8181818181818,1932.8053092943333,-1000.0,5000.0,11,17670.0,1606.3636363636363,13.272727272727273,28.636363636363637,1.0,5,0.0,financial_services,ChannelId_3,ProviderId_4,1,11,15530.0,0
CustomerId_4133,20000.0,10000.0,0.0,10000.0,10000.0,2,20000.0,10000.0,17.0,17.0,11.0,1,0.0,financial_services,ChannelId_3,ProviderId_5,75,2,20000.0,1
CustomerId_4134,700000.0,700000.0,0.0,700000.0,700000.0,1,700000.0,700000.0,9.0,17.0,11.0,1,1.0,financial_services,ChannelId_3,ProviderId_1,76,1,700000.0,1
CustomerId_4135,69466.0,1177.3898305084747,1646.455252090435,-1000.0,6000.0,59,76069.0,1289.3050847457628,12.152542372881356,25.406779661016948,11.05084745762712,7,0.0,financial_services,ChannelId_3,ProviderId_6,41,59,69466.0,1
CustomerId_4137,20000.0,2500.0,6803.36051416609,-5000.0,11000.0,8,44000.0,5500.0,16.0,11.0,1.0,3,0.0,airtime,ChannelId_2,ProviderId_4,20,8,20000.0,0
CustomerId_4138,2000.0,2000.0,0.0,2000.0,2000.0,1,2000.0,2000.0,11.0,20.0,12.0,1,0.0,airtime,ChannelId_3,ProviderId_5,42,1,2000.0,1
CustomerId_4139,5980.0,1993.3333333333333,2653.324958110735,-20.0,5000.0,3,6020.0,2006.6666666666667,10.333333333333334,20.0,1.0,3,0.0,airtime,ChannelId_3,ProviderId_1,5,3,5980.0,0
CustomerId_414,26717.0,1406.157894736842,2671.2538933192213,-1000.0,10000.0,19,33003.0,1737.0,12.105263157894736,13.526315789473685,12.0,6,0.0,financial_services,ChannelId_3,ProviderId_4,49,19,26717.0,1
CustomerId_4141,25504.0,4250.666666666667,8852.536510326669,-5000.0,20000.0,6,39606.0,6601.0,11.5,26.666666666666668,1.0,4,0.0,financial_services,ChannelId_2,ProviderId_4,1,6,25504.0,0
CustomerId_4142,600.0,300.0,282.842712474619,100.0,500.0,2,600.0,300.0,5.0,14.5,1.0,2,0.0,airtime,ChannelId_3,ProviderId_5,10,2,600.0,0
CustomerId_4143,1500.0,750.0,353.5533905932738,500.0,1000.0,2,1500.0,750.0,10.0,3.0,12.0,2,0.0,airtime,ChannelId_3,ProviderId_1,59,2,1500.0,1
CustomerId_4145,40000.0,3076.923076923077,8892.520625611338,-5000.0,20000.0,13,102000.0,7846.153846153846,12.461538461538462,21.46153846153846,1.0,3,0.0,financial_services,ChannelId_2,ProviderId_4,5,13,40000.0,0
CustomerId_4146,649340.0,10306.984126984127,27422.37376109684,-1610.0,150000.0,63,662010.0,10508.095238095239,12.714285714285714,11.634920634920634,1.0,7,0.0,financial_services,ChannelId_3,ProviderId_6,2,63,649340.0,0
CustomerId_4148,11000.0,5500.0,707.1067811865476,5000.0,6000.0,2,11000.0,5500.0,9.0,5.0,1.0,1,0.0,airtime,ChannelId_3,ProviderId_3,27,2,11000.0,0
CustomerId_4149,35970.0,3270.0,3533.8222932117,-2000.0,10000.0,11,52030.0,4730.0,10.272727272727273,25.545454545454547,11.090909090909092,4,0.0,financial_services,ChannelId_3,ProviderId_5,49,11,35970.0,1
CustomerId_415,333580.0,9530.857142857143,15603.61502070228,-5000.0,50000.0,35,387283.0,11065.228571428572,12.142857142857142,18.114285714285714,8.82857142857143,8,0.0,financial_services,ChannelId_1,ProviderId_6,2,35,333580.0,0
CustomerId_4151,30000.0,1363.6363636363637,4152.399817265221,-5000.0,10000.0,22,62000.0,2818.181818181818,8.363636363636363,16.90909090909091,6.5,5,0.0,airtime,ChannelId_3,ProviderId_6,17,22,30000.0,0
CustomerId_4152,128588.3,621.1995169082126,2924.900156851721,-5000.0,11400.0,207,360463.0,1741.3671497584542,8.33816425120773,17.217391304347824,8.193236714975846,7,0.0,airtime,ChannelId_3,ProviderId_4,1,207,128588.3,0
CustomerId_4153,16650.0,2081.25,6122.787501270503,-11000.0,7000.0,8,39680.0,4960.0,12.625,24.5,12.0,4,0.0,financial_services,ChannelId_3,ProviderId_4,34,8,16650.0,1
CustomerId_4154,-10.0,-2.5,707.1244586351119,-1000.0,500.0,4,2010.0,502.5,17.75,25.0,1.0,2,0.0,airtime,ChannelId_2,ProviderId_4,6,4,-10.0,0
CustomerId_4155,11415.0,878.0769230769231,840.0583770923762,-90.0,2300.0,13,11785.0,906.5384615384615,14.076923076923077,21.384615384615383,11.923076923076923,4,0.0,financial_services,ChannelId_3,ProviderId_6,34,13,11415.0,1
CustomerId_4157,71578.0,3767.2631578947367,4848.102272964424,-5000.0,15000.0,19,87122.0,4585.368421052632,11.157894736842104,13.0,6.157894736842105,5,0.0,airtime,ChannelId_3,ProviderId_5,7,19,71578.0,0
CustomerId_4158,-10.0,-2.5,707.1244586351119,-1000.0,500.0,4,2010.0,502.5,19.0,29.0,12.0,3,0.0,financial_services,ChannelId_2,ProviderId_4,33,4,-10.0,1
CustomerId_4159,20000.0,3333.3333333333335,6088.2400303098,-5000.0,10000.0,6,32000.0,5333.333333333333,4.166666666666667,25.0,1.0,3,0.0,airtime,ChannelId_3,ProviderId_6,7,6,20000.0,0
CustomerId_4160,110200.0,13775.0,34916.86043814854,-1000.0,100000.0,8,119100.0,14887.5,15.625,19.875,10.625,6,0.0,financial_services,ChannelId_3,ProviderId_5,14,8,110200.0,0
CustomerId_4161,1000.0,166.66666666666666,607.2122089242497,-1000.0,510.0,6,3020.0,503.3333333333333,17.5,23.166666666666668,1.0,3,0.0,airtime,ChannelId_3,ProviderId_6,5,6,1000.0,0
CustomerId_4163,57000.0,9500.0,9628.083921528727,-2000.0,20000.0,6,71000.0,11833.333333333334,12.0,21.0,11.833333333333334,3,0.0,financial_services,ChannelId_3,ProviderId_5,40,6,57000.0,1
CustomerId_4164,57508.0,7188.5,9507.646591785251,-1000.0,28000.0,8,62532.0,7816.5,16.875,15.5,1.0,5,0.0,financial_services,ChannelId_3,ProviderId_3,12,8,57508.0,0
CustomerId_4165,21350.0,1940.909090909091,2931.5403955785923,-100.0,10000.0,11,21850.0,1986.3636363636363,7.545454545454546,19.818181818181817,10.0,4,0.0,airtime,ChannelId_3,ProviderId_6,22,11,21350.0,0
CustomerId_4167,515700.0,32231.25,23666.98033829693,-5000.0,50000.0,16,547700.0,34231.25,16.4375,17.5,12.0,3,0.0,airtime,ChannelId_3,ProviderId_5,44,16,515700.0,1
CustomerId_4168,54450.0,3630.0,3957.082258432342,-1000.0,10000.0,15,58750.0,3916.6666666666665,15.866666666666667,18.2,8.333333333333334,5,0.0,financial_services,ChannelId_3,ProviderId_4,14,15,54450.0,0
CustomerId_4169,5000.0,5000.0,0.0,5000.0,5000.0,1,5000.0,5000.0,7.0,25.0,1.0,1,0.0,financial_services,ChannelId_3,ProviderId_1,7,1,5000.0,0
CustomerId_4170,2000.0,666.6666666666666,288.6751345948129,500.0,1000.0,3,2000.0,666.6666666666666,8.0,13.0,12.0,2,0.0,other,ChannelId_3,ProviderId_3,50,3,2000.0,1
CustomerId_4171,15000.0,5000.0,8660.254037844386,-5000.0,10000.0,3,33000.0,11000.0,17.0,16.0,11.0,2,0.0,movies,ChannelId_3,ProviderId_5,76,3,15000.0,1
CustomerId_4173,39589.0,2639.266666666667,7599.162608628728,-496.0,30000.0,15,41671.0,2778.0666666666666,13.2,21.666666666666668,1.0,4,0.0,financial_services,ChannelId_3,ProviderId_6,1,15,39589.0,0
CustomerId_4174,54130.0,1546.5714285714287,3201.8181350207733,-1000.0,15000.0,35,56870.0,1624.857142857143,15.114285714285714,21.257142857142856,11.371428571428572,5,0.0,financial_services,ChannelId_3,ProviderId_4,13,35,54130.0,0
CustomerId_4176,20200.0,4040.0,6789.918998044086,-5000.0,10100.0,5,32200.0,6440.0,14.0,28.0,12.0,3,0.0,financial_services,ChannelId_3,ProviderId_4,34,5,20200.0,1
CustomerId_4177,500.0,500.0,0.0,500.0,500.0,1,500.0,500.0,10.0,13.0,1.0,1,0.0,airtime,ChannelId_3,ProviderId_5,19,1,500.0,0
CustomerId_4179,22800.0,3257.1428571428573,4739.148004602073,-1000.0,10000.0,7,25200.0,3600.0,6.571428571428571,19.571428571428573,5.714285714285714,3,0.0,airtime,ChannelId_3,ProviderId_4,7,7,22800.0,0
CustomerId_4180,1000.0,1000.0,0.0,1000.0,1000.0,1,1000.0,1000.0,7.0,3.0,12.0,1,0.0,financial_services,ChannelId_3,ProviderId_5,60,1,1000.0,1
CustomerId_4181,23530.0,635.9459459459459,2594.5714797753526,-5000.0,5700.0,37,68680.0,1856.2162162162163,14.621621621621621,15.702702702702704,8.513513513513514,6,0.0,airtime,ChannelId_3,ProviderId_4,6,37,23530.0,0
CustomerId_4182,18808.0,1343.4285714285713,1599.0340215885972,-496.0,5000.0,14,23322.0,1665.857142857143,11.785714285714286,16.785714285714285,7.714285714285714,4,0.0,airtime,ChannelId_3,ProviderId_4,3,14,18808.0,0
CustomerId_4183,215594.25,3593.2375,11968.481799440042,-5000.0,70000.0,60,259672.0,4327.866666666667,13.25,17.883333333333333,9.383333333333333,9,0.0,financial_services,ChannelId_3,ProviderId_6,21,60,215594.25,0
CustomerId_4184,42570.0,946.0,1353.8638309399037,-250.0,5000.0,45,45830.0,1018.4444444444445,14.133333333333333,12.533333333333333,11.777777777777779,4,0.0,airtime,ChannelId_3,ProviderId_5,44,45,42570.0,1
CustomerId_4185,3930.0,561.4285714285714,982.8941715062473,-1000.0,2000.0,7,6070.0,867.1428571428571,11.428571428571429,22.857142857142858,10.428571428571429,4,0.0,financial_services,ChannelId_3,ProviderId_4,17,7,3930.0,0
CustomerId_4187,61775.0,1314.3617021276596,4387.031235582857,-1000.0,30000.0,47,65825.0,1400.531914893617,11.914893617021276,8.872340425531915,11.76595744680851,5,0.0,financial_services,ChannelId_3,ProviderId_4,1,47,61775.0,0
CustomerId_4188,473870.0,8775.37037037037,12776.430315079666,-5000.0,30000.0,54,576180.0,10670.0,10.61111111111111,19.11111111111111,7.203703703703703,7,0.0,financial_services,ChannelId_3,ProviderId_4,2,54,473870.0,0
CustomerId_4189,125039.0,5436.478260869565,8641.033423410992,-1005.0,30000.0,23,143081.0,6220.913043478261,9.826086956521738,23.608695652173914,4.260869565217392,7,0.0,airtime,ChannelId_3,ProviderId_5,2,23,125039.0,0
CustomerId_4190,23750.0,5937.5,7848.500387547505,-750.0,15000.0,4,26250.0,6562.5,6.5,12.5,12.0,2,0.0,airtime,ChannelId_2,ProviderId_4,43,4,23750.0,1
CustomerId_4191,50695.0,3168.4375,2883.5578248349148,-255.0,8000.0,16,53505.0,3344.0625,13.8125,21.875,5.125,4,0.0,financial_services,ChannelId_3,ProviderId_4,7,16,50695.0,0
CustomerId_4192,3950.0,987.5,837.0334521391603,-50.0,2000.0,4,4050.0,1012.5,12.0,17.5,1.0,3,0.0,airtime,ChannelId_3,ProviderId_6,13,4,3950.0,0
CustomerId_4193,1705561.0,20065.423529411764,34010.90339364453,-5000.0,125000.0,85,1811039.0,21306.34117647059,10.270588235294118,15.988235294117647,8.764705882352942,7,0.0,financial_services,ChannelId_3,ProviderId_6,2,85,1705561.0,0
CustomerId_4194,500.0,500.0,0.0,500.0,500.0,1,500.0,500.0,18.0,11.0,12.0,1,0.0,data_bundles,ChannelId_3,ProviderId_5,51,1,500.0,1
CustomerId_4196,15900.0,3975.0,7456.708389095017,-1000.0,15000.0,4,18100.0,4525.0,15.75,20.0,11.0,3,0.0,financial_services,ChannelId_2,ProviderId_4,71,4,15900.0,1
CustomerId_4197,39500.0,5642.857142857143,10110.696834352739,-5000.0,20000.0,7,51500.0,7357.142857142857,15.714285714285714,18.142857142857142,7.285714285714286,5,0.0,airtime,ChannelId_3,ProviderId_6,2,7,39500.0,0
CustomerId_4198,86306.0,2007.1162790697674,4158.396006070143,-1000.0,20000.0,43,93894.0,2183.5813953488373,13.44186046511628,21.3953488372093,5.093023255813954,5,0.0,financial_services,ChannelId_3,ProviderId_6,1,43,86306.0,0
CustomerId_4199,65940.0,1198.909090909091,1542.657546702218,-275.0,5500.0,55,71460.0,1299.2727272727273,11.036363636363637,14.290909090909091,11.781818181818181,2,0.0,airtime,ChannelId_3,ProviderId_5,40,55,65940.0,1
CustomerId_420,3960.0,565.7142857142857,979.8444968949093,-1000.0,2000.0,7,6040.0,862.8571428571429,11.428571428571429,24.0,1.0,4,0.0,financial_services,ChannelId_3,ProviderId_4,7,7,3960.0,0
CustomerId_4200,1000.0,500.0,0.0,500.0,500.0,2,1000.0,500.0,13.0,21.0,12.0,1,0.0,financial_services,ChannelId_3,ProviderId_1,41,2,1000.0,1
CustomerId_4201,21025.0,1911.3636363636363,3033.6109596560755,-75.0,10000.0,11,21325.0,1938.6363636363637,13.727272727272727,18.90909090909091,7.454545454545454,3,0.0,airtime,ChannelId_3,ProviderId_5,2,11,21025.0,0
CustomerId_4202,70266.7,4133.335294117647,4128.160233224538,-1000.0,13000.0,17,76819.0,4518.764705882353,12.764705882352942,18.823529411764707,5.529411764705882,5,0.0,financial_services,ChannelId_3,ProviderId_6,4,17,70266.7,0
CustomerId_4203,30000.0,4285.714285714285,7565.586245499766,-5000.0,11000.0,7,52000.0,7428.571428571428,17.428571428571427,25.142857142857142,1.0,3,0.0,airtime,ChannelId_3,ProviderId_4,5,7,30000.0,0
CustomerId_4204,237074.5,3292.7013888888887,9067.778730774133,-5000.0,50000.0,72,286789.0,3983.1805555555557,10.11111111111111,16.88888888888889,5.583333333333333,9,0.0,airtime,ChannelId_3,ProviderId_5,7,72,237074.5,0
CustomerId_4205,65500.0,5038.461538461538,1941.450686788302,500.0,10000.0,13,65500.0,5038.461538461538,4.3076923076923075,26.0,1.0,2,0.0,financial_services,ChannelId_3,ProviderId_5,6,13,65500.0,0
CustomerId_4206,20000.0,3333.3333333333335,7814.516406449389,-5000.0,11000.0,6,42000.0,7000.0,12.166666666666666,25.166666666666668,1.0,3,0.0,airtime,ChannelId_2,ProviderId_4,5,6,20000.0,0
CustomerId_4207,10000.0,10000.0,0.0,10000.0,10000.0,1,10000.0,10000.0,8.0,20.0,12.0,1,0.0,financial_services,ChannelId_3,ProviderId_5,43,1,10000.0,1
CustomerId_4209,-510.0,-170.0,762.6925986267338,-1000.0,500.0,3,1510.0,503.3333333333333,22.0,27.0,12.0,2,0.0,financial_services,ChannelId_2,ProviderId_4,35,3,-510.0,1
CustomerId_4211,48800.0,3050.0,3646.5508817694194,-1000.0,10000.0,16,53200.0,3325.0,13.5625,20.4375,8.5625,4,0.0,airtime,ChannelId_3,ProviderId_5,26,16,48800.0,0
CustomerId_4212,2960.0,740.0,1506.784656146989,-1000.0,2000.0,4,5040.0,1260.0,6.0,1.0,1.0,3,0.0,financial_services,ChannelId_2,ProviderId_4,31,4,2960.0,1
CustomerId_4213,253601.8,4528.603571428571,5740.468561868899,-5000.0,11000.0,56,344579.0,6153.196428571428,8.303571428571429,17.5,8.535714285714286,5,0.0,airtime,ChannelId_3,ProviderId_6,7,56,253601.8,0
CustomerId_4214,34000.0,5666.666666666667,7527.72652709081,-5000.0,15000.0,6,46000.0,7666.666666666667,15.5,28.333333333333332,12.0,3,0.0,airtime,ChannelId_3,ProviderId_6,33,6,34000.0,1
CustomerId_4215,21440.0,1649.2307692307693,3914.642302813165,-5000.0,10000.0,13,34730.0,2671.5384615384614,14.0,16.692307692307693,12.0,6,0.0,airtime,ChannelId_3,ProviderId_6,43,13,21440.0,1
CustomerId_4216,43370.0,1204.7222222222222,1319.4165076407528,-200.0,4000.0,36,46630.0,1295.2777777777778,10.722222222222221,15.13888888888889,9.027777777777779,3,0.0,airtime,ChannelId_3,ProviderId_5,3,36,43370.0,0
CustomerId_4218,13020.0,765.8823529411765,998.2128331644096,-155.0,3100.0,17,14180.0,834.1176470588235,12.411764705882353,13.470588235294118,11.882352941176471,2,0.0,airtime,ChannelId_3,ProviderId_5,32,17,13020.0,1
CustomerId_422,180000.0,90000.0,14142.13562373095,80000.0,100000.0,2,180000.0,90000.0,16.0,6.0,1.0,1,0.0,airtime,ChannelId_3,ProviderId_1,25,2,180000.0,0
CustomerId_4220,500.0,500.0,0.0,500.0,500.0,1,500.0,500.0,13.0,29.0,11.0,1,0.0,financial_services,ChannelId_3,ProviderId_5,63,1,500.0,1
CustomerId_4221,80000.0,80000.0,0.0,80000.0,80000.0,1,80000.0,80000.0,6.0,19.0,1.0,1,0.0,financial_services,ChannelId_3,ProviderId_1,13,1,80000.0,0
CustomerId_4225,500.0,500.0,0.0,500.0,500.0,1,500.0,500.0,18.0,18.0,12.0,1,0.0,financial_services,ChannelId_3,ProviderId_5,44,1,500.0,1
CustomerId_4226,799000.0,79900.0,75571.0850053702,-5000.0,160000.0,10,811000.0,81100.0,9.5,14.4,12.0,3,0.0,ticket,ChannelId_3,ProviderId_5,45,10,799000.0,1
CustomerId_4227,950.0,237.5,962.0940702446928,-1000.0,1000.0,4,3050.0,762.5,20.0,24.75,12.0,3,0.0,financial_services,ChannelId_2,ProviderId_4,37,4,950.0,1
CustomerId_4229,29390.0,716.829268292683,764.2265339033651,-100.0,3000.0,41,31610.0,770.9756097560976,12.21951219512195,15.707317073170731,3.4146341463414633,3,0.0,airtime,ChannelId_3,ProviderId_5,1,41,29390.0,0
CustomerId_423,5500.0,2750.0,353.5533905932738,2500.0,3000.0,2,5500.0,2750.0,9.0,25.0,12.0,1,0.0,financial_services,ChannelId_3,ProviderId_5,38,2,5500.0,1
CustomerId_4230,17000.0,4250.0,1500.0,2000.0,5000.0,4,17000.0,4250.0,13.5,29.5,11.0,3,0.0,airtime,ChannelId_3,ProviderId_5,62,4,17000.0,1
CustomerId_4233,39000.0,13000.0,12124.355652982142,-1000.0,20000.0,3,42800.0,14266.666666666666,7.0,9.0,1.0,3,0.0,financial_services,ChannelId_3,ProviderId_5,23,3,39000.0,0
CustomerId_4234,28250.0,3138.8888888888887,4564.1112071367315,-1000.0,11000.0,9,31750.0,3527.777777777778,12.333333333333334,20.88888888888889,1.0,3,0.0,financial_services,ChannelId_3,ProviderId_4,9,9,28250.0,0
CustomerId_4235,22880.0,1089.5238095238096,2793.5344569030754,-10000.0,5000.0,21,43870.0,2089.0476190476193,12.571428571428571,18.047619047619047,11.047619047619047,6,0.0,financial_services,ChannelId_3,ProviderId_5,52,21,22880.0,1
CustomerId_4237,69631.0,1740.775,2584.514133652838,-1000.0,10000.0,40,73969.0,1849.225,12.25,17.8,10.875,6,0.0,financial_services,ChannelId_3,ProviderId_4,18,40,69631.0,0
CustomerId_4238,757612.0,6060.896,12977.700686564802,-5000.0,50000.0,125,870253.0,6962.024,14.04,18.728,7.064,9,0.0,financial_services,ChannelId_3,ProviderId_5,1,125,757612.0,0
CustomerId_4239,45000.0,9000.0,2236.06797749979,5000.0,10000.0,5,45000.0,9000.0,21.0,29.0,1.0,1,0.0,financial_services,ChannelId_3,ProviderId_3,2,5,45000.0,0
CustomerId_424,10000.0,10000.0,0.0,10000.0,10000.0,1,10000.0,10000.0,18.0,9.0,12.0,1,0.0,financial_services,ChannelId_3,ProviderId_1,53,1,10000.0,1
CustomerId_4240,2110000.0,527500.0,546831.7840067456,10000.0,1000000.0,4,2110000.0,527500.0,8.5,7.75,11.75,1,0.0,financial_services,ChannelId_3,ProviderId_3,59,4,2110000.0,1
CustomerId_4241,18900.0,3780.0,4460.044842823892,-1000.0,10000.0,5,21100.0,4220.0,19.8,25.8,9.8,4,0.0,financial_services,ChannelId_3,ProviderId_4,26,5,18900.0,0
CustomerId_4242,10000.0,5000.0,0.0,5000.0,5000.0,2,10000.0,5000.0,18.0,23.0,12.0,1,0.0,financial_services,ChannelId_3,ProviderId_5,39,2,10000.0,1
CustomerId_4243,6000.0,3000.0,2828.42712474619,1000.0,5000.0,2,6000.0,3000.0,17.0,15.0,1.0,1,0.0,financial_services,ChannelId_3,ProviderId_1,16,2,6000.0,0
CustomerId_4244,8880.0,888.0,1457.492519515776,-1000.0,4000.0,10,11120.0,1112.0,9.7,20.1,1.0,3,0.0,financial_services,ChannelId_2,ProviderId_4,10,10,8880.0,0
CustomerId_4245,32000.0,2909.090909090909,4354.69965564895,-5000.0,10000.0,11,42300.0,3845.4545454545455,21.363636363636363,22.90909090909091,1.0,4,0.0,financial_services,ChannelId_3,ProviderId_6,7,11,32000.0,0
CustomerId_4246,5900.0,737.5,1174.2687694293597,-1000.0,2000.0,8,8100.0,1012.5,6.625,20.25,12.0,2,0.0,airtime,ChannelId_2,ProviderId_4,41,8,5900.0,1
CustomerId_4247,16250.0,855.2631578947369,976.6573857411855,-100.0,2000.0,19,17750.0,934.2105263157895,9.526315789473685,15.789473684210526,7.631578947368421,2,0.0,airtime,ChannelId_3,ProviderId_5,8,19,16250.0,0
CustomerId_4250,46964.0,11741.0,14527.721500634572,-644.0,28000.0,4,51676.0,12919.0,11.5,18.0,11.0,3,0.0,financial_services,ChannelId_2,ProviderId_4,73,4,46964.0,1
CustomerId_4252,411719.25,2763.2164429530203,5865.39820143239,-11000.0,20000.0,149,733203.0,4920.825503355704,14.228187919463087,17.026845637583893,7.174496644295302,10,0.0,airtime,ChannelId_3,ProviderId_6,2,149,411719.25,0
CustomerId_4253,297920.0,4805.1612903225805,7303.33939831647,-5000.0,20000.0,62,471280.0,7601.290322580645,9.483870967741936,18.806451612903224,7.435483870967742,6,0.0,airtime,ChannelId_3,ProviderId_4,6,62,297920.0,0
CustomerId_4254,100010.0,5882.941176470588,8529.094152301494,-5000.0,20000.0,17,150410.0,8847.64705882353,10.529411764705882,17.764705882352942,11.352941176470589,4,0.0,financial_services,ChannelId_3,ProviderId_6,56,17,100010.0,1
CustomerId_4255,7350.0,490.0,642.0391621344338,-1000.0,1000.0,15,9850.0,656.6666666666666,10.133333333333333,17.6,7.6,3,0.0,airtime,ChannelId_3,ProviderId_5,22,15,7350.0,0
CustomerId_4256,11450.0,636.1111111111111,995.1301356747794,-1000.0,3500.0,18,14150.0,786.1111111111111,12.944444444444445,16.666666666666668,2.8333333333333335,4,0.0,financial_services,ChannelId_3,ProviderId_4,4,18,11450.0,0
CustomerId_4257,4900.0,2450.0,3606.2445840513924,-100.0,5000.0,2,5100.0,2550.0,6.0,22.0,11.0,2,0.0,airtime,ChannelId_2,ProviderId_1,71,2,4900.0,1
CustomerId_4258,19000.0,3800.0,6685.805860178712,-5000.0,10000.0,5,31000.0,6200.0,18.8,28.0,12.0,3,0.0,financial_services,ChannelId_3,ProviderId_4,34,5,19000.0,1
CustomerId_4262,5845.0,730.625,334.9033709253206,-20.0,1000.0,8,5885.0,735.625,10.5,24.5,6.5,3,0.0,financial_services,ChannelId_3,ProviderId_5,7,8,5845.0,0
CustomerId_4265,500.0,500.0,0.0,500.0,500.0,1,500.0,500.0,18.0,27.0,1.0,1,0.0,financial_services,ChannelId_3,ProviderId_5,4,1,500.0,0
CustomerId_4266,480000.0,160000.0,103923.04845413264,100000.0,280000.0,3,488400.0,162800.0,20.666666666666668,22.333333333333332,1.0,2,0.0,financial_services,ChannelId_1,ProviderId_3,4,3,480000.0,0
CustomerId_4267,3000.0,1000.0,0.0,1000.0,1000.0,3,3000.0,1000.0,17.0,18.0,11.0,1,0.0,financial_services,ChannelId_3,ProviderId_5,74,3,3000.0,1
CustomerId_427,1000.0,1000.0,0.0,1000.0,1000.0,1,1000.0,1000.0,15.0,4.0,1.0,1,0.0,financial_services,ChannelId_3,ProviderId_5,27,1,1000.0,0
CustomerId_4270,9000.0,9000.0,0.0,9000.0,9000.0,1,10170.0,10170.0,18.0,3.0,1.0,1,0.0,utility_bill,ChannelId_3,ProviderId_5,28,1,9000.0,0
CustomerId_4272,1000.0,1000.0,0.0,1000.0,1000.0,1,1000.0,1000.0,14.0,11.0,12.0,1,0.0,financial_services,ChannelId_3,ProviderId_5,51,1,1000.0,1
CustomerId_4273,314697.0,5937.679245283019,23341.994172581533,-35000.0,100000.0,53,763439.0,14404.509433962265,10.69811320754717,16.943396226415093,4.113207547169812,9,0.0,financial_services,ChannelId_3,ProviderId_4,2,53,314697.0,0
CustomerId_4274,77360.0,4071.5789473684213,4756.745226118257,-1000.0,11500.0,19,79640.0,4191.578947368421,10.894736842105264,17.0,1.0,4,0.0,financial_services,ChannelId_3,ProviderId_5,4,19,77360.0,0
CustomerId_4275,2595000.0,370714.28571428574,325197.74204101023,50000.0,700000.0,7,2595000.0,370714.28571428574,10.714285714285714,17.142857142857142,11.0,1,3.0,financial_services,ChannelId_3,ProviderId_3,73,7,2595000.0,1
CustomerId_4276,1500.0,750.0,353.5533905932738,500.0,1000.0,2,1500.0,750.0,12.0,17.5,11.0,2,0.0,airtime,ChannelId_3,ProviderId_5,75,2,1500.0,1
CustomerId_4279,24450.0,1358.3333333333333,1822.8936273053862,-250.0,5000.0,18,25750.0,1430.5555555555557,8.055555555555555,17.555555555555557,8.222222222222221,4,0.0,airtime,ChannelId_3,ProviderId_5,10,18,24450.0,0
CustomerId_428,285300.0,19020.0,26177.80412050309,-5000.0,60000.0,15,306700.0,20446.666666666668,10.333333333333334,20.066666666666666,6.133333333333334,3,0.0,financial_services,ChannelId_3,ProviderId_5,6,15,285300.0,0
CustomerId_4281,39000.0,4875.0,8542.958671159708,-5000.0,20000.0,8,61000.0,7625.0,10.0,10.5,6.5,4,0.0,airtime,ChannelId_3,ProviderId_6,5,8,39000.0,0
CustomerId_4283,36000.0,5142.857142857143,5956.189257922424,-5000.0,10000.0,7,48000.0,6857.142857142857,8.714285714285714,23.0,1.0,3,0.0,financial_services,ChannelId_3,ProviderId_6,7,7,36000.0,0
CustomerId_4287,10000.0,10000.0,0.0,10000.0,10000.0,1,10000.0,10000.0,20.0,19.0,11.0,1,0.0,financial_services,ChannelId_3,ProviderId_5,73,1,10000.0,1
CustomerId_4288,1900.0,950.0,1484.9242404917497,-100.0,2000.0,2,2100.0,1050.0,4.0,21.0,11.0,2,0.0,airtime,ChannelId_2,ProviderId_4,72,2,1900.0,1
CustomerId_4289,40000.0,3333.3333333333335,8835.191342614266,-5000.0,21000.0,12,92000.0,7666.666666666667,14.166666666666666,21.166666666666668,1.0,3,0.0,airtime,ChannelId_2,ProviderId_4,5,12,40000.0,0
CustomerId_429,1000.0,1000.0,0.0,1000.0,1000.0,1,1000.0,1000.0,5.0,15.0,1.0,1,0.0,airtime,ChannelId_3,ProviderId_1,17,1,1000.0,0
CustomerId_4290,1000.0,1000.0,0.0,1000.0,1000.0,1,1000.0,1000.0,19.0,15.0,1.0,1,0.0,financial_services,ChannelId_3,ProviderId_5,16,1,1000.0,0
CustomerId_4291,20000.0,3333.3333333333335,6088.2400303098,-5000.0,10000.0,6,32000.0,5333.333333333333,13.0,11.0,1.0,4,0.0,airtime,ChannelId_3,ProviderId_6,20,6,20000.0,0
CustomerId_4294,94508.0,1783.1698113207547,3440.557735063007,-5000.0,10000.0,53,137008.0,2585.056603773585,12.415094339622641,19.528301886792452,4.830188679245283,5,0.0,airtime,ChannelId_3,ProviderId_6,7,53,94508.0,0
CustomerId_4297,1000.0,1000.0,0.0,1000.0,1000.0,1,1000.0,1000.0,6.0,21.0,1.0,1,0.0,financial_services,ChannelId_3,ProviderId_5,11,1,1000.0,0
CustomerId_4298,1430.0,238.33333333333334,763.1622806891512,-1000.0,1000.0,6,3570.0,595.0,6.0,20.666666666666668,8.333333333333334,4,0.0,financial_services,ChannelId_2,ProviderId_4,2,6,1430.0,0
CustomerId_4299,19000.0,3800.0,6685.805860178712,-5000.0,10000.0,5,31000.0,6200.0,20.0,28.0,12.0,3,0.0,financial_services,ChannelId_3,ProviderId_4,34,5,19000.0,1
CustomerId_4300,20000.0,2857.1428571428573,5580.578567035604,-5000.0,10000.0,7,32000.0,4571.428571428572,11.571428571428571,25.571428571428573,10.428571428571429,4,0.0,airtime,ChannelId_3,ProviderId_6,21,7,20000.0,0
CustomerId_4301,500.0,166.66666666666666,1040.8329997330663,-1000.0,1000.0,3,2500.0,833.3333333333334,9.0,5.0,1.0,3,0.0,financial_services,ChannelId_3,ProviderId_4,27,3,500.0,0
CustomerId_4302,74000.0,24666.666666666668,47961.7903474561,-5000.0,80000.0,3,86000.0,28666.666666666668,10.0,15.0,12.0,2,0.0,financial_services,ChannelId_2,ProviderId_4,47,3,74000.0,1
CustomerId_4304,29000.0,3625.0,4565.006649971687,-5000.0,10000.0,8,41000.0,5125.0,17.875,30.0,11.0,3,0.0,financial_services,ChannelId_3,ProviderId_1,62,8,29000.0,1
CustomerId_4305,19558.0,931.3333333333334,1657.7939658875987,-1000.0,5000.0,21,23792.0,1132.952380952381,12.285714285714286,21.285714285714285,1.0,5,0.0,financial_services,ChannelId_3,ProviderId_4,8,21,19558.0,0
CustomerId_4308,500.0,500.0,0.0,500.0,500.0,1,500.0,500.0,13.0,26.0,1.0,1,0.0,airtime,ChannelId_3,ProviderId_6,5,1,500.0,0
CustomerId_4309,69950.0,2057.3529411764707,2228.0964954125916,-1000.0,5000.0,34,76550.0,2251.470588235294,15.970588235294118,18.176470588235293,8.117647058823529,2,0.0,airtime,ChannelId_3,ProviderId_5,17,34,69950.0,0
CustomerId_431,4800.0,533.3333333333334,553.3985905294663,-50.0,1000.0,9,5200.0,577.7777777777778,15.11111111111111,20.77777777777778,11.0,2,0.0,airtime,ChannelId_3,ProviderId_4,65,9,4800.0,1
CustomerId_4310,4000.0,800.0,1646.5873800075112,-1000.0,3000.0,5,6300.0,1260.0,16.2,19.0,12.0,2,0.0,airtime,ChannelId_3,ProviderId_5,37,5,4000.0,1
CustomerId_4311,228325.0,5436.309523809524,9791.111266280634,-5000.0,40000.0,42,290225.0,6910.119047619048,13.214285714285714,23.142857142857142,6.5,7,0.0,airtime,ChannelId_3,ProviderId_4,3,42,228325.0,0
CustomerId_4312,130480.0,1254.6153846153845,1997.740555318172,-1000.0,13000.0,104,137940.0,1326.3461538461538,13.134615384615385,19.490384615384617,1.0,6,0.0,financial_services,ChannelId_3,ProviderId_6,2,104,130480.0,0
CustomerId_4313,10000.0,10000.0,0.0,10000.0,10000.0,1,10000.0,10000.0,16.0,30.0,11.0,1,0.0,financial_services,ChannelId_3,ProviderId_5,62,1,10000.0,1
CustomerId_4314,129738.5,1380.1968085106382,5101.819481057864,-10000.0,30000.0,94,197322.0,2099.1702127659573,10.659574468085106,16.861702127659573,10.595744680851064,8,0.0,financial_services,ChannelId_3,ProviderId_4,7,94,129738.5,0
CustomerId_4315,299603.0,2582.7844827586205,24870.461967285442,-115000.0,115000.0,116,1251163.0,10785.887931034482,11.629310344827585,17.637931034482758,6.612068965517241,12,0.0,financial_services,ChannelId_3,ProviderId_4,1,116,299603.0,0
CustomerId_4317,260000.0,130000.0,169705.6274847714,10000.0,250000.0,2,260000.0,130000.0,17.5,19.0,12.0,1,0.0,financial_services,ChannelId_3,ProviderId_5,43,2,260000.0,1
CustomerId_4318,216050.0,7450.0,16827.024395299366,-5000.0,80000.0,29,232700.0,8024.137931034483,11.931034482758621,24.103448275862068,5.551724137931035,7,0.0,financial_services,ChannelId_3,ProviderId_5,1,29,216050.0,0
CustomerId_432,-20.0,-6.666666666666667,1000.0666644445926,-1000.0,1000.0,3,2020.0,673.3333333333334,19.0,22.0,1.0,2,0.0,financial_services,ChannelId_2,ProviderId_4,9,3,-20.0,0
CustomerId_4321,10000.0,10000.0,0.0,10000.0,10000.0,1,10000.0,10000.0,9.0,11.0,1.0,1,0.0,airtime,ChannelId_3,ProviderId_5,21,1,10000.0,0
CustomerId_4322,27104.0,3011.5555555555557,5176.6400085168925,-5000.0,10300.0,9,42373.0,4708.111111111111,13.222222222222221,18.444444444444443,1.0,5,0.0,financial_services,ChannelId_3,ProviderId_6,12,9,27104.0,0
CustomerId_4323,9790.0,489.5,694.7697460310142,-1000.0,1500.0,20,12610.0,630.5,13.0,19.1,1.0,4,0.0,financial_services,ChannelId_3,ProviderId_4,7,20,9790.0,0
CustomerId_4324,42700.0,889.5833333333334,3141.083434397115,-10000.0,11250.0,48,73900.0,1539.5833333333333,11.770833333333334,13.416666666666666,5.041666666666667,6,0.0,airtime,ChannelId_3,ProviderId_5,10,48,42700.0,0
CustomerId_4325,44000.0,7333.333333333333,8981.462390204986,-5000.0,20000.0,6,61400.0,10233.333333333334,10.833333333333334,23.0,11.0,2,0.0,utility_bill,ChannelId_3,ProviderId_5,62,6,44000.0,1
CustomerId_4326,620.0,62.0,6450.193451018004,-12000.0,9720.0,10,44820.0,4482.0,18.9,17.2,8.3,3,0.0,financial_services,ChannelId_3,ProviderId_4,3,10,620.0,0
CustomerId_4327,2500.0,500.0,0.0,500.0,500.0,5,2500.0,500.0,16.0,8.0,1.0,2,0.0,airtime,ChannelId_3,ProviderId_5,17,5,2500.0,0
CustomerId_4328,55134.0,3938.1428571428573,9659.730382104102,-5000.0,30000.0,14,107976.0,7712.571428571428,15.5,12.0,10.857142857142858,3,0.0,financial_services,ChannelId_2,ProviderId_4,23,14,55134.0,0
CustomerId_433,1000.0,1000.0,0.0,1000.0,1000.0,1,1000.0,1000.0,13.0,30.0,12.0,1,0.0,financial_services,ChannelId_3,ProviderId_1,32,1,1000.0,1
CustomerId_4330,10120.0,440.0,496.7782567339641,-50.0,1000.0,23,11080.0,481.7391304347826,12.173913043478262,20.17391304347826,5.521739130434782,3,0.0,airtime,ChannelId_3,ProviderId_5,3,23,10120.0,0
CustomerId_4332,20000.0,20000.0,0.0,20000.0,20000.0,1,20000.0,20000.0,6.0,8.0,1.0,1,0.0,airtime,ChannelId_3,ProviderId_5,24,1,20000.0,0
CustomerId_4333,139498.0,1202.5689655172414,3911.6055998931483,-5000.0,20000.0,116,289752.0,2497.862068965517,12.293103448275861,14.758620689655173,9.28448275862069,7,0.0,airtime,ChannelId_3,ProviderId_6,6,116,139498.0,0
CustomerId_4334,8500.0,772.7272727272727,753.778361444409,-1000.0,2000.0,11,10500.0,954.5454545454545,10.363636363636363,7.2727272727272725,1.0,4,0.0,airtime,ChannelId_3,ProviderId_5,23,11,8500.0,0
CustomerId_4335,-510.0,-170.0,762.6925986267338,-1000.0,500.0,3,1510.0,503.3333333333333,20.0,15.0,1.0,2,0.0,financial_services,ChannelId_2,ProviderId_4,16,3,-510.0,0
CustomerId_4336,448279.5,1326.2707100591715,2338.8226846825823,-2000.0,15000.0,338,472771.0,1398.7307692307693,13.23076923076923,12.319526627218934,12.0,9,0.0,financial_services,ChannelId_3,ProviderId_6,41,338,448279.5,0
CustomerId_4337,370300.0,13714.814814814816,35960.720597979205,-250.0,160000.0,27,371700.0,13766.666666666666,14.444444444444445,13.37037037037037,2.2222222222222223,5,0.0,airtime,ChannelId_3,ProviderId_5,6,27,370300.0,0
CustomerId_4340,-12000.0,-6000.0,5656.85424949238,-10000.0,-2000.0,2,12000.0,6000.0,15.0,16.5,1.0,1,0.0,airtime,ChannelId_5,ProviderId_4,6,2,-12000.0,0
CustomerId_4341,960.0,320.0,1532.0574401764445,-1000.0,2000.0,3,3040.0,1013.3333333333334,19.0,6.0,12.0,2,0.0,financial_services,ChannelId_2,ProviderId_4,56,3,960.0,1
CustomerId_4342,4000.0,1333.3333333333333,7767.453465154029,-5000.0,10000.0,3,20000.0,6666.666666666667,19.0,14.0,12.0,2,0.0,financial_services,ChannelId_2,ProviderId_4,48,3,4000.0,1
CustomerId_4343,413171.0,45907.88888888889,54237.308746942,-5000.0,155000.0,9,447519.0,49724.333333333336,13.222222222222221,21.77777777777778,12.0,5,0.0,utility_bill,ChannelId_3,ProviderId_6,39,9,413171.0,1
CustomerId_4344,470000.0,156666.66666666666,11547.005383792513,150000.0,170000.0,3,470000.0,156666.66666666666,10.666666666666666,23.0,11.0,1,0.0,financial_services,ChannelId_3,ProviderId_5,69,3,470000.0,1
CustomerId_4346,87315.65,1196.1047945205478,1739.6472993462003,-275.0,5500.0,73,93626.0,1282.5479452054794,13.657534246575343,20.65753424657534,7.397260273972603,7,0.0,financial_services,ChannelId_3,ProviderId_4,4,73,87315.65,0
CustomerId_4347,136025.0,2615.8653846153848,5029.978825156561,-5000.0,12000.0,52,212975.0,4095.673076923077,16.096153846153847,22.557692307692307,6.1923076923076925,4,0.0,airtime,ChannelId_3,ProviderId_4,1,52,136025.0,0
CustomerId_4349,70665.0,1177.75,2227.9137130310646,-1000.0,10000.0,60,74935.0,1248.9166666666667,12.766666666666667,23.016666666666666,12.0,5,0.0,financial_services,ChannelId_3,ProviderId_4,35,60,70665.0,1
CustomerId_435,4500.0,1500.0,866.0254037844386,500.0,2000.0,3,4500.0,1500.0,10.0,7.0,1.0,2,0.0,airtime,ChannelId_3,ProviderId_3,25,3,4500.0,0
CustomerId_4351,5940.0,594.0,574.8081805649989,-40.0,2000.0,10,6060.0,606.0,5.5,17.0,11.0,2,0.0,airtime,ChannelId_3,ProviderId_3,73,10,5940.0,1
CustomerId_4353,32279.0,1241.5,2504.0838843776774,-1000.0,11500.0,26,34721.0,1335.423076923077,11.26923076923077,18.153846153846153,1.0,4,0.0,financial_services,ChannelId_3,ProviderId_4,1,26,32279.0,0
CustomerId_4356,1960.0,490.0,1296.3024338479042,-1000.0,2000.0,4,4040.0,1010.0,13.0,20.0,1.0,3,0.0,financial_services,ChannelId_2,ProviderId_4,11,4,1960.0,0
CustomerId_4357,31222.0,1115.0714285714287,1625.9831653397441,-1000.0,7000.0,28,33978.0,1213.5,18.357142857142858,19.142857142857142,8.464285714285714,4,0.0,financial_services,ChannelId_3,ProviderId_6,14,28,31222.0,0
CustomerId_4358,480.0,80.0,585.1153732384751,-1000.0,500.0,6,2520.0,420.0,12.833333333333334,12.833333333333334,12.0,2,0.0,airtime,ChannelId_2,ProviderId_4,48,6,480.0,1
CustomerId_436,40000.0,3636.3636363636365,7593.05903141451,-5000.0,11000.0,11,82000.0,7454.545454545455,12.272727272727273,21.363636363636363,1.0,3,0.0,airtime,ChannelId_3,ProviderId_4,5,11,40000.0,0
CustomerId_4361,50000.0,50000.0,0.0,50000.0,50000.0,1,50000.0,50000.0,21.0,21.0,11.0,1,0.0,financial_services,ChannelId_3,ProviderId_5,71,1,50000.0,1
CustomerId_4362,2000.0,2000.0,0.0,2000.0,2000.0,1,2000.0,2000.0,11.0,7.0,1.0,1,0.0,financial_services,ChannelId_3,ProviderId_5,24,1,2000.0,0
CustomerId_4363,84790.0,3854.090909090909,4892.765951689154,-1000.0,11000.0,22,87210.0,3964.090909090909,12.909090909090908,16.636363636363637,1.0,5,0.0,financial_services,ChannelId_3,ProviderId_6,6,22,84790.0,0
CustomerId_4364,80550.0,1519.811320754717,5583.864040031927,-1000.0,40000.0,53,83250.0,1570.754716981132,11.716981132075471,24.037735849056602,10.962264150943396,5,0.0,financial_services,ChannelId_3,ProviderId_6,27,53,80550.0,0
CustomerId_4368,19000.0,2714.285714285714,4750.939756661683,-2000.0,10000.0,7,37000.0,5285.714285714285,6.428571428571429,24.428571428571427,12.0,3,0.0,financial_services,ChannelId_3,ProviderId_4,36,7,19000.0,1
CustomerId_437,22615.0,4523.0,8740.846354901796,-1000.0,20000.0,5,24785.0,4957.0,12.6,5.0,3.2,3,0.0,financial_services,ChannelId_3,ProviderId_4,30,5,22615.0,0
CustomerId_4370,22046.0,1224.7777777777778,2509.5226767972185,-220.0,11000.0,18,22654.0,1258.5555555555557,11.11111111111111,17.88888888888889,10.166666666666666,5,0.0,airtime,ChannelId_3,ProviderId_5,4,18,22046.0,0
CustomerId_4371,2192110.0,9172.008368200837,13610.36830366005,-5000.0,120000.0,239,2448890.0,10246.401673640168,12.179916317991632,17.481171548117153,8.853556485355648,6,0.0,financial_services,ChannelId_3,ProviderId_6,1,239,2192110.0,0
CustomerId_4374,20000.0,4000.0,6745.368781616021,-5000.0,10000.0,5,32000.0,6400.0,18.0,25.0,1.0,3,0.0,financial_services,ChannelId_3,ProviderId_4,6,5,20000.0,0
CustomerId_4376,24000.0,4800.0,8497.058314499202,1000.0,20000.0,5,24000.0,4800.0,15.0,25.2,11.6,2,0.0,financial_services,ChannelId_3,ProviderId_5,40,5,24000.0,1
CustomerId_4377,10000.0,10000.0,0.0,10000.0,10000.0,1,10000.0,10000.0,6.0,18.0,1.0,1,0.0,financial_services,ChannelId_3,ProviderId_5,14,1,10000.0,0
CustomerId_4378,7500.0,2500.0,1322.8756555322952,1500.0,4000.0,3,7500.0,2500.0,9.0,18.0,12.0,1,0.0,financial_services,ChannelId_3,ProviderId_3,45,3,7500.0,1
CustomerId_4379,1450.0,362.5,1114.5813862911343,-1000.0,1500.0,4,3550.0,887.5,11.0,24.0,1.0,3,0.0,financial_services,ChannelId_2,ProviderId_4,7,4,1450.0,0
CustomerId_4380,82546.0,4127.3,7474.7350250518475,-5000.0,28000.0,20,107024.0,5351.2,11.65,18.9,11.8,3,0.0,airtime,ChannelId_3,ProviderId_4,31,20,82546.0,0
CustomerId_4382,500.0,500.0,0.0,500.0,500.0,1,500.0,500.0,8.0,2.0,12.0,1,0.0,data_bundles,ChannelId_3,ProviderId_6,61,1,500.0,1
CustomerId_4383,57700.0,2404.1666666666665,2189.881209140105,-1000.0,5000.0,24,62650.0,2610.4166666666665,16.75,15.625,1.0,3,0.0,airtime,ChannelId_3,ProviderId_5,4,24,57700.0,0
CustomerId_4384,102193.0,1188.2906976744187,1877.0719304671688,-1000.0,11000.0,86,110997.0,1290.6627906976744,12.267441860465116,17.662790697674417,9.488372093023257,5,0.0,financial_services,ChannelId_3,ProviderId_6,1,86,102193.0,0
CustomerId_4386,1500.0,500.0,0.0,500.0,500.0,3,1500.0,500.0,12.666666666666666,19.0,11.0,2,0.0,financial_services,ChannelId_3,ProviderId_5,73,3,1500.0,1
CustomerId_4387,20000.0,3333.3333333333335,7814.516406449389,-5000.0,11000.0,6,42000.0,7000.0,16.0,11.0,1.0,3,0.0,airtime,ChannelId_2,ProviderId_4,20,6,20000.0,0
CustomerId_4390,24947.0,1385.9444444444443,2586.360865413756,-1000.0,11000.0,18,27453.0,1525.1666666666667,11.61111111111111,24.11111111111111,3.4444444444444446,4,0.0,financial_services,ChannelId_3,ProviderId_4,8,18,24947.0,0
CustomerId_4391,5888000.0,309894.7368421053,1142075.8101484838,-1000.0,5000000.0,19,5890040.0,310002.1052631579,20.894736842105264,20.42105263157895,11.0,4,2.0,financial_services,ChannelId_3,ProviderId_5,71,19,5888000.0,1
CustomerId_4392,120990.0,4653.461538461538,5795.714929019675,-5000.0,10000.0,26,163410.0,6285.0,11.423076923076923,21.46153846153846,4.8076923076923075,3,0.0,financial_services,ChannelId_3,ProviderId_6,6,26,120990.0,0
CustomerId_4393,3140.0,348.8888888888889,610.9765634712277,-1000.0,1000.0,9,5260.0,584.4444444444445,8.0,27.77777777777778,1.0,4,0.0,airtime,ChannelId_3,ProviderId_5,2,9,3140.0,0
CustomerId_4394,20000.0,20000.0,0.0,20000.0,20000.0,1,20000.0,20000.0,20.0,5.0,1.0,1,0.0,airtime,ChannelId_3,ProviderId_5,26,1,20000.0,0
CustomerId_4395,44615.0,2230.75,2767.712581575357,-1000.0,10000.0,20,49855.0,2492.75,9.6,24.15,1.0,6,0.0,financial_services,ChannelId_3,ProviderId_6,1,20,44615.0,0
CustomerId_4396,64600.0,3800.0,7293.1849609755545,-1000.0,19000.0,17,72710.0,4277.058823529412,11.176470588235293,20.294117647058822,4.882352941176471,4,0.0,airtime,ChannelId_3,ProviderId_5,4,17,64600.0,0
CustomerId_440,500.0,500.0,0.0,500.0,500.0,1,500.0,500.0,21.0,7.0,12.0,1,0.0,airtime,ChannelId_3,ProviderId_6,55,1,500.0,1
CustomerId_4401,51750.0,2875.0,6966.531966987507,-1000.0,30000.0,18,54450.0,3025.0,13.666666666666666,26.666666666666668,1.0,4,0.0,financial_services,ChannelId_3,ProviderId_4,1,18,51750.0,0
CustomerId_4402,500.0,500.0,0.0,500.0,500.0,1,500.0,500.0,6.0,3.0,1.0,1,0.0,airtime,ChannelId_3,ProviderId_1,29,1,500.0,0
CustomerId_4403,490.0,98.0,652.3189403964903,-1000.0,500.0,5,2510.0,502.0,17.6,26.8,1.0,3,0.0,financial_services,ChannelId_3,ProviderId_4,4,5,490.0,0
CustomerId_4406,90190.75,920.3137755102041,2944.3494405349347,-5000.0,20000.0,98,157956.0,1611.795918367347,11.948979591836734,15.255102040816327,10.510204081632653,7,0.0,airtime,ChannelId_3,ProviderId_4,6,98,90190.75,0
CustomerId_4408,39048.0,1394.5714285714287,3164.411119853066,-5000.0,11000.0,28,52298.0,1867.7857142857142,12.107142857142858,24.071428571428573,10.035714285714286,8,0.0,airtime,ChannelId_3,ProviderId_4,18,28,39048.0,0
CustomerId_4409,2000.0,2000.0,0.0,2000.0,2000.0,1,2000.0,2000.0,22.0,29.0,12.0,1,0.0,financial_services,ChannelId_3,ProviderId_5,33,1,2000.0,1
CustomerId_4412,0.0,0.0,1414.213562373095,-1000.0,1000.0,2,2000.0,1000.0,16.0,7.0,1.0,2,0.0,airtime,ChannelId_2,ProviderId_4,24,2,0.0,0
CustomerId_4413,27780.0,2525.4545454545455,7469.558706692603,-1000.0,25000.0,11,29820.0,2710.909090909091,13.363636363636363,30.181818181818183,12.0,3,0.0,financial_services,ChannelId_3,ProviderId_5,32,11,27780.0,1
CustomerId_4414,229391.0,5734.775,6208.851599035538,-5000.0,20000.0,40,246009.0,6150.225,9.9,17.35,11.75,7,0.0,financial_services,ChannelId_3,ProviderId_1,38,40,229391.0,1
CustomerId_4415,2000.0,2000.0,0.0,2000.0,2000.0,1,2000.0,2000.0,6.0,17.0,11.0,1,0.0,financial_services,ChannelId_3,ProviderId_5,76,1,2000.0,1
CustomerId_4416,47746.0,1290.4324324324325,1973.6489688524282,-1000.0,10000.0,37,52254.0,1412.2702702702702,8.621621621621621,16.513513513513512,8.891891891891891,5,0.0,airtime,ChannelId_3,ProviderId_4,3,37,47746.0,0
CustomerId_4417,78165.0,858.9560439560439,1733.5997417838598,-1000.0,10000.0,91,83835.0,921.2637362637363,9.142857142857142,23.34065934065934,11.131868131868131,4,0.0,financial_services,ChannelId_2,ProviderId_6,58,91,78165.0,1
CustomerId_4418,4000.0,2000.0,0.0,2000.0,2000.0,2,4000.0,2000.0,22.0,14.0,12.0,1,0.0,financial_services,ChannelId_3,ProviderId_5,48,2,4000.0,1
CustomerId_442,64550.0,2151.6666666666665,2339.0789276732535,-300.0,6000.0,30,69450.0,2315.0,12.133333333333333,20.233333333333334,2.466666666666667,2,0.0,airtime,ChannelId_3,ProviderId_5,1,30,64550.0,0
CustomerId_4420,1375.0,458.3333333333333,1821.4577495328663,-1000.0,2500.0,3,3625.0,1208.3333333333333,9.0,30.0,1.0,2,0.0,financial_services,ChannelId_2,ProviderId_4,2,3,1375.0,0
CustomerId_4421,142160.0,1822.5641025641025,1642.5365922488475,-200.0,6000.0,78,146840.0,1882.5641025641025,12.794871794871796,17.346153846153847,7.756410256410256,4,0.0,financial_services,ChannelId_3,ProviderId_6,2,78,142160.0,0
CustomerId_4422,10000.0,10000.0,0.0,10000.0,10000.0,1,10000.0,10000.0,9.0,5.0,1.0,1,0.0,financial_services,ChannelId_3,ProviderId_5,27,1,10000.0,0
CustomerId_4423,1000.0,1000.0,0.0,1000.0,1000.0,1,1000.0,1000.0,6.0,16.0,1.0,1,0.0,financial_services,ChannelId_3,ProviderId_5,16,1,1000.0,0
CustomerId_4424,55540.0,5049.090909090909,6997.693126374512,-1000.0,20000.0,11,58460.0,5314.545454545455,12.454545454545455,23.181818181818183,1.0,3,0.0,financial_services,ChannelId_3,ProviderId_1,5,11,55540.0,0
CustomerId_4425,19200.0,3840.0,6732.235884162112,-5000.0,10100.0,5,31200.0,6240.0,13.0,28.0,12.0,3,0.0,financial_services,ChannelId_3,ProviderId_4,34,5,19200.0,1
CustomerId_4427,12070.0,1005.8333333333334,1542.0762764611363,-1000.0,4000.0,12,14930.0,1244.1666666666667,11.333333333333334,11.5,12.0,4,0.0,financial_services,ChannelId_2,ProviderId_4,42,12,12070.0,1
CustomerId_4428,18162.0,1397.076923076923,2815.1846138852793,-1000.0,10000.0,13,21638.0,1664.4615384615386,12.461538461538462,24.307692307692307,8.153846153846153,3,0.0,airtime,ChannelId_3,ProviderId_4,3,13,18162.0,0
CustomerId_4429,22725.0,909.0,1317.6565371901738,-250.0,5000.0,25,24675.0,987.0,10.6,19.76,7.52,5,0.0,airtime,ChannelId_3,ProviderId_4,2,25,22725.0,0
CustomerId_443,76356.0,15271.2,8935.420930208045,-644.0,20000.0,5,81154.0,16230.8,7.8,20.0,11.0,3,0.0,financial_services,ChannelId_3,ProviderId_1,73,5,76356.0,1
CustomerId_4430,4990.0,383.84615384615387,476.79115731345905,-25.0,1000.0,13,5260.0,404.61538461538464,15.76923076923077,17.384615384615383,1.0,4,0.0,financial_services,ChannelId_2,ProviderId_4,8,13,4990.0,0
CustomerId_4431,146655.0,1511.9072164948454,3901.0735063208194,-5000.0,25000.0,97,203040.0,2093.1958762886597,10.958762886597938,18.31958762886598,2.4742268041237114,9,0.0,airtime,ChannelId_3,ProviderId_5,2,97,146655.0,0
CustomerId_4434,4850.0,485.0,719.200945494373,-1000.0,1000.0,10,7150.0,715.0,16.9,10.6,12.0,2,0.0,airtime,ChannelId_3,ProviderId_5,43,10,4850.0,1
CustomerId_4435,3960.0,495.0,759.755599800733,-1000.0,1000.0,8,6040.0,755.0,16.625,28.375,1.0,3,0.0,financial_services,ChannelId_3,ProviderId_4,2,8,3960.0,0
CustomerId_4436,2000.0,2000.0,0.0,2000.0,2000.0,1,2000.0,2000.0,14.0,29.0,12.0,1,0.0,financial_services,ChannelId_3,ProviderId_5,33,1,2000.0,1
CustomerId_4437,180000.0,4090.909090909091,7679.081164203635,-5000.0,20000.0,44,352000.0,8000.0,8.681818181818182,19.727272727272727,7.045454545454546,3,0.0,airtime,ChannelId_3,ProviderId_4,6,44,180000.0,0
CustomerId_4438,1243215.0,8693.811188811189,20251.084921015565,-5000.0,180000.0,143,1296685.0,9067.727272727272,11.44055944055944,19.643356643356643,9.846153846153847,7,0.0,financial_services,ChannelId_3,ProviderId_3,2,143,1243215.0,0
CustomerId_444,53315.0,1440.945945945946,2480.139959602929,-1000.0,10000.0,37,56885.0,1537.4324324324325,12.81081081081081,17.972972972972972,5.162162162162162,4,0.0,airtime,ChannelId_3,ProviderId_6,1,37,53315.0,0
CustomerId_4440,1960.0,490.0,1296.3024338479042,-1000.0,2000.0,4,4040.0,1010.0,18.0,23.0,11.0,3,0.0,airtime,ChannelId_2,ProviderId_4,69,4,1960.0,1
CustomerId_4442,22200.0,888.0,1255.34523803879,-150.0,5000.0,25,24200.0,968.0,11.84,21.44,9.84,4,0.0,airtime,ChannelId_3,ProviderId_4,14,25,22200.0,0
CustomerId_4443,170000.0,3469.387755102041,6510.86284865636,-5000.0,10000.0,49,313400.0,6395.918367346939,8.918367346938776,18.20408163265306,8.326530612244898,3,0.0,airtime,ChannelId_3,ProviderId_4,5,49,170000.0,0
CustomerId_4444,500.0,500.0,0.0,500.0,500.0,1,500.0,500.0,4.0,25.0,11.0,1,0.0,data_bundles,ChannelId_3,ProviderId_5,68,1,500.0,1
CustomerId_4445,13000.0,1857.142857142857,988.0235200593537,1000.0,4000.0,7,13000.0,1857.142857142857,8.142857142857142,8.714285714285714,1.0,2,0.0,airtime,ChannelId_3,ProviderId_5,22,7,13000.0,0
CustomerId_4446,1000.0,500.0,0.0,500.0,500.0,2,1000.0,500.0,22.0,16.0,11.0,1,0.0,financial_services,ChannelId_3,ProviderId_5,76,2,1000.0,1
CustomerId_4449,38800.0,2984.6153846153848,6673.911403598112,-5000.0,20000.0,13,51934.0,3994.923076923077,17.23076923076923,16.0,11.0,5,0.0,financial_services,ChannelId_3,ProviderId_4,76,13,38800.0,1
CustomerId_4450,1000.0,1000.0,0.0,1000.0,1000.0,1,1000.0,1000.0,19.0,11.0,1.0,1,0.0,airtime,ChannelId_3,ProviderId_6,20,1,1000.0,0
CustomerId_4451,5700.0,950.0,225.8317958127243,500.0,1100.0,6,5700.0,950.0,12.166666666666666,21.5,11.333333333333334,2,0.0,airtime,ChannelId_3,ProviderId_6,34,6,5700.0,1
CustomerId_4453,29294460.0,542490.0,1108161.707813508,-1000.0,5000000.0,54,29296540.0,542528.5185185185,13.555555555555555,16.166666666666668,11.333333333333334,5,12.0,financial_services,ChannelId_3,ProviderId_5,58,54,29294460.0,1
CustomerId_4455,2410.0,241.0,638.6522266982764,-1000.0,1000.0,10,4590.0,459.0,12.6,4.3,8.7,2,0.0,financial_services,ChannelId_2,ProviderId_4,17,10,2410.0,0
CustomerId_4456,182403.0,7015.5,18209.74778792941,-5000.0,70000.0,26,220177.0,8468.346153846154,13.26923076923077,24.423076923076923,4.8076923076923075,6,0.0,financial_services,ChannelId_3,ProviderId_6,3,26,182403.0,0
CustomerId_4457,500.0,500.0,0.0,500.0,500.0,1,500.0,500.0,8.0,8.0,1.0,1,0.0,airtime,ChannelId_3,ProviderId_5,24,1,500.0,0
CustomerId_4459,1000.0,1000.0,0.0,1000.0,1000.0,1,1000.0,1000.0,14.0,14.0,12.0,1,0.0,financial_services,ChannelId_3,ProviderId_5,48,1,1000.0,1
CustomerId_446,100000.0,4545.454545454545,6162.306871134055,-5000.0,10000.0,22,152000.0,6909.090909090909,9.454545454545455,20.181818181818183,5.5,3,0.0,airtime,ChannelId_3,ProviderId_6,7,22,100000.0,0
CustomerId_4461,6500.0,3250.0,1767.7669529663688,2000.0,4500.0,2,7895.0,3947.5,15.5,18.5,6.5,1,0.0,utility_bill,ChannelId_3,ProviderId_5,23,2,6500.0,0
CustomerId_4462,80000.0,40000.0,42426.40687119285,10000.0,70000.0,2,80000.0,40000.0,8.5,17.0,6.0,1,0.0,financial_services,ChannelId_3,ProviderId_5,21,2,80000.0,0
CustomerId_4465,1000.0,1000.0,0.0,1000.0,1000.0,1,1000.0,1000.0,22.0,22.0,12.0,1,0.0,financial_services,ChannelId_3,ProviderId_5,40,1,1000.0,1
CustomerId_4466,120196.0,10926.90909090909,18664.696522871975,-644.0,65000.0,11,126404.0,11491.272727272728,14.0,26.181818181818183,11.545454545454545,4,0.0,financial_services,ChannelId_3,ProviderId_5,32,11,120196.0,1
CustomerId_4468,1000.0,1000.0,0.0,1000.0,1000.0,1,1000.0,1000.0,11.0,21.0,11.0,1,0.0,airtime,ChannelId_3,ProviderId_5,71,1,1000.0,1
CustomerId_4469,20000.0,3333.3333333333335,7814.516406449389,-5000.0,11000.0,6,42000.0,7000.0,12.166666666666666,25.166666666666668,1.0,3,0.0,airtime,ChannelId_2,ProviderId_4,5,6,20000.0,0
CustomerId_447,9000.0,2250.0,6601.767440112787,-5000.0,10000.0,4,21000.0,5250.0,8.25,21.0,12.0,2,0.0,airtime,ChannelId_2,ProviderId_4,42,4,9000.0,1
CustomerId_4471,34600.0,1235.7142857142858,1643.2582326121537,-1000.0,5000.0,28,39400.0,1407.142857142857,13.535714285714286,18.678571428571427,1.0,5,0.0,financial_services,ChannelId_2,ProviderId_4,7,28,34600.0,0
CustomerId_4472,1000.0,1000.0,0.0,1000.0,1000.0,1,1000.0,1000.0,8.0,7.0,1.0,1,0.0,financial_services,ChannelId_3,ProviderId_5,25,1,1000.0,0
CustomerId_4473,272551.4,3450.017721518988,11038.10230736638,-11000.0,51822.0,79,332801.0,4212.670886075949,12.10126582278481,17.050632911392405,10.810126582278482,8,0.0,financial_services,ChannelId_3,ProviderId_6,30,79,272551.4,0
CustomerId_4476,1452000.0,132000.0,289769.9087206951,1000.0,1000000.0,11,1452000.0,132000.0,15.0,7.0,1.0,1,0.0,financial_services,ChannelId_3,ProviderId_3,24,11,1452000.0,0
CustomerId_4477,700.0,700.0,0.0,700.0,700.0,1,700.0,700.0,10.0,15.0,1.0,1,0.0,financial_services,ChannelId_3,ProviderId_5,16,1,700.0,0
CustomerId_448,261162.0,1674.1153846153845,6733.199391902535,-622.0,66000.0,156,273308.0,1751.974358974359,15.621794871794872,13.532051282051283,12.0,9,0.0,financial_services,ChannelId_3,ProviderId_6,48,156,261162.0,1
CustomerId_4481,10000.0,10000.0,0.0,10000.0,10000.0,1,10000.0,10000.0,6.0,24.0,11.0,1,0.0,financial_services,ChannelId_3,ProviderId_1,69,1,10000.0,1
CustomerId_4482,2950.0,737.5,525.0,-50.0,1000.0,4,3050.0,762.5,6.75,19.75,8.5,3,0.0,airtime,ChannelId_3,ProviderId_5,25,4,2950.0,0
CustomerId_4483,3750.0,1250.0,3269.174207655505,-1000.0,5000.0,3,6250.0,2083.3333333333335,12.0,16.0,12.0,2,0.0,financial_services,ChannelId_2,ProviderId_4,46,3,3750.0,1
CustomerId_4484,20000.0,3333.3333333333335,7814.516406449389,-5000.0,11000.0,6,42000.0,7000.0,12.833333333333334,25.166666666666668,1.0,3,0.0,airtime,ChannelId_2,ProviderId_4,5,6,20000.0,0
CustomerId_4485,1338080.0,133808.0,124266.5404863451,-3920.0,280000.0,10,1373120.0,137312.0,16.6,15.6,3.2,5,0.0,financial_services,ChannelId_1,ProviderId_3,12,10,1338080.0,0
CustomerId_4486,474000.0,4601.941747572816,25667.496729317303,-5000.0,252000.0,103,970000.0,9417.47572815534,6.854368932038835,14.349514563106796,11.893203883495145,2,0.0,financial_services,ChannelId_2,ProviderId_4,6,103,474000.0,0
CustomerId_4487,40000.0,4444.444444444444,6463.573143221772,-5000.0,10000.0,9,62000.0,6888.888888888889,10.88888888888889,21.11111111111111,1.0,3,0.0,financial_services,ChannelId_3,ProviderId_6,7,9,40000.0,0
CustomerId_4489,1000.0,1000.0,0.0,1000.0,1000.0,1,1000.0,1000.0,20.0,27.0,11.0,1,0.0,financial_services,ChannelId_3,ProviderId_5,65,1,1000.0,1
CustomerId_449,30000.0,4285.714285714285,7565.586245499766,-5000.0,11000.0,7,52000.0,7428.571428571428,18.285714285714285,25.142857142857142,1.0,3,0.0,airtime,ChannelId_3,ProviderId_4,5,7,30000.0,0
CustomerId_4490,15370.0,1537.0,3155.792029480608,-1000.0,10000.0,10,17630.0,1763.0,14.5,28.8,1.0,3,0.0,financial_services,ChannelId_2,ProviderId_4,1,10,15370.0,0
CustomerId_4493,1000.0,1000.0,0.0,1000.0,1000.0,1,1000.0,1000.0,16.0,1.0,1.0,1,0.0,financial_services,ChannelId_3,ProviderId_5,30,1,1000.0,0
CustomerId_4494,10000.0,10000.0,0.0,10000.0,10000.0,1,10000.0,10000.0,14.0,24.0,12.0,1,0.0,financial_services,ChannelId_3,ProviderId_5,38,1,10000.0,1
CustomerId_4497,10000.0,10000.0,0.0,10000.0,10000.0,1,10000.0,10000.0,18.0,30.0,11.0,1,0.0,financial_services,ChannelId_3,ProviderId_5,62,1,10000.0,1
CustomerId_4498,1000.0,1000.0,0.0,1000.0,1000.0,1,1000.0,1000.0,8.0,26.0,1.0,1,0.0,financial_services,ChannelId_3,ProviderId_5,6,1,1000.0,0
CustomerId_450,2450.0,816.6666666666666,791.0962857537212,-50.0,1500.0,3,2550.0,850.0,9.0,15.0,11.0,3,0.0,financial_services,ChannelId_3,ProviderId_1,78,3,2450.0,1
CustomerId_4500,19000.0,4750.0,9322.910847297997,-5000.0,15000.0,4,32200.0,8050.0,16.0,18.0,1.0,3,0.0,financial_services,ChannelId_2,ProviderId_4,13,4,19000.0,0
CustomerId_4501,12950.0,925.0,1246.7650447951596,-1000.0,3000.0,14,15350.0,1096.4285714285713,15.214285714285714,14.214285714285714,6.5,3,0.0,financial_services,ChannelId_3,ProviderId_4,9,14,12950.0,0
CustomerId_4502,153611.5,1154.9736842105262,4685.658440000475,-644.0,50000.0,133,161559.0,1214.7293233082708,10.338345864661655,20.706766917293233,11.0,8,0.0,financial_services,ChannelId_3,ProviderId_6,62,133,153611.5,1
CustomerId_4504,11440.0,1040.0,1592.3002229479214,-1000.0,5000.0,11,13560.0,1232.7272727272727,13.181818181818182,13.0,12.0,3,0.0,financial_services,ChannelId_3,ProviderId_4,43,11,11440.0,1
CustomerId_4505,54525.0,1758.8709677419354,3752.8186539536337,-500.0,18000.0,31,56875.0,1834.6774193548388,14.612903225806452,18.93548387096774,5.516129032258065,4,0.0,financial_services,ChannelId_3,ProviderId_6,6,31,54525.0,0
CustomerId_4507,1000.0,1000.0,0.0,1000.0,1000.0,1,1000.0,1000.0,10.0,8.0,12.0,1,0.0,financial_services,ChannelId_3,ProviderId_5,54,1,1000.0,1
CustomerId_4510,33150.0,3013.6363636363635,3023.581560756292,-250.0,10000.0,11,33850.0,3077.2727272727275,16.636363636363637,17.181818181818183,1.0,4,0.0,financial_services,ChannelId_3,ProviderId_5,1,11,33150.0,0
CustomerId_4512,8920.0,810.9090909090909,1235.6816300767325,-1000.0,3000.0,11,11080.0,1007.2727272727273,14.272727272727273,22.272727272727273,1.0,3,0.0,financial_services,ChannelId_3,ProviderId_4,8,11,8920.0,0
CustomerId_4513,1000.0,1000.0,0.0,1000.0,1000.0,1,1000.0,1000.0,13.0,20.0,1.0,1,0.0,airtime,ChannelId_3,ProviderId_1,11,1,1000.0,0
CustomerId_4517,4500.0,642.8571428571429,243.9750182371333,500.0,1000.0,7,4500.0,642.8571428571429,6.285714285714286,4.0,1.0,2,0.0,financial_services,ChannelId_3,ProviderId_5,28,7,4500.0,0
CustomerId_4518,261280.5,1573.9789156626507,2881.2170115655244,-3000.0,10000.0,166,277710.0,1672.9518072289156,11.114457831325302,15.96987951807229,11.168674698795181,6,0.0,financial_services,ChannelId_3,ProviderId_6,20,166,261280.5,0
CustomerId_4519,3000.0,1500.0,707.1067811865476,1000.0,2000.0,2,3000.0,1500.0,7.5,12.0,12.0,2,0.0,airtime,ChannelId_3,ProviderId_1,47,2,3000.0,1
CustomerId_452,1000.0,1000.0,0.0,1000.0,1000.0,1,1000.0,1000.0,6.0,23.0,11.0,1,0.0,airtime,ChannelId_3,ProviderId_1,70,1,1000.0,1
CustomerId_4520,3900.0,1300.0,1212.4355652982142,-100.0,2000.0,3,4100.0,1366.6666666666667,15.0,28.0,1.0,3,0.0,financial_services,ChannelId_3,ProviderId_4,3,3,3900.0,0
CustomerId_4524,20000.0,4000.0,6745.368781616021,-5000.0,10000.0,5,32000.0,6400.0,12.0,11.0,1.0,3,0.0,financial_services,ChannelId_3,ProviderId_4,20,5,20000.0,0
CustomerId_4525,245620.0,3109.1139240506327,4791.913645329057,-5000.0,10000.0,79,341380.0,4321.265822784811,10.860759493670885,17.0126582278481,7.227848101265823,5,0.0,airtime,ChannelId_3,ProviderId_6,2,79,245620.0,0
CustomerId_4526,77277.95,813.4521052631578,921.101613209543,-60.0,4000.0,95,79351.0,835.2736842105263,13.378947368421052,16.989473684210527,5.863157894736842,7,0.0,financial_services,ChannelId_3,ProviderId_6,5,95,77277.95,0
CustomerId_4527,19000.0,3800.0,6685.805860178712,-5000.0,10000.0,5,31000.0,6200.0,8.0,28.0,12.0,3,0.0,financial_services,ChannelId_3,ProviderId_4,35,5,19000.0,1
CustomerId_4528,2980.0,596.0,1142.838571277676,-1000.0,2000.0,5,5020.0,1004.0,12.8,15.0,3.2,3,0.0,financial_services,ChannelId_3,ProviderId_4,13,5,2980.0,0
CustomerId_453,200000.0,8695.652173913044,20633.566612349037,-5000.0,100000.0,23,226000.0,9826.08695652174,13.826086956521738,24.434782608695652,11.304347826086957,3,0.0,airtime,ChannelId_3,ProviderId_6,42,23,200000.0,1
CustomerId_4531,1000.0,1000.0,0.0,1000.0,1000.0,1,1000.0,1000.0,12.0,2.0,1.0,1,0.0,airtime,ChannelId_3,ProviderId_5,29,1,1000.0,0
CustomerId_4532,500.0,500.0,0.0,500.0,500.0,1,500.0,500.0,7.0,21.0,11.0,1,0.0,airtime,ChannelId_3,ProviderId_1,72,1,500.0,1
CustomerId_4534,2000.0,2000.0,0.0,2000.0,2000.0,1,2000.0,2000.0,10.0,21.0,12.0,1,0.0,airtime,ChannelId_3,ProviderId_6,41,1,2000.0,1
CustomerId_4537,2000.0,1000.0,0.0,1000.0,1000.0,2,2000.0,1000.0,6.0,29.0,11.0,1,0.0,financial_services,ChannelId_3,ProviderId_3,64,2,2000.0,1
CustomerId_4538,34550.0,6910.0,8209.171699995073,550.0,20000.0,5,34550.0,6910.0,18.2,19.2,11.6,4,0.0,financial_services,ChannelId_3,ProviderId_5,42,5,34550.0,1
CustomerId_4539,19000.0,3800.0,6685.805860178712,-5000.0,10000.0,5,31000.0,6200.0,14.0,18.0,1.0,3,0.0,financial_services,ChannelId_3,ProviderId_4,13,5,19000.0,0
CustomerId_4540,83435.0,2085.875,4090.007662129993,-5000.0,20000.0,40,97565.0,2439.125,10.575,17.1,4.825,6,0.0,financial_services,ChannelId_3,ProviderId_6,1,40,83435.0,0
CustomerId_4542,45226.0,3015.0666666666666,5564.753305617505,-622.0,20000.0,15,51444.0,3429.6,14.466666666666667,23.266666666666666,1.0,4,0.0,financial_services,ChannelId_1,ProviderId_4,7,15,45226.0,0
CustomerId_4543,100000.0,4347.826086956522,5833.669480245095,-5000.0,10000.0,23,142000.0,6173.913043478261,8.347826086956522,19.08695652173913,6.260869565217392,4,0.0,airtime,ChannelId_3,ProviderId_6,7,23,100000.0,0
CustomerId_4544,37980.0,4747.5,4952.493599909329,-1000.0,10000.0,8,40020.0,5002.5,11.5,16.0,12.0,3,0.0,airtime,ChannelId_3,ProviderId_5,46,8,37980.0,1
CustomerId_4545,2000.0,500.0,0.0,500.0,500.0,4,2000.0,500.0,12.0,24.25,1.0,1,0.0,financial_services,ChannelId_3,ProviderId_5,6,4,2000.0,0
CustomerId_4546,13504.0,3376.0,2624.0243901305494,-496.0,5000.0,4,16716.0,4179.0,15.0,27.0,11.0,2,0.0,utility_bill,ChannelId_3,ProviderId_5,65,4,13504.0,1
CustomerId_4547,10000.0,2500.0,6757.711644237764,-5000.0,10000.0,4,22000.0,5500.0,15.0,25.0,1.0,2,0.0,airtime,ChannelId_2,ProviderId_4,6,4,10000.0,0
CustomerId_4548,10775.0,673.4375,763.89728530739,-50.0,2500.0,16,11225.0,701.5625,17.875,2.5625,1.0,3,0.0,airtime,ChannelId_3,ProviderId_6,28,16,10775.0,0
CustomerId_4549,5549.0,142.28205128205127,1227.684147377491,-5000.0,2000.0,39,36285.0,930.3846153846154,11.153846153846153,21.923076923076923,1.0,7,0.0,airtime,ChannelId_3,ProviderId_4,5,39,5549.0,0
CustomerId_4550,270033.0,7715.228571428572,18900.662638688427,-1629.0,72913.0,35,295885.0,8453.857142857143,10.657142857142857,13.571428571428571,11.085714285714285,8,0.0,airtime,ChannelId_3,ProviderId_4,21,35,270033.0,0
CustomerId_4552,-14500.0,-2416.6666666666665,3760.540741258718,-10000.0,-500.0,6,14500.0,2416.6666666666665,17.833333333333332,15.333333333333334,11.0,4,0.0,airtime,ChannelId_5,ProviderId_4,76,6,-14500.0,1
CustomerId_4553,500.0,500.0,0.0,500.0,500.0,1,500.0,500.0,19.0,21.0,12.0,1,0.0,airtime,ChannelId_3,ProviderId_5,41,1,500.0,1
CustomerId_4554,97055.0,1347.986111111111,3537.1988658691193,-200.0,20000.0,72,100945.0,1402.013888888889,12.902777777777779,21.09722222222222,11.0,7,0.0,financial_services,ChannelId_3,ProviderId_6,65,72,97055.0,1
CustomerId_4555,270000.0,4821.428571428572,8243.99978575524,-5000.0,30000.0,56,406400.0,7257.142857142857,9.946428571428571,19.071428571428573,8.517857142857142,5,0.0,airtime,ChannelId_3,ProviderId_6,1,56,270000.0,0
CustomerId_456,122000.0,3696.969696969697,8735.9149187594,-5000.0,33000.0,33,177918.0,5391.454545454545,8.787878787878787,20.272727272727273,8.06060606060606,5,0.0,airtime,ChannelId_3,ProviderId_6,1,33,122000.0,0
CustomerId_4561,121766.0,2647.086956521739,6101.406682346427,-622.0,28000.0,46,129229.0,2809.3260869565215,10.869565217391305,17.565217391304348,7.260869565217392,7,0.0,airtime,ChannelId_3,ProviderId_3,7,46,121766.0,0
CustomerId_4562,57950.0,383.7748344370861,668.4766181120117,-100.0,3000.0,151,68050.0,450.6622516556291,11.450331125827814,10.225165562913908,8.894039735099337,4,0.0,financial_services,ChannelId_2,ProviderId_4,3,151,57950.0,0
CustomerId_4565,251775.0,2189.3478260869565,5263.563180169873,-5000.0,30000.0,115,281425.0,2447.1739130434785,12.539130434782608,26.62608695652174,1.0,7,0.0,financial_services,ChannelId_3,ProviderId_6,2,115,251775.0,0
CustomerId_4567,220000.0,5945.945945945946,8621.375070608407,-5000.0,20000.0,37,323200.0,8735.135135135135,10.18918918918919,18.10810810810811,11.324324324324325,4,0.0,financial_services,ChannelId_3,ProviderId_6,48,37,220000.0,1
CustomerId_4568,34892.0,634.4,673.8870000889534,-100.0,2000.0,55,37908.0,689.2363636363636,11.690909090909091,18.072727272727274,8.090909090909092,4,0.0,airtime,ChannelId_3,ProviderId_5,9,55,34892.0,0
CustomerId_4569,178343.25,2584.6847826086955,4305.513938128575,-14000.0,10000.0,69,268539.0,3891.8695652173915,12.53623188405797,22.07246376811594,8.46376811594203,7,0.0,financial_services,ChannelId_3,ProviderId_6,6,69,178343.25,0
CustomerId_457,138748.5,4335.890625,9015.709361222682,-1000.0,40000.0,32,151242.0,4726.3125,13.71875,20.5625,2.71875,6,0.0,financial_services,ChannelId_3,ProviderId_6,7,32,138748.5,0
CustomerId_4572,1000.0,1000.0,0.0,1000.0,1000.0,1,1000.0,1000.0,12.0,22.0,12.0,1,0.0,financial_services,ChannelId_3,ProviderId_5,40,1,1000.0,1
CustomerId_4573,79985.0,13330.833333333334,15784.570762826168,-1005.0,30000.0,6,91755.0,15292.5,13.333333333333334,7.666666666666667,12.0,3,0.0,financial_services,ChannelId_2,ProviderId_4,53,6,79985.0,1
CustomerId_4576,0.0,0.0,866.0254037844386,-1000.0,500.0,3,2000.0,666.6666666666666,9.666666666666666,12.333333333333334,4.666666666666667,3,0.0,financial_services,ChannelId_3,ProviderId_4,26,3,0.0,0
CustomerId_4577,276036.5,2400.317391304348,5085.700476745418,-1000.0,30000.0,115,285614.0,2483.6,12.478260869565217,11.678260869565218,11.434782608695652,9,0.0,financial_services,ChannelId_3,ProviderId_4,12,115,276036.5,0
CustomerId_4579,15980.0,1331.6666666666667,1506.2586602290962,-50.0,5000.0,12,16240.0,1353.3333333333333,14.666666666666666,13.833333333333334,2.8333333333333335,4,0.0,financial_services,ChannelId_3,ProviderId_6,12,12,15980.0,0
CustomerId_4581,4915.0,546.1111111111111,988.6283988997641,-1000.0,2000.0,9,7085.0,787.2222222222222,19.333333333333332,17.22222222222222,12.0,4,0.0,financial_services,ChannelId_3,ProviderId_4,44,9,4915.0,1
CustomerId_4583,18430.0,837.7272727272727,1537.5891203537774,-350.0,7000.0,22,19970.0,907.7272727272727,11.090909090909092,21.636363636363637,8.318181818181818,4,0.0,airtime,ChannelId_3,ProviderId_4,1,22,18430.0,0
CustomerId_4584,41390.0,2178.4210526315787,4251.257674249527,-250.0,18000.0,19,43210.0,2274.2105263157896,14.263157894736842,21.736842105263158,11.0,5,0.0,financial_services,ChannelId_3,ProviderId_4,65,19,41390.0,1
CustomerId_4585,671678.0,1946.8927536231884,4644.332400967234,-5000.0,36500.0,345,784866.0,2274.973913043478,11.228985507246376,15.63768115942029,9.649275362318841,9,0.0,airtime,ChannelId_3,ProviderId_6,2,345,671678.0,0
CustomerId_4587,13400.0,496.2962962962963,661.5724168056454,-1000.0,2000.0,27,16600.0,614.8148148148148,10.88888888888889,19.85185185185185,1.0,3,0.0,financial_services,ChannelId_3,ProviderId_4,2,27,13400.0,0
CustomerId_4588,1980.0,495.0,1293.612512823424,-1000.0,2000.0,4,4020.0,1005.0,11.0,18.0,1.0,3,0.0,financial_services,ChannelId_2,ProviderId_4,13,4,1980.0,0
CustomerId_4589,29000.0,4833.333333333333,6493.586579592719,-5000.0,10000.0,6,41000.0,6833.333333333333,14.0,21.0,12.0,3,0.0,financial_services,ChannelId_3,ProviderId_4,41,6,29000.0,1
CustomerId_4590,63300.0,7912.5,14596.984766920677,-1000.0,33000.0,8,66700.0,8337.5,12.25,23.75,1.0,4,0.0,financial_services,ChannelId_2,ProviderId_4,6,8,63300.0,0
CustomerId_4591,50465.0,3604.6428571428573,7093.647880128583,-5000.0,11000.0,14,92935.0,6638.214285714285,14.142857142857142,17.785714285714285,11.357142857142858,3,0.0,airtime,ChannelId_2,ProviderId_4,41,14,50465.0,1
CustomerId_4592,204000.0,68000.0,114315.3532995459,2000.0,200000.0,3,204000.0,68000.0,9.333333333333334,15.0,11.0,2,0.0,financial_services,ChannelId_3,ProviderId_5,77,3,204000.0,1
CustomerId_4593,5000.0,5000.0,0.0,5000.0,5000.0,1,5000.0,5000.0,8.0,9.0,12.0,1,0.0,airtime,ChannelId_3,ProviderId_6,54,1,5000.0,1
CustomerId_4595,500.0,500.0,0.0,500.0,500.0,1,500.0,500.0,19.0,13.0,12.0,1,0.0,airtime,ChannelId_3,ProviderId_5,49,1,500.0,1
CustomerId_4596,15000.0,15000.0,0.0,15000.0,15000.0,1,15000.0,15000.0,10.0,24.0,1.0,1,0.0,financial_services,ChannelId_3,ProviderId_5,7,1,15000.0,0
CustomerId_4598,5760.0,960.0,1139.473562659529,-100.0,2000.0,6,6240.0,1040.0,15.333333333333334,22.666666666666668,11.333333333333334,3,0.0,airtime,ChannelId_2,ProviderId_4,47,6,5760.0,1
CustomerId_46,70000.0,23333.333333333332,5773.502691896258,20000.0,30000.0,3,70000.0,23333.333333333332,17.666666666666668,9.0,1.0,1,0.0,financial_services,ChannelId_3,ProviderId_3,22,3,70000.0,0
CustomerId_4600,55000.0,3666.6666666666665,4787.13553878169,-5000.0,10000.0,15,77000.0,5133.333333333333,16.333333333333332,15.0,5.4,5,0.0,financial_services,ChannelId_3,ProviderId_6,6,15,55000.0,0
CustomerId_4601,40000.0,20000.0,0.0,20000.0,20000.0,2,40000.0,20000.0,17.0,28.0,1.0,1,0.0,financial_services,ChannelId_3,ProviderId_1,3,2,40000.0,0
CustomerId_4602,309309.0,5155.15,13859.602648968266,-5000.0,80000.0,60,341891.0,5698.183333333333,13.633333333333333,21.166666666666668,8.483333333333333,8,0.0,airtime,ChannelId_3,ProviderId_4,1,60,309309.0,0
CustomerId_4603,5000.0,5000.0,0.0,5000.0,5000.0,1,5000.0,5000.0,18.0,5.0,1.0,1,0.0,airtime,ChannelId_3,ProviderId_5,26,1,5000.0,0
CustomerId_4604,9400.0,671.4285714285714,616.6641916592249,-1000.0,1000.0,14,11600.0,828.5714285714286,11.714285714285714,11.0,1.0,3,0.0,airtime,ChannelId_3,ProviderId_5,1,14,9400.0,0
CustomerId_4605,93335.0,5833.4375,12754.339224848145,-30.0,50000.0,16,93465.0,5841.5625,15.375,13.25,4.8125,3,0.0,airtime,ChannelId_3,ProviderId_6,19,16,93335.0,0
CustomerId_4608,475.0,237.5,371.23106012293744,-25.0,500.0,2,525.0,262.5,9.0,16.0,11.0,2,0.0,airtime,ChannelId_2,ProviderId_4,77,2,475.0,1
CustomerId_4609,7910.0,719.0909090909091,1153.8735159925852,-1000.0,3000.0,11,10090.0,917.2727272727273,9.0,1.8181818181818181,1.0,5,0.0,financial_services,ChannelId_3,ProviderId_4,29,11,7910.0,0
CustomerId_4610,964000.0,74153.84615384616,81236.1230753148,-5000.0,200000.0,13,996000.0,76615.38461538461,12.615384615384615,12.615384615384615,12.0,4,0.0,financial_services,ChannelId_3,ProviderId_5,48,13,964000.0,1
CustomerId_4611,200.0,66.66666666666667,1674.3157806499148,-900.0,2000.0,3,3800.0,1266.6666666666667,14.333333333333334,5.666666666666667,12.0,2,0.0,tv,ChannelId_5,ProviderId_4,56,3,200.0,1
CustomerId_4612,10000.0,10000.0,0.0,10000.0,10000.0,1,10000.0,10000.0,5.0,24.0,12.0,1,0.0,financial_services,ChannelId_3,ProviderId_5,39,1,10000.0,1
CustomerId_4613,178560.0,4355.121951219512,15593.020172813089,-1000.0,100000.0,41,182070.0,4440.731707317073,13.878048780487806,18.975609756097562,10.926829268292684,5,0.0,financial_services,ChannelId_3,ProviderId_4,30,41,178560.0,0
CustomerId_4615,20985.0,953.8636363636364,1166.0116513121434,-1000.0,3000.0,22,24615.0,1118.8636363636363,8.954545454545455,17.136363636363637,1.5,4,0.0,airtime,ChannelId_3,ProviderId_4,2,22,20985.0,0
CustomerId_4616,5940.0,660.0,1122.5417586887359,-1000.0,3000.0,9,8060.0,895.5555555555555,12.88888888888889,25.666666666666668,1.0,3,0.0,financial_services,ChannelId_3,ProviderId_4,2,9,5940.0,0
CustomerId_4617,40000.0,5714.285714285715,9516.902257112268,-5000.0,20000.0,7,62000.0,8857.142857142857,17.142857142857142,11.0,1.0,4,0.0,financial_services,ChannelId_3,ProviderId_4,20,7,40000.0,0
CustomerId_462,41100.0,2055.0,4651.36935128842,-5000.0,10000.0,20,74200.0,3710.0,12.7,20.5,9.25,4,0.0,airtime,ChannelId_3,ProviderId_3,2,20,41100.0,0
CustomerId_4620,18500.0,4625.0,6209.87117418711,-1000.0,10000.0,4,21500.0,5375.0,9.0,30.0,1.0,3,0.0,financial_services,ChannelId_2,ProviderId_4,2,4,18500.0,0
CustomerId_4622,745.0,186.25,2562.964998460442,-3000.0,3255.0,4,6765.0,1691.25,7.0,23.75,11.25,3,0.0,airtime,ChannelId_3,ProviderId_4,54,4,745.0,1
CustomerId_4623,960.0,320.0,1532.0574401764445,-1000.0,2000.0,3,3040.0,1013.3333333333334,3.0,31.0,12.0,2,0.0,financial_services,ChannelId_2,ProviderId_4,32,3,960.0,1
CustomerId_4624,60163.0,1093.8727272727272,1760.088129680564,-150.0,10000.0,55,63037.0,1146.1272727272728,15.981818181818182,18.854545454545455,1.2,5,0.0,financial_services,ChannelId_3,ProviderId_4,2,55,60163.0,0
CustomerId_4626,71210.0,2738.846153846154,7787.020265504941,-250.0,40000.0,26,76990.0,2961.153846153846,17.0,17.73076923076923,6.5,8,0.0,airtime,ChannelId_3,ProviderId_4,1,26,71210.0,0
CustomerId_4627,159970.0,5713.214285714285,9410.429223717863,-5000.0,40000.0,28,222830.0,7958.214285714285,10.214285714285714,20.142857142857142,5.714285714285714,5,0.0,financial_services,ChannelId_3,ProviderId_6,7,28,159970.0,0
CustomerId_4629,5000.0,5000.0,0.0,5000.0,5000.0,1,5000.0,5000.0,2.0,30.0,1.0,1,0.0,financial_services,ChannelId_3,ProviderId_1,2,1,5000.0,0
CustomerId_4630,500.0,500.0,0.0,500.0,500.0,1,500.0,500.0,18.0,22.0,11.0,1,0.0,airtime,ChannelId_3,ProviderId_5,70,1,500.0,1
CustomerId_4632,1000.0,1000.0,0.0,1000.0,1000.0,1,1000.0,1000.0,19.0,2.0,1.0,1,0.0,financial_services,ChannelId_3,ProviderId_5,29,1,1000.0,0
CustomerId_4633,18410.0,2301.25,3482.365524016275,-1000.0,10000.0,8,20590.0,2573.75,15.25,28.25,1.0,4,0.0,financial_services,ChannelId_3,ProviderId_4,2,8,18410.0,0
CustomerId_4634,24800.0,1305.2631578947369,1601.0321962931448,-1000.0,5000.0,19,27200.0,1431.578947368421,13.368421052631579,4.105263157894737,1.0,6,0.0,airtime,ChannelId_3,ProviderId_6,22,19,24800.0,0
CustomerId_4636,254772.84,2316.116727272727,6146.388391822507,-5000.0,30000.0,110,302004.0,2745.490909090909,13.054545454545455,17.754545454545454,9.754545454545454,10,0.0,financial_services,ChannelId_3,ProviderId_6,5,110,254772.84,0
CustomerId_4637,60000.0,4285.714285714285,6219.430736113932,-5000.0,11000.0,14,92000.0,6571.428571428572,11.928571428571429,24.428571428571427,8.071428571428571,4,0.0,airtime,ChannelId_3,ProviderId_6,6,14,60000.0,0
CustomerId_4639,201268.0,22363.11111111111,39354.36814524038,-10000.0,115000.0,9,233643.0,25960.333333333332,8.0,20.77777777777778,11.333333333333334,7,0.0,financial_services,ChannelId_3,ProviderId_4,57,9,201268.0,1
CustomerId_4640,20000.0,4000.0,6558.963332722634,-5000.0,10000.0,5,30400.0,6080.0,7.0,16.0,11.0,3,0.0,financial_services,ChannelId_3,ProviderId_4,77,5,20000.0,1
CustomerId_4641,9780.0,1956.0,4552.766192107826,-1000.0,10000.0,5,12220.0,2444.0,18.0,23.0,1.0,2,0.0,financial_services,ChannelId_2,ProviderId_4,8,5,9780.0,0
CustomerId_4642,490.0,245.0,360.62445840513925,-10.0,500.0,2,510.0,255.0,10.0,15.0,1.0,2,0.0,data_bundles,ChannelId_2,ProviderId_4,16,2,490.0,0
CustomerId_4645,3500.0,875.0,12559.027297791285,-10000.0,12000.0,4,43500.0,10875.0,12.25,17.75,3.5,2,0.0,airtime,ChannelId_3,ProviderId_4,1,4,3500.0,0
CustomerId_4647,425.0,141.66666666666666,1264.004878682568,-1000.0,1500.0,3,2575.0,858.3333333333334,14.0,22.0,1.0,2,0.0,financial_services,ChannelId_2,ProviderId_4,9,3,425.0,0
CustomerId_4648,1000.0,1000.0,0.0,1000.0,1000.0,1,1000.0,1000.0,11.0,16.0,11.0,1,0.0,airtime,ChannelId_3,ProviderId_6,76,1,1000.0,1
CustomerId_4649,1000.0,500.0,0.0,500.0,500.0,2,1000.0,500.0,10.0,26.0,12.0,2,0.0,airtime,ChannelId_3,ProviderId_5,36,2,1000.0,1
CustomerId_4650,2000.0,2000.0,0.0,2000.0,2000.0,1,2000.0,2000.0,11.0,30.0,12.0,1,0.0,airtime,ChannelId_3,ProviderId_5,32,1,2000.0,1
CustomerId_4651,8577.0,779.7272727272727,1111.3468487298726,-140.0,2900.0,11,9223.0,838.4545454545455,9.0,19.636363636363637,11.818181818181818,4,0.0,financial_services,ChannelId_3,ProviderId_4,35,11,8577.0,1
CustomerId_4652,1000.0,1000.0,0.0,1000.0,1000.0,1,1000.0,1000.0,5.0,15.0,12.0,1,0.0,airtime,ChannelId_3,ProviderId_1,48,1,1000.0,1
CustomerId_4653,7990.0,1331.6666666666667,1082.5971857836444,-10.0,3000.0,6,8010.0,1335.0,9.166666666666666,17.0,1.0,4,0.0,airtime,ChannelId_3,ProviderId_6,14,6,7990.0,0
CustomerId_4655,60000.0,3333.3333333333335,5546.594079464707,-5000.0,10000.0,18,92000.0,5111.111111111111,9.88888888888889,22.22222222222222,7.111111111111111,4,0.0,airtime,ChannelId_3,ProviderId_6,2,18,60000.0,0
CustomerId_4657,65135.5,2713.9791666666665,10540.057648220336,-5000.0,50000.0,24,97615.0,4067.2916666666665,10.75,18.5,9.25,7,0.0,financial_services,ChannelId_3,ProviderId_4,12,24,65135.5,0
CustomerId_4658,2004.0,668.0,1256.4521479149137,-496.0,2000.0,3,3656.0,1218.6666666666667,13.0,17.333333333333332,11.0,3,0.0,airtime,ChannelId_3,ProviderId_5,73,3,2004.0,1
CustomerId_466,10000.0,10000.0,0.0,10000.0,10000.0,1,10000.0,10000.0,1.0,11.0,1.0,1,0.0,financial_services,ChannelId_3,ProviderId_1,21,1,10000.0,0
CustomerId_4660,5810.0,830.0,930.2150289046076,-100.0,2000.0,7,6190.0,884.2857142857143,16.428571428571427,18.0,4.142857142857143,3,0.0,airtime,ChannelId_3,ProviderId_4,12,7,5810.0,0
CustomerId_4663,130888.0,4674.571428571428,7016.419153346651,-1000.0,20000.0,28,133912.0,4782.571428571428,12.464285714285714,17.142857142857142,1.0,7,0.0,financial_services,ChannelId_3,ProviderId_4,9,28,130888.0,0
CustomerId_4664,8600.0,1075.0,4182.873243528731,-5000.0,10000.0,8,24600.0,3075.0,14.375,16.0,12.0,4,0.0,airtime,ChannelId_3,ProviderId_6,43,8,8600.0,1
CustomerId_4665,31500.0,4500.0,9215.02396451939,-5000.0,20000.0,7,51500.0,7357.142857142857,15.857142857142858,30.0,11.0,5,0.0,airtime,ChannelId_3,ProviderId_6,62,7,31500.0,1
CustomerId_4666,23310.0,666.0,802.0248272525058,-150.0,3000.0,35,25330.0,723.7142857142857,9.942857142857143,14.942857142857143,9.142857142857142,4,0.0,airtime,ChannelId_3,ProviderId_5,3,35,23310.0,0
CustomerId_4667,18810.0,1881.0,3334.217216146009,-1000.0,10000.0,10,21390.0,2139.0,9.0,14.8,9.8,4,0.0,financial_services,ChannelId_2,ProviderId_4,11,10,18810.0,0
CustomerId_4669,5000.0,1250.0,500.0,1000.0,2000.0,4,5000.0,1250.0,10.75,16.75,1.0,3,0.0,airtime,ChannelId_3,ProviderId_6,14,4,5000.0,0
CustomerId_467,5000.0,5000.0,0.0,5000.0,5000.0,1,5000.0,5000.0,8.0,19.0,11.0,1,0.0,financial_services,ChannelId_3,ProviderId_1,74,1,5000.0,1
CustomerId_4670,152000.0,25333.333333333332,38471.634572327006,500.0,75000.0,6,152000.0,25333.333333333332,9.0,12.0,12.0,3,0.0,financial_services,ChannelId_3,ProviderId_5,51,6,152000.0,1
CustomerId_4671,15978.0,3195.6,4816.834728325231,-1000.0,9000.0,5,20356.0,4071.2,17.4,28.0,1.0,3,0.0,financial_services,ChannelId_3,ProviderId_4,3,5,15978.0,0
CustomerId_4672,774000.0,38700.0,59392.30855750156,-5000.0,240000.0,20,806000.0,40300.0,11.45,14.8,6.5,4,0.0,financial_services,ChannelId_3,ProviderId_3,10,20,774000.0,0
CustomerId_4673,2000.0,500.0,0.0,500.0,500.0,4,2000.0,500.0,6.0,9.0,12.0,2,0.0,airtime,ChannelId_3,ProviderId_5,54,4,2000.0,1
CustomerId_4674,-510.0,-170.0,762.6925986267338,-1000.0,500.0,3,1510.0,503.3333333333333,13.0,21.0,12.0,2,0.0,financial_services,ChannelId_2,ProviderId_4,41,3,-510.0,1
CustomerId_4677,1000.0,1000.0,0.0,1000.0,1000.0,1,1000.0,1000.0,4.0,4.0,1.0,1,0.0,airtime,ChannelId_3,ProviderId_5,28,1,1000.0,0
CustomerId_4678,1500.0,750.0,353.5533905932738,500.0,1000.0,2,1500.0,750.0,19.0,19.0,11.0,2,0.0,airtime,ChannelId_3,ProviderId_5,73,2,1500.0,1
CustomerId_468,117371.0,23474.2,25731.61145750495,-1629.0,50000.0,5,126129.0,25225.8,11.8,24.6,1.0,3,0.0,financial_services,ChannelId_3,ProviderId_1,3,5,117371.0,0
CustomerId_4680,76546.0,4252.555555555556,9279.263403970244,-5000.0,30000.0,18,88854.0,4936.333333333333,13.11111111111111,13.38888888888889,12.0,6,0.0,financial_services,ChannelId_3,ProviderId_6,38,18,76546.0,1
CustomerId_4682,6800.0,1133.3333333333333,1965.6211910402947,-1000.0,4000.0,6,9200.0,1533.3333333333333,15.0,7.333333333333333,1.0,4,0.0,financial_services,ChannelId_2,ProviderId_4,16,6,6800.0,0
CustomerId_4683,1000.0,500.0,0.0,500.0,500.0,2,1000.0,500.0,5.0,19.5,11.0,2,0.0,airtime,ChannelId_3,ProviderId_6,69,2,1000.0,1
CustomerId_4684,-20.0,-6.666666666666667,1000.0666644445926,-1000.0,1000.0,3,2020.0,673.3333333333334,7.0,5.0,12.0,2,0.0,financial_services,ChannelId_2,ProviderId_4,58,3,-20.0,1
CustomerId_4686,60000.0,3529.4117647058824,7262.124749847867,-5000.0,15000.0,17,112400.0,6611.764705882353,11.764705882352942,25.764705882352942,11.294117647058824,4,0.0,airtime,ChannelId_3,ProviderId_4,41,17,60000.0,1
CustomerId_4687,2000.0,1000.0,0.0,1000.0,1000.0,2,2000.0,1000.0,21.0,15.0,1.0,1,0.0,financial_services,ChannelId_3,ProviderId_5,16,2,2000.0,0
CustomerId_4688,8500.0,1700.0,3027.9943857279522,-1000.0,5000.0,5,11500.0,2300.0,6.8,21.0,11.0,2,0.0,financial_services,ChannelId_2,ProviderId_4,72,5,8500.0,1
CustomerId_4689,15100.0,580.7692307692307,878.6440602515814,-1000.0,2000.0,26,18900.0,726.9230769230769,11.923076923076923,18.692307692307693,1.0,3,0.0,financial_services,ChannelId_2,ProviderId_4,4,26,15100.0,0
CustomerId_4691,3000.0,1000.0,0.0,1000.0,1000.0,3,3000.0,1000.0,17.0,27.666666666666668,11.0,1,0.0,airtime,ChannelId_3,ProviderId_6,64,3,3000.0,1
CustomerId_4694,4490.0,449.0,599.452528006458,-1000.0,1000.0,10,6510.0,651.0,12.8,8.0,1.0,4,0.0,financial_services,ChannelId_3,ProviderId_5,21,10,4490.0,0
CustomerId_4697,30325.0,1263.5416666666667,5068.803666239604,-10000.0,10550.0,24,81875.0,3411.4583333333335,17.333333333333332,14.541666666666666,3.75,6,0.0,airtime,ChannelId_3,ProviderId_5,8,24,30325.0,0
CustomerId_4698,8100.0,1620.0,2302.878633363035,-250.0,5000.0,5,8900.0,1780.0,12.0,20.8,11.0,3,0.0,airtime,ChannelId_3,ProviderId_4,66,5,8100.0,1
CustomerId_470,83500.0,5218.75,9698.176374968647,-5000.0,26000.0,16,98500.0,6156.25,8.5625,10.8125,11.75,5,0.0,financial_services,ChannelId_3,ProviderId_6,45,16,83500.0,1
CustomerId_4701,25950.0,2162.5,2543.0051120672174,-250.0,5000.0,12,28050.0,2337.5,15.583333333333334,18.166666666666668,3.75,4,0.0,airtime,ChannelId_3,ProviderId_4,2,12,25950.0,0
CustomerId_4702,20000.0,4000.0,6745.368781616021,-5000.0,10000.0,5,32000.0,6400.0,19.8,25.0,1.0,3,0.0,financial_services,ChannelId_3,ProviderId_4,6,5,20000.0,0
CustomerId_4703,234420.0,7561.935483870968,10850.337066762744,-220.0,25000.0,31,235580.0,7599.354838709677,10.483870967741936,18.35483870967742,11.0,5,0.0,financial_services,ChannelId_3,ProviderId_4,73,31,234420.0,1
CustomerId_4704,10725.46,536.2729999999999,3489.2518441110883,-5000.0,10000.0,20,37365.0,1868.25,10.8,19.8,1.0,6,0.0,airtime,ChannelId_5,ProviderId_4,1,20,10725.46,0
CustomerId_4706,130000.0,130000.0,0.0,130000.0,130000.0,1,130000.0,130000.0,7.0,10.0,12.0,1,0.0,airtime,ChannelId_3,ProviderId_1,53,1,130000.0,1
CustomerId_4708,151618.0,3790.45,9070.138502744836,-5000.0,45000.0,40,188712.0,4717.8,14.975,22.075,1.0,9,0.0,financial_services,ChannelId_3,ProviderId_6,2,40,151618.0,0
CustomerId_4709,19000.0,3166.6666666666665,7626.707459098367,-5000.0,10000.0,6,41000.0,6833.333333333333,16.166666666666668,28.0,12.0,3,0.0,airtime,ChannelId_2,ProviderId_4,34,6,19000.0,1
CustomerId_471,87308.0,1343.2,3937.60283278418,-1000.0,30000.0,65,90292.0,1389.1076923076923,12.261538461538462,19.46153846153846,2.8615384615384616,6,0.0,financial_services,ChannelId_3,ProviderId_6,3,65,87308.0,0
CustomerId_4710,79000.0,3950.0,8236.472162534792,-5000.0,20000.0,20,161000.0,8050.0,15.75,16.95,4.3,3,0.0,airtime,ChannelId_3,ProviderId_4,5,20,79000.0,0
CustomerId_4711,1958499.0,7173.989010989011,24655.239711797614,-5000.0,283000.0,273,2111551.0,7734.619047619048,14.523809523809524,11.71062271062271,9.813186813186814,9,0.0,financial_services,ChannelId_3,ProviderId_4,4,273,1958499.0,0
CustomerId_4712,20000.0,3333.3333333333335,7814.516406449389,-5000.0,11000.0,6,42000.0,7000.0,12.0,25.166666666666668,1.0,3,0.0,airtime,ChannelId_2,ProviderId_4,5,6,20000.0,0
CustomerId_4713,38380.0,2398.75,2955.3225994240743,-1000.0,10000.0,16,41620.0,2601.25,12.3125,26.0,1.0,5,0.0,financial_services,ChannelId_3,ProviderId_4,1,16,38380.0,0
CustomerId_4714,1000.0,1000.0,0.0,1000.0,1000.0,1,1000.0,1000.0,7.0,19.0,12.0,1,0.0,airtime,ChannelId_3,ProviderId_5,44,1,1000.0,1
CustomerId_4715,19000.0,3800.0,6685.805860178712,-5000.0,10000.0,5,31000.0,6200.0,12.0,28.0,12.0,3,0.0,financial_services,ChannelId_3,ProviderId_4,34,5,19000.0,1
CustomerId_4719,80000.0,4705.882352941177,6302.427170169769,-5000.0,10000.0,17,122000.0,7176.470588235294,13.352941176470589,21.235294117647058,6.823529411764706,3,0.0,financial_services,ChannelId_3,ProviderId_6,6,17,80000.0,0
CustomerId_4721,900.0,300.0,1539.4804318340653,-1000.0,2000.0,3,3100.0,1033.3333333333333,17.0,1.0,1.0,2,0.0,financial_services,ChannelId_2,ProviderId_4,30,3,900.0,0
CustomerId_4722,77510.0,1250.1612903225807,1879.0872321470283,-1000.0,10000.0,62,81890.0,1320.8064516129032,15.887096774193548,20.096774193548388,10.370967741935484,6,0.0,financial_services,ChannelId_3,ProviderId_6,24,62,77510.0,0
CustomerId_4725,60000.0,4000.0,6071.008388821651,-5000.0,11000.0,15,92000.0,6133.333333333333,13.8,22.666666666666668,6.133333333333334,4,0.0,airtime,ChannelId_3,ProviderId_6,6,15,60000.0,0
CustomerId_4727,14000.0,3500.0,7681.145747868608,-5000.0,10000.0,4,26000.0,6500.0,12.5,10.75,1.0,3,0.0,financial_services,ChannelId_2,ProviderId_4,20,4,14000.0,0
CustomerId_4728,118238.0,7389.875,21905.291969065376,-5000.0,85000.0,16,132512.0,8282.0,13.875,26.6875,1.6875,5,0.0,financial_services,ChannelId_2,ProviderId_4,1,16,118238.0,0
CustomerId_473,3000.0,1000.0,0.0,1000.0,1000.0,3,3000.0,1000.0,18.333333333333332,18.0,12.0,1,0.0,financial_services,ChannelId_3,ProviderId_3,44,3,3000.0,1
CustomerId_4732,85740.0,1504.2105263157894,3094.062255450188,-5000.0,11500.0,57,100070.0,1755.6140350877192,12.087719298245615,18.526315789473685,11.421052631578947,6,0.0,financial_services,ChannelId_3,ProviderId_6,53,57,85740.0,1
CustomerId_4734,1950.0,487.5,1297.674201536477,-1000.0,2000.0,4,4050.0,1012.5,20.5,23.0,12.0,3,0.0,financial_services,ChannelId_2,ProviderId_4,36,4,1950.0,1
CustomerId_4737,31500.0,3937.5,5128.265510175653,-1000.0,15000.0,8,34500.0,4312.5,15.875,27.25,1.0,3,0.0,airtime,ChannelId_3,ProviderId_5,4,8,31500.0,0
CustomerId_4738,22935.0,1207.1052631578948,1673.3991651969566,-250.0,6000.0,19,24065.0,1266.578947368421,10.31578947368421,19.68421052631579,6.2105263157894735,4,0.0,financial_services,ChannelId_3,ProviderId_5,2,19,22935.0,0
CustomerId_474,21500.0,1791.6666666666667,3068.448922155751,-1000.0,10000.0,12,24500.0,2041.6666666666667,12.75,22.5,10.166666666666666,4,0.0,financial_services,ChannelId_3,ProviderId_4,31,12,21500.0,1
CustomerId_4740,3460.0,494.2857142857143,960.9519090092757,-1000.0,2000.0,7,5540.0,791.4285714285714,14.0,25.428571428571427,12.0,4,0.0,financial_services,ChannelId_3,ProviderId_4,36,7,3460.0,1
CustomerId_4741,110000.0,5000.0,6218.25270205921,-5000.0,10000.0,22,162000.0,7363.636363636364,10.5,17.636363636363637,3.5,3,0.0,financial_services,ChannelId_3,ProviderId_6,6,22,110000.0,0
CustomerId_4742,10700.0,1528.5714285714287,2473.5024329307394,-1000.0,5000.0,7,13300.0,1900.0,8.285714285714286,27.714285714285715,12.0,3,0.0,financial_services,ChannelId_3,ProviderId_4,32,7,10700.0,1
CustomerId_4744,1500.0,750.0,353.5533905932738,500.0,1000.0,2,1500.0,750.0,18.0,10.0,12.0,2,0.0,airtime,ChannelId_3,ProviderId_5,52,2,1500.0,1
CustomerId_4746,34000.0,4250.0,5092.010548749033,-5000.0,10000.0,8,46000.0,5750.0,19.0,30.0,11.0,3,0.0,financial_services,ChannelId_3,ProviderId_1,62,8,34000.0,1
CustomerId_4748,67695.0,593.8157894736842,644.5373941765123,-100.0,2000.0,114,73505.0,644.780701754386,12.289473684210526,17.885964912280702,8.008771929824562,3,0.0,airtime,ChannelId_3,ProviderId_5,4,114,67695.0,0
CustomerId_4749,5500.0,785.7142857142857,906.3269671749657,-1000.0,2000.0,7,7500.0,1071.4285714285713,14.142857142857142,8.428571428571429,1.0,3,0.0,airtime,ChannelId_3,ProviderId_5,23,7,5500.0,0
CustomerId_4750,10000.0,10000.0,0.0,10000.0,10000.0,1,10000.0,10000.0,19.0,19.0,12.0,1,0.0,financial_services,ChannelId_3,ProviderId_5,43,1,10000.0,1
CustomerId_4753,-20.0,-1.6666666666666667,879.0576910774538,-2000.0,1000.0,12,8020.0,668.3333333333334,15.666666666666666,20.666666666666668,1.0,4,0.0,financial_services,ChannelId_3,ProviderId_4,6,12,-20.0,0
CustomerId_4754,-430.0,-143.33333333333334,805.9983457385836,-1000.0,600.0,3,1630.0,543.3333333333334,5.0,25.0,12.0,2,0.0,financial_services,ChannelId_2,ProviderId_4,38,3,-430.0,1
CustomerId_4755,5000.0,5000.0,0.0,5000.0,5000.0,1,5000.0,5000.0,9.0,26.0,12.0,1,0.0,financial_services,ChannelId_3,ProviderId_5,37,1,5000.0,1
CustomerId_4756,10000.0,5000.0,0.0,5000.0,5000.0,2,10000.0,5000.0,12.5,28.0,11.0,1,0.0,airtime,ChannelId_3,ProviderId_1,64,2,10000.0,1
CustomerId_4757,900.0,180.0,843.0599029724993,-1000.0,1000.0,5,3100.0,620.0,13.6,29.4,12.0,2,0.0,financial_services,ChannelId_2,ProviderId_4,33,5,900.0,1
CustomerId_4759,12120.0,432.85714285714283,526.0763720281964,-50.0,2000.0,28,12980.0,463.57142857142856,10.75,24.5,9.214285714285714,3,0.0,airtime,ChannelId_3,ProviderId_4,1,28,12120.0,0
CustomerId_4763,5000.0,5000.0,0.0,5000.0,5000.0,1,5000.0,5000.0,20.0,12.0,12.0,1,0.0,financial_services,ChannelId_3,ProviderId_5,50,1,5000.0,1
CustomerId_4766,18475.0,1847.5,2537.39942329412,-1000.0,5000.0,10,22325.0,2232.5,14.7,19.7,1.0,2,0.0,airtime,ChannelId_2,ProviderId_4,7,10,18475.0,0
CustomerId_4768,24990.0,757.2727272727273,957.7537938037387,-1000.0,3000.0,33,29300.0,887.8787878787879,14.878787878787879,12.151515151515152,11.666666666666666,7,0.0,financial_services,ChannelId_3,ProviderId_6,31,33,24990.0,0
CustomerId_4769,130000.0,130000.0,0.0,130000.0,130000.0,1,130000.0,130000.0,11.0,7.0,12.0,1,0.0,financial_services,ChannelId_3,ProviderId_5,55,1,130000.0,1
CustomerId_4770,19000.0,3166.6666666666665,7626.707459098367,-5000.0,10000.0,6,41000.0,6833.333333333333,18.0,7.0,12.0,3,0.0,airtime,ChannelId_2,ProviderId_4,55,6,19000.0,1
CustomerId_4772,500.0,500.0,0.0,500.0,500.0,1,500.0,500.0,19.0,22.0,11.0,1,0.0,airtime,ChannelId_3,ProviderId_5,70,1,500.0,1
CustomerId_4773,16000.0,4000.0,1154.7005383792514,3000.0,5000.0,4,16000.0,4000.0,10.5,20.25,12.0,1,0.0,financial_services,ChannelId_3,ProviderId_5,41,4,16000.0,1
CustomerId_4774,430000.0,6515.151515151515,8720.290087345673,-5000.0,20000.0,66,614200.0,9306.060606060606,8.212121212121213,18.303030303030305,8.606060606060606,4,0.0,financial_services,ChannelId_3,ProviderId_6,6,66,430000.0,0
CustomerId_4775,184760.0,2280.9876543209875,6081.966705955047,-13000.0,30000.0,81,273460.0,3376.0493827160494,10.358024691358025,15.851851851851851,6.9753086419753085,7,0.0,financial_services,ChannelId_3,ProviderId_6,2,81,184760.0,0
CustomerId_4776,1440.0,360.0,494.70529947973404,-50.0,1000.0,4,1560.0,390.0,6.5,20.0,11.0,3,0.0,airtime,ChannelId_2,ProviderId_4,72,4,1440.0,1
CustomerId_4777,8000.0,800.0,752.772652709081,-1000.0,2000.0,10,10000.0,1000.0,14.3,6.1,1.0,3,0.0,airtime,ChannelId_3,ProviderId_5,25,10,8000.0,0
CustomerId_4779,20000.0,4000.0,6745.368781616021,-5000.0,10000.0,5,32000.0,6400.0,15.0,18.0,1.0,3,0.0,financial_services,ChannelId_3,ProviderId_4,13,5,20000.0,0
CustomerId_478,19200.0,3840.0,6732.235884162112,-5000.0,10100.0,5,31200.0,6240.0,13.0,28.0,12.0,3,0.0,financial_services,ChannelId_3,ProviderId_4,34,5,19200.0,1
CustomerId_4781,-7776.0,-432.0,3181.996062407443,-13000.0,1108.0,18,21646.0,1202.5555555555557,12.722222222222221,20.22222222222222,11.444444444444445,7,0.0,financial_services,ChannelId_3,ProviderId_4,43,18,-7776.0,1
CustomerId_4782,72660.0,1297.5,1773.6467312496948,-1000.0,10000.0,56,76340.0,1363.2142857142858,11.642857142857142,22.0,2.5714285714285716,5,0.0,financial_services,ChannelId_3,ProviderId_6,3,56,72660.0,0
CustomerId_4785,117940.0,1145.0485436893205,1370.9034331821485,-140.0,7000.0,103,121660.0,1181.1650485436894,11.689320388349515,21.24271844660194,6.106796116504855,4,0.0,financial_services,ChannelId_3,ProviderId_5,3,103,117940.0,0
CustomerId_4786,500.0,500.0,0.0,500.0,500.0,1,500.0,500.0,18.0,15.0,1.0,1,0.0,airtime,ChannelId_3,ProviderId_5,16,1,500.0,0
CustomerId_4787,7425.0,1060.7142857142858,1181.7939349827045,-1000.0,2000.0,7,9575.0,1367.857142857143,10.285714285714286,26.0,1.0,3,0.0,airtime,ChannelId_3,ProviderId_3,2,7,7425.0,0
CustomerId_4788,19000.0,3166.6666666666665,7626.707459098367,-5000.0,10000.0,6,41000.0,6833.333333333333,21.0,21.0,12.0,3,0.0,airtime,ChannelId_2,ProviderId_4,41,6,19000.0,1
CustomerId_4789,500.0,500.0,0.0,500.0,500.0,1,500.0,500.0,7.0,23.0,11.0,1,0.0,airtime,ChannelId_3,ProviderId_5,70,1,500.0,1
CustomerId_4790,10000.0,10000.0,0.0,10000.0,10000.0,1,10000.0,10000.0,19.0,6.0,1.0,1,0.0,financial_services,ChannelId_1,ProviderId_5,25,1,10000.0,0
CustomerId_4791,12860.0,714.4444444444445,815.9456601155729,-1000.0,3000.0,18,15140.0,841.1111111111111,7.777777777777778,17.333333333333332,12.0,5,0.0,financial_services,ChannelId_3,ProviderId_5,42,18,12860.0,1
CustomerId_4792,10000.0,10000.0,0.0,10000.0,10000.0,1,10000.0,10000.0,13.0,30.0,11.0,1,0.0,financial_services,ChannelId_3,ProviderId_5,62,1,10000.0,1
CustomerId_4794,38435.0,960.875,3184.8654295726815,-1000.0,20000.0,40,41565.0,1039.125,16.2,29.0,12.0,6,0.0,financial_services,ChannelId_2,ProviderId_4,33,40,38435.0,1
CustomerId_4796,1490.0,372.5,255.0,-10.0,500.0,4,1510.0,377.5,16.75,8.0,12.0,3,0.0,financial_services,ChannelId_3,ProviderId_5,50,4,1490.0,1
CustomerId_4799,2980.0,496.6666666666667,839.08680520353,-1000.0,1000.0,6,5020.0,836.6666666666666,18.833333333333332,29.0,1.0,3,0.0,data_bundles,ChannelId_3,ProviderId_5,2,6,2980.0,0
CustomerId_480,30000.0,5000.0,10411.532067856297,-5000.0,21000.0,6,52000.0,8666.666666666666,12.166666666666666,25.166666666666668,1.0,3,0.0,airtime,ChannelId_2,ProviderId_4,5,6,30000.0,0
CustomerId_4801,180620.0,824.7488584474886,885.7168381444174,-250.0,5000.0,219,192380.0,878.4474885844749,15.296803652968036,18.26027397260274,7.703196347031963,4,0.0,airtime,ChannelId_3,ProviderId_5,2,219,180620.0,0
CustomerId_4803,21000.0,2625.0,2875.388172552906,-2000.0,5000.0,8,33000.0,4125.0,14.125,20.125,12.0,4,0.0,financial_services,ChannelId_3,ProviderId_5,42,8,21000.0,1
CustomerId_4805,60000.0,4615.384615384615,6357.914510519697,-5000.0,10000.0,13,92000.0,7076.923076923077,11.538461538461538,17.46153846153846,1.0,3,0.0,financial_services,ChannelId_3,ProviderId_6,6,13,60000.0,0
CustomerId_4806,68912.5,2871.3541666666665,10091.91553808334,-1000.0,50000.0,24,72388.0,3016.1666666666665,12.083333333333334,21.0,8.791666666666666,5,0.0,airtime,ChannelId_3,ProviderId_5,3,24,68912.5,0
CustomerId_4808,74000.0,24666.666666666668,47961.7903474561,-5000.0,80000.0,3,86000.0,28666.666666666668,12.0,15.0,12.0,2,0.0,financial_services,ChannelId_2,ProviderId_4,47,3,74000.0,1
CustomerId_4809,109004.0,3516.2580645161293,7414.850719862772,-5000.0,26000.0,31,156738.0,5056.064516129032,13.258064516129032,18.516129032258064,5.741935483870968,5,0.0,airtime,ChannelId_3,ProviderId_5,1,31,109004.0,0
CustomerId_4812,307946.0,5132.433333333333,14577.109113748318,-5000.0,100000.0,60,408844.0,6814.066666666667,13.683333333333334,16.666666666666668,7.533333333333333,8,0.0,financial_services,ChannelId_2,ProviderId_4,6,60,307946.0,0
CustomerId_4813,169930.0,1530.900900900901,3715.3701759899436,-10000.0,20000.0,111,196440.0,1769.7297297297298,13.72072072072072,23.27927927927928,10.225225225225225,8,0.0,financial_services,ChannelId_3,ProviderId_6,3,111,169930.0,0
CustomerId_4814,173664.0,2144.0,5863.301987788111,-5000.0,30000.0,81,230606.0,2846.9876543209875,13.283950617283951,17.469135802469136,8.432098765432098,7,0.0,airtime,ChannelId_3,ProviderId_4,7,81,173664.0,0
CustomerId_4815,39000.0,5571.428571428572,9431.456989902512,-5000.0,20000.0,7,61000.0,8714.285714285714,13.0,21.0,12.0,4,0.0,financial_services,ChannelId_3,ProviderId_4,41,7,39000.0,1
CustomerId_4816,12160.0,640.0,3071.6838487491946,-10000.0,3640.0,19,41260.0,2171.5789473684213,12.052631578947368,13.473684210526315,2.736842105263158,6,0.0,financial_services,ChannelId_3,ProviderId_5,8,19,12160.0,0
CustomerId_4817,336819.0,2131.76582278481,3771.1797207522495,-6000.0,15000.0,158,487649.0,3086.3860759493673,9.848101265822784,16.79746835443038,5.8354430379746836,8,0.0,airtime,ChannelId_3,ProviderId_4,1,158,336819.0,0
CustomerId_4818,111152.0,6947.0,7475.59588706256,-5000.0,16000.0,16,131538.0,8221.125,7.9375,14.5625,12.0,6,0.0,financial_services,ChannelId_3,ProviderId_6,38,16,111152.0,1
CustomerId_4822,500.0,500.0,0.0,500.0,500.0,1,500.0,500.0,15.0,20.0,1.0,1,0.0,airtime,ChannelId_3,ProviderId_5,11,1,500.0,0
CustomerId_4823,2500.0,1250.0,1060.6601717798212,500.0,2000.0,2,2500.0,1250.0,7.0,18.0,11.0,2,0.0,airtime,ChannelId_3,ProviderId_3,75,2,2500.0,1
CustomerId_4824,511700.0,6091.666666666667,8218.099453921091,-5000.0,50000.0,84,703700.0,8377.380952380952,9.428571428571429,9.702380952380953,10.69047619047619,6,0.0,airtime,ChannelId_3,ProviderId_6,6,84,511700.0,0
CustomerId_4825,1000.0,1000.0,0.0,1000.0,1000.0,1,1000.0,1000.0,20.0,28.0,1.0,1,0.0,airtime,ChannelId_3,ProviderId_1,3,1,1000.0,0
CustomerId_4827,95524.0,1164.9268292682927,2046.0671626528097,-58.0,9400.0,82,98076.0,1196.0487804878048,13.890243902439025,24.451219512195124,4.804878048780488,5,0.0,financial_services,ChannelId_3,ProviderId_6,1,82,95524.0,0
CustomerId_4828,10550.0,959.0909090909091,1301.3105282403162,-1000.0,3000.0,11,13450.0,1222.7272727272727,19.0,23.09090909090909,1.0,3,0.0,airtime,ChannelId_3,ProviderId_4,7,11,10550.0,0
CustomerId_483,87350.0,1105.6962025316457,1739.1699195558663,-150.0,10000.0,79,91450.0,1157.5949367088608,11.873417721518987,20.50632911392405,10.050632911392405,5,0.0,financial_services,ChannelId_3,ProviderId_6,6,79,87350.0,0
CustomerId_4830,2000.0,2000.0,0.0,2000.0,2000.0,1,2000.0,2000.0,11.0,28.0,1.0,1,0.0,financial_services,ChannelId_3,ProviderId_5,3,1,2000.0,0
CustomerId_4831,1000.0,1000.0,0.0,1000.0,1000.0,1,1000.0,1000.0,13.0,20.0,12.0,1,0.0,financial_services,ChannelId_3,ProviderId_5,42,1,1000.0,1
CustomerId_4832,41000.0,4100.0,6190.494505467413,-5000.0,10000.0,10,63000.0,6300.0,12.3,22.6,7.6,3,0.0,financial_services,ChannelId_3,ProviderId_6,6,10,41000.0,0
CustomerId_4833,181511.3,4221.193023255813,8920.651314663482,-9500.0,35375.0,43,244917.0,5695.7441860465115,12.69767441860465,16.372093023255815,2.7906976744186047,4,0.0,financial_services,ChannelId_3,ProviderId_4,6,43,181511.3,0
CustomerId_4834,245554.0,3720.5151515151515,7291.291294820195,-5000.0,30000.0,66,461193.0,6987.772727272727,13.484848484848484,18.560606060606062,6.0,7,0.0,airtime,ChannelId_3,ProviderId_6,2,66,245554.0,0
CustomerId_4835,39000.0,3900.0,6779.70828608757,-5000.0,10700.0,10,62400.0,6240.0,12.1,10.5,12.0,3,0.0,airtime,ChannelId_2,ProviderId_4,49,10,39000.0,1
CustomerId_4836,2000.0,2000.0,0.0,2000.0,2000.0,1,2000.0,2000.0,20.0,22.0,11.0,1,0.0,airtime,ChannelId_3,ProviderId_6,70,1,2000.0,1
CustomerId_4837,20000.0,3333.3333333333335,6088.2400303098,-5000.0,10000.0,6,32000.0,5333.333333333333,10.0,11.0,1.0,3,0.0,airtime,ChannelId_3,ProviderId_6,20,6,20000.0,0
CustomerId_4838,2000.0,2000.0,0.0,2000.0,2000.0,1,2000.0,2000.0,6.0,15.0,1.0,1,0.0,airtime,ChannelId_3,ProviderId_5,17,1,2000.0,0
CustomerId_4839,10939.0,643.4705882352941,1276.6345462605507,-1000.0,5000.0,17,13261.0,780.0588235294117,12.705882352941176,27.41176470588235,1.0,5,0.0,financial_services,ChannelId_3,ProviderId_4,1,17,10939.0,0
CustomerId_4840,594714.2,2805.2556603773583,9546.50089286911,-5000.0,100000.0,212,662664.0,3125.7735849056603,14.778301886792454,25.132075471698112,7.589622641509434,8,0.0,financial_services,ChannelId_3,ProviderId_6,7,212,594714.2,0
CustomerId_4843,26875.0,1033.6538461538462,1443.4012316000756,-1000.0,5000.0,26,29965.0,1152.5,10.76923076923077,27.653846153846153,1.0,5,0.0,financial_services,ChannelId_3,ProviderId_5,2,26,26875.0,0
CustomerId_4845,1200.0,600.0,0.0,600.0,600.0,2,1200.0,600.0,11.5,5.0,1.0,1,0.0,financial_services,ChannelId_3,ProviderId_1,26,2,1200.0,0
CustomerId_4846,689732.0,3918.931818181818,8142.570126784934,-5000.0,32200.0,176,1000124.0,5682.522727272727,11.176136363636363,17.03409090909091,9.596590909090908,6,0.0,airtime,ChannelId_3,ProviderId_6,7,176,689732.0,0
CustomerId_4847,80000.0,3636.3636363636365,5711.68772110106,-5000.0,10000.0,22,122000.0,5545.454545454545,10.045454545454545,21.863636363636363,7.0,4,0.0,airtime,ChannelId_3,ProviderId_6,7,22,80000.0,0
CustomerId_4848,34960.0,5826.666666666667,13347.668960034433,-1000.0,33000.0,6,38030.0,6338.333333333333,9.333333333333334,8.666666666666666,12.0,3,0.0,airtime,ChannelId_3,ProviderId_5,50,6,34960.0,1
CustomerId_485,14340.0,623.4782608695652,667.5045706050679,-75.0,2000.0,23,15460.0,672.1739130434783,11.347826086956522,17.217391304347824,10.826086956521738,4,0.0,airtime,ChannelId_3,ProviderId_4,30,23,14340.0,0
CustomerId_4851,-8920.0,-1486.6666666666667,11093.736370883647,-14000.0,15120.0,6,47160.0,7860.0,18.166666666666668,18.666666666666668,12.0,4,0.0,airtime,ChannelId_3,ProviderId_4,42,6,-8920.0,1
CustomerId_4854,50000.0,3846.153846153846,9397.217264046432,-5000.0,25000.0,13,104400.0,8030.7692307692305,9.461538461538462,20.153846153846153,11.153846153846153,6,0.0,financial_services,ChannelId_3,ProviderId_4,22,13,50000.0,0
CustomerId_4855,1425.0,356.25,498.48729505708906,-50.0,1000.0,4,1575.0,393.75,17.0,19.5,11.0,3,0.0,airtime,ChannelId_2,ProviderId_4,71,4,1425.0,1
CustomerId_4856,4945.0,549.4444444444445,472.24493409435087,-25.0,1000.0,9,5055.0,561.6666666666666,14.777777777777779,9.555555555555555,12.0,4,0.0,financial_services,ChannelId_3,ProviderId_4,51,9,4945.0,1
CustomerId_4858,195144.0,2748.507042253521,7461.487951710512,-5000.0,50000.0,71,224726.0,3165.154929577465,12.112676056338028,16.577464788732396,9.450704225352112,10,0.0,financial_services,ChannelId_3,ProviderId_6,23,71,195144.0,0
CustomerId_4859,200000.0,200000.0,0.0,200000.0,200000.0,1,200000.0,200000.0,5.0,9.0,12.0,1,0.0,financial_services,ChannelId_3,ProviderId_5,54,1,200000.0,1
CustomerId_4861,51360.0,969.0566037735849,1181.589972079576,-1000.0,5000.0,53,56040.0,1057.3584905660377,13.433962264150944,19.20754716981132,6.188679245283019,5,0.0,airtime,ChannelId_3,ProviderId_4,1,53,51360.0,0
CustomerId_4863,-510.0,-170.0,762.6925986267338,-1000.0,500.0,3,1510.0,503.3333333333333,18.0,11.0,1.0,2,0.0,financial_services,ChannelId_2,ProviderId_4,20,3,-510.0,0
CustomerId_4864,100600.0,3353.3333333333335,3178.563255279985,-1000.0,10000.0,30,102600.0,3420.0,15.0,6.9,1.0,4,0.0,airtime,ChannelId_3,ProviderId_6,24,30,100600.0,0
CustomerId_4865,3000.0,1000.0,7937.253933193771,-5000.0,10000.0,3,21000.0,7000.0,11.0,22.333333333333332,11.0,2,0.0,financial_services,ChannelId_2,ProviderId_4,70,3,3000.0,1
CustomerId_4866,10000.0,2500.0,6757.711644237764,-5000.0,10000.0,4,22000.0,5500.0,16.0,25.0,1.0,2,0.0,airtime,ChannelId_2,ProviderId_4,6,4,10000.0,0
CustomerId_4867,104930.0,2498.3333333333335,4480.505103639526,-5000.0,16000.0,42,136308.0,3245.4285714285716,16.357142857142858,18.047619047619047,6.190476190476191,5,0.0,airtime,ChannelId_3,ProviderId_6,1,42,104930.0,0
CustomerId_4868,1000.0,1000.0,0.0,1000.0,1000.0,1,1000.0,1000.0,3.0,9.0,1.0,1,0.0,financial_services,ChannelId_3,ProviderId_5,23,1,1000.0,0
CustomerId_487,5000.0,5000.0,0.0,5000.0,5000.0,1,5000.0,5000.0,9.0,14.0,1.0,1,0.0,financial_services,ChannelId_3,ProviderId_1,18,1,5000.0,0
CustomerId_4870,11448.0,763.2,965.3212048698757,-1000.0,2500.0,15,13852.0,923.4666666666667,11.666666666666666,19.066666666666666,12.0,5,0.0,financial_services,ChannelId_3,ProviderId_4,37,15,11448.0,1
CustomerId_4872,20000.0,2857.1428571428573,7160.506765785306,-5000.0,10700.0,7,41400.0,5914.285714285715,13.0,16.0,11.0,3,0.0,financial_services,ChannelId_2,ProviderId_4,76,7,20000.0,1
CustomerId_4873,813355.0,4812.751479289941,14250.08962159832,-10000.0,105000.0,169,927969.0,5490.940828402367,11.272189349112425,19.31360946745562,9.31360946745562,11,0.0,financial_services,ChannelId_3,ProviderId_6,1,169,813355.0,0
CustomerId_4875,10000.0,5000.0,0.0,5000.0,5000.0,2,10000.0,5000.0,13.0,14.0,12.0,2,0.0,airtime,ChannelId_3,ProviderId_5,48,2,10000.0,1
CustomerId_4877,86255.0,6635.0,13067.949660651948,-5000.0,37000.0,13,122645.0,9434.23076923077,15.846153846153847,22.923076923076923,11.461538461538462,4,0.0,airtime,ChannelId_3,ProviderId_4,34,13,86255.0,1
CustomerId_4878,50804960.0,247829.07317073172,481438.10289510206,-12000.0,3000000.0,205,50912840.0,248355.31707317074,13.55609756097561,16.848780487804877,12.0,3,22.0,financial_services,ChannelId_3,ProviderId_5,36,205,50804960.0,0
CustomerId_4879,1955.0,244.375,600.389382579577,-1000.0,1000.0,8,4045.0,505.625,9.75,26.25,1.0,4,0.0,airtime,ChannelId_3,ProviderId_4,1,8,1955.0,0
CustomerId_488,36202.0,6033.666666666667,7389.28482782107,-1000.0,15000.0,6,41448.0,6908.0,8.666666666666666,13.0,1.0,4,0.0,financial_services,ChannelId_2,ProviderId_4,17,6,36202.0,0
CustomerId_4880,19000.0,3166.6666666666665,7626.707459098367,-5000.0,10000.0,6,41000.0,6833.333333333333,6.0,14.0,12.0,3,0.0,airtime,ChannelId_2,ProviderId_4,49,6,19000.0,1
CustomerId_4882,156909.0,1569.09,4473.83551147529,-10000.0,28000.0,100,285357.0,2853.57,12.88,16.88,7.76,8,0.0,airtime,ChannelId_3,ProviderId_5,2,100,156909.0,0
CustomerId_4884,500.0,500.0,0.0,500.0,500.0,1,500.0,500.0,18.0,13.0,12.0,1,0.0,airtime,ChannelId_3,ProviderId_5,49,1,500.0,1
CustomerId_4887,182500.0,36500.0,40218.15510438041,-5000.0,90000.0,5,197500.0,39500.0,9.4,13.0,12.0,3,0.0,financial_services,ChannelId_3,ProviderId_4,44,5,182500.0,1
CustomerId_4888,962570.0,8830.91743119266,19119.015332874096,-5000.0,100000.0,109,1029430.0,9444.311926605504,12.174311926605505,16.045871559633028,6.853211009174312,6,0.0,financial_services,ChannelId_3,ProviderId_6,2,109,962570.0,0
CustomerId_4889,493113.0,49311.3,53431.07485983955,-1629.0,100000.0,10,538387.0,53838.7,15.2,16.0,1.0,2,0.0,financial_services,ChannelId_2,ProviderId_4,3,10,493113.0,0
CustomerId_489,50000.0,50000.0,0.0,50000.0,50000.0,1,50000.0,50000.0,4.0,24.0,11.0,1,0.0,financial_services,ChannelId_3,ProviderId_1,69,1,50000.0,1
CustomerId_4891,1000.0,1000.0,0.0,1000.0,1000.0,1,1000.0,1000.0,7.0,31.0,1.0,1,0.0,financial_services,ChannelId_3,ProviderId_5,1,1,1000.0,0
CustomerId_4892,106820.0,5622.105263157895,5833.233883864048,-5000.0,10000.0,19,139180.0,7325.263157894737,10.052631578947368,19.157894736842106,3.8947368421052633,3,0.0,financial_services,ChannelId_3,ProviderId_6,7,19,106820.0,0
CustomerId_4893,2000.0,2000.0,0.0,2000.0,2000.0,1,2000.0,2000.0,15.0,16.0,1.0,1,0.0,financial_services,ChannelId_3,ProviderId_5,15,1,2000.0,0
CustomerId_4894,1980.0,660.0,588.8972745734183,-20.0,1000.0,3,2020.0,673.3333333333334,11.666666666666666,8.333333333333334,12.0,3,0.0,financial_services,ChannelId_3,ProviderId_4,54,3,1980.0,1
CustomerId_4895,20625.0,896.7391304347826,2627.350726101231,-5000.0,10000.0,23,34375.0,1494.5652173913043,11.304347826086957,14.782608695652174,12.0,2,0.0,financial_services,ChannelId_2,ProviderId_4,39,23,20625.0,1
CustomerId_4896,110750.0,4259.615384615385,5555.160109857667,-5000.0,15000.0,26,129050.0,4963.461538461538,13.346153846153847,20.0,9.384615384615385,4,0.0,airtime,ChannelId_3,ProviderId_4,1,26,110750.0,0
CustomerId_4898,131120.0,6901.0526315789475,12268.155586602088,-10000.0,33000.0,19,184249.0,9697.315789473685,13.736842105263158,17.105263157894736,5.894736842105263,6,0.0,airtime,ChannelId_1,ProviderId_4,14,19,131120.0,0
CustomerId_4900,8810.0,881.0,1691.544002120876,-1000.0,5000.0,10,11190.0,1119.0,13.0,13.3,5.4,5,0.0,financial_services,ChannelId_2,ProviderId_4,29,10,8810.0,0
CustomerId_4901,100000.0,4761.9047619047615,6268.211562357815,-5000.0,10000.0,21,152000.0,7238.0952380952385,7.904761904761905,17.714285714285715,3.619047619047619,3,0.0,financial_services,ChannelId_3,ProviderId_6,7,21,100000.0,0
CustomerId_4902,14750.0,4916.666666666667,5125.508104893926,-250.0,10000.0,3,15250.0,5083.333333333333,7.666666666666667,18.666666666666668,4.333333333333333,3,0.0,airtime,ChannelId_3,ProviderId_5,17,3,14750.0,0
CustomerId_4903,2960.0,740.0,1506.784656146989,-1000.0,2000.0,4,5040.0,1260.0,4.75,21.75,12.0,3,0.0,financial_services,ChannelId_2,ProviderId_4,41,4,2960.0,1
CustomerId_4904,3860.0,482.5,553.3469590978676,-50.0,1000.0,8,4140.0,517.5,7.75,18.0,11.0,3,0.0,airtime,ChannelId_2,ProviderId_4,71,8,3860.0,1
CustomerId_4906,500.0,500.0,0.0,500.0,500.0,1,500.0,500.0,11.0,17.0,11.0,1,0.0,airtime,ChannelId_3,ProviderId_5,75,1,500.0,1
CustomerId_4908,96965.5,1101.8806818181818,2143.1094527354708,-100.0,14000.0,88,100423.0,1141.1704545454545,12.477272727272727,16.761363636363637,11.125,5,0.0,financial_services,ChannelId_3,ProviderId_6,14,88,96965.5,0
CustomerId_491,-50.0,-16.666666666666668,1000.4165798972613,-1000.0,1000.0,3,2050.0,683.3333333333334,18.666666666666668,13.0,1.0,2,0.0,financial_services,ChannelId_2,ProviderId_4,18,3,-50.0,0
CustomerId_4911,490.0,245.0,360.62445840513925,-10.0,500.0,2,510.0,255.0,10.0,15.0,1.0,2,0.0,airtime,ChannelId_2,ProviderId_4,17,2,490.0,0
CustomerId_4912,674666.0,11060.098360655738,24746.897093511147,-1629.0,90000.0,61,698554.0,11451.704918032787,13.229508196721312,13.311475409836065,1.0,8,0.0,financial_services,ChannelId_3,ProviderId_6,16,61,674666.0,0
CustomerId_4913,10000.0,10000.0,0.0,10000.0,10000.0,1,10000.0,10000.0,13.0,18.0,12.0,1,0.0,financial_services,ChannelId_3,ProviderId_5,44,1,10000.0,1
CustomerId_4915,2950.0,983.3333333333334,1025.1016209787854,-50.0,2000.0,3,3050.0,1016.6666666666666,22.0,18.0,1.0,3,0.0,financial_services,ChannelId_3,ProviderId_1,13,3,2950.0,0
CustomerId_492,5000.0,5000.0,0.0,5000.0,5000.0,1,5000.0,5000.0,18.0,30.0,1.0,1,0.0,financial_services,ChannelId_3,ProviderId_5,1,1,5000.0,0
CustomerId_4920,401990.0,5506.712328767123,9682.019082470251,-5000.0,50000.0,73,504020.0,6904.3835616438355,13.547945205479452,18.904109589041095,9.136986301369863,5,0.0,airtime,ChannelId_3,ProviderId_6,6,73,401990.0,0
CustomerId_4921,15000.0,7500.0,3535.5339059327375,5000.0,10000.0,2,16200.0,8100.0,16.0,11.5,12.0,2,0.0,airtime,ChannelId_3,ProviderId_1,50,2,15000.0,1
CustomerId_4922,2000.0,2000.0,0.0,2000.0,2000.0,1,2000.0,2000.0,13.0,26.0,12.0,1,0.0,airtime,ChannelId_3,ProviderId_6,36,1,2000.0,1
CustomerId_4923,20530.0,2053.0,4597.158663541838,-1000.0,15000.0,10,22570.0,2257.0,13.2,10.8,12.0,4,0.0,airtime,ChannelId_3,ProviderId_5,51,10,20530.0,1
CustomerId_4924,3000.0,600.0,223.60679774997897,500.0,1000.0,5,3000.0,600.0,17.2,20.2,1.0,2,0.0,airtime,ChannelId_3,ProviderId_5,10,5,3000.0,0
CustomerId_4925,5988800.0,1197760.0,2132208.9691209914,50000.0,5000000.0,5,5988800.0,1197760.0,8.8,8.8,1.0,1,2.0,financial_services,ChannelId_3,ProviderId_5,21,5,5988800.0,0
CustomerId_4926,276116.0,2707.0196078431372,6359.619082217018,-5000.0,30000.0,102,336022.0,3294.3333333333335,11.696078431372548,13.892156862745098,8.205882352941176,7,0.0,financial_services,ChannelId_3,ProviderId_5,5,102,276116.0,0
CustomerId_4927,96686.0,1534.6984126984128,3346.734868277711,-250.0,20000.0,63,99414.0,1578.0,16.03174603174603,17.476190476190474,6.4603174603174605,6,0.0,financial_services,ChannelId_3,ProviderId_6,2,63,96686.0,0
CustomerId_4928,75900.0,1025.6756756756756,1533.6437773611506,-1000.0,7000.0,74,80100.0,1082.4324324324325,11.067567567567568,14.91891891891892,5.608108108108108,5,0.0,financial_services,ChannelId_3,ProviderId_6,13,74,75900.0,0
CustomerId_4929,40000.0,4000.0,6164.414002968976,-5000.0,10000.0,10,62000.0,6200.0,12.7,21.3,1.0,3,0.0,airtime,ChannelId_3,ProviderId_6,7,10,40000.0,0
CustomerId_493,30650.0,4378.571428571428,7312.880026755142,-1000.0,20000.0,7,33350.0,4764.285714285715,12.571428571428571,19.571428571428573,7.285714285714286,4,0.0,financial_services,ChannelId_3,ProviderId_4,17,7,30650.0,0
CustomerId_4933,1910.0,318.3333333333333,989.412283462595,-1000.0,1500.0,6,4090.0,681.6666666666666,11.5,23.833333333333332,6.5,2,0.0,financial_services,ChannelId_2,ProviderId_4,14,6,1910.0,0
CustomerId_4934,21840.0,1213.3333333333333,1057.3885701270344,-50.0,3000.0,18,22160.0,1231.111111111111,9.777777777777779,10.555555555555555,2.8333333333333335,4,0.0,airtime,ChannelId_3,ProviderId_6,9,18,21840.0,0
CustomerId_4938,26164.0,1377.0526315789473,2573.827790874134,-1000.0,10000.0,19,31126.0,1638.2105263157894,11.736842105263158,28.473684210526315,1.0,6,0.0,financial_services,ChannelId_3,ProviderId_4,1,19,26164.0,0
CustomerId_4939,140619.0,8271.70588235294,15162.804472477652,-1725.0,35000.0,17,153481.0,9028.29411764706,13.882352941176471,16.470588235294116,12.0,6,0.0,financial_services,ChannelId_3,ProviderId_4,38,17,140619.0,1
CustomerId_4940,70000.0,3500.0,7013.37068898063,-5000.0,10700.0,20,132800.0,6640.0,11.85,20.05,11.25,3,0.0,airtime,ChannelId_2,ProviderId_4,42,20,70000.0,1
CustomerId_4942,108750.0,6796.875,7515.505499742959,-500.0,20000.0,16,111250.0,6953.125,11.625,13.625,7.8125,7,0.0,financial_services,ChannelId_3,ProviderId_6,11,16,108750.0,0
CustomerId_4943,711719.0,4261.790419161676,8303.608639848284,-5000.0,30000.0,167,780341.0,4672.700598802395,12.44311377245509,17.059880239520957,4.778443113772455,7,0.0,airtime,ChannelId_3,ProviderId_6,1,167,711719.0,0
CustomerId_4944,624988.0,3531.005649717514,16276.252769301513,-5000.0,125000.0,177,646322.0,3651.536723163842,15.796610169491526,10.983050847457626,1.0,9,0.0,airtime,ChannelId_3,ProviderId_6,10,177,624988.0,0
CustomerId_4945,66252.8,1274.0923076923077,1263.122473079508,-1000.0,5000.0,52,70043.0,1346.9807692307693,13.557692307692308,14.692307692307692,8.865384615384615,6,0.0,financial_services,ChannelId_3,ProviderId_6,14,52,66252.8,0
CustomerId_4946,61455.0,1755.857142857143,5028.969676623967,-100.0,30000.0,35,62945.0,1798.4285714285713,11.085714285714285,21.6,1.0,6,0.0,financial_services,ChannelId_3,ProviderId_6,3,35,61455.0,0
CustomerId_4947,9380.0,1876.0,1640.3901974835135,-20.0,4400.0,5,9420.0,1884.0,8.2,12.6,3.2,3,0.0,airtime,ChannelId_3,ProviderId_1,21,5,9380.0,0
CustomerId_4948,7500.0,937.5,176.77669529663686,500.0,1000.0,8,7500.0,937.5,11.75,27.5,11.0,2,0.0,financial_services,ChannelId_3,ProviderId_5,64,8,7500.0,1
CustomerId_4949,4000.0,2000.0,2121.3203435596424,500.0,3500.0,2,4000.0,2000.0,18.5,12.5,6.5,2,0.0,airtime,ChannelId_3,ProviderId_5,28,2,4000.0,0
CustomerId_495,1000.0,1000.0,0.0,1000.0,1000.0,1,1000.0,1000.0,2.0,12.0,1.0,1,0.0,financial_services,ChannelId_3,ProviderId_3,20,1,1000.0,0
CustomerId_4951,2000.0,2000.0,0.0,2000.0,2000.0,1,2000.0,2000.0,13.0,9.0,1.0,1,0.0,airtime,ChannelId_3,ProviderId_1,22,1,2000.0,0
CustomerId_4953,1520.0,760.0,1187.9393923933999,-80.0,1600.0,2,1680.0,840.0,7.0,25.0,11.0,2,0.0,airtime,ChannelId_2,ProviderId_4,68,2,1520.0,1
CustomerId_4954,72102.0,1144.4761904761904,1554.7135391898062,-250.0,5000.0,63,76098.0,1207.904761904762,13.142857142857142,21.26984126984127,9.587301587301587,6,0.0,financial_services,ChannelId_3,ProviderId_5,4,63,72102.0,0
CustomerId_4955,2000.0,1000.0,0.0,1000.0,1000.0,2,2000.0,1000.0,11.5,10.0,1.0,1,0.0,financial_services,ChannelId_3,ProviderId_5,21,2,2000.0,0
CustomerId_4957,1000.0,1000.0,0.0,1000.0,1000.0,1,1000.0,1000.0,4.0,23.0,12.0,1,0.0,financial_services,ChannelId_3,ProviderId_1,40,1,1000.0,1
CustomerId_4958,5625.0,562.5,1003.8294731233543,-1000.0,2000.0,10,8175.0,817.5,14.5,12.9,8.7,3,0.0,airtime,ChannelId_2,ProviderId_4,27,10,5625.0,0
CustomerId_4959,17450.0,1342.3076923076924,1246.3022228854568,-150.0,3000.0,13,18550.0,1426.923076923077,16.384615384615383,16.0,7.769230769230769,3,0.0,airtime,ChannelId_3,ProviderId_5,19,13,17450.0,0
CustomerId_496,15430.0,1285.8333333333333,1519.9429315443113,-1000.0,5000.0,12,17570.0,1464.1666666666667,13.916666666666666,10.333333333333334,1.9166666666666667,5,0.0,financial_services,ChannelId_3,ProviderId_6,20,12,15430.0,0
CustomerId_4963,10000.0,10000.0,0.0,10000.0,10000.0,1,10000.0,10000.0,21.0,21.0,12.0,1,0.0,financial_services,ChannelId_3,ProviderId_5,41,1,10000.0,1
CustomerId_4965,1950.0,650.0,606.2177826491071,-50.0,1000.0,3,2050.0,683.3333333333334,13.333333333333334,18.333333333333332,11.0,2,0.0,airtime,ChannelId_3,ProviderId_5,73,3,1950.0,1
CustomerId_4966,-500.0,-250.0,1060.6601717798212,-1000.0,500.0,2,1500.0,750.0,20.0,9.0,1.0,2,0.0,airtime,ChannelId_2,ProviderId_4,22,2,-500.0,0
CustomerId_497,3450.0,862.5,871.1821470469498,-50.0,2000.0,4,3550.0,887.5,11.5,15.5,11.0,3,0.0,financial_services,ChannelId_3,ProviderId_1,76,4,3450.0,1
CustomerId_4970,8400.0,1400.0,1810.8009277664953,-50.0,5000.0,6,8500.0,1416.6666666666667,12.333333333333334,18.5,11.0,3,0.0,financial_services,ChannelId_3,ProviderId_5,73,6,8400.0,1
CustomerId_4971,281600.0,6257.777777777777,8013.525183000666,-5000.0,31200.0,45,390800.0,8684.444444444445,12.044444444444444,20.77777777777778,6.377777777777778,5,0.0,financial_services,ChannelId_3,ProviderId_6,2,45,281600.0,0
CustomerId_4972,80000.0,80000.0,0.0,80000.0,80000.0,1,80000.0,80000.0,11.0,16.0,12.0,1,0.0,financial_services,ChannelId_3,ProviderId_5,46,1,80000.0,1
CustomerId_4973,1000.0,500.0,0.0,500.0,500.0,2,1000.0,500.0,9.5,28.0,1.0,1,0.0,airtime,ChannelId_3,ProviderId_6,3,2,1000.0,0
CustomerId_4976,19000.0,3800.0,6685.805860178712,-5000.0,10000.0,5,31000.0,6200.0,14.0,28.0,12.0,3,0.0,financial_services,ChannelId_3,ProviderId_4,34,5,19000.0,1
CustomerId_4977,1000.0,1000.0,0.0,1000.0,1000.0,1,1000.0,1000.0,14.0,5.0,12.0,1,0.0,airtime,ChannelId_3,ProviderId_1,57,1,1000.0,1
CustomerId_4978,159356.0,3621.7272727272725,7102.823317996918,-5000.0,28000.0,44,191240.0,4346.363636363636,13.863636363636363,14.886363636363637,8.045454545454545,7,0.0,financial_services,ChannelId_3,ProviderId_5,2,44,159356.0,0
CustomerId_4979,1850.0,616.6666666666666,2107.3284825421338,-1000.0,3000.0,3,4150.0,1383.3333333333333,10.0,30.0,1.0,2,0.0,financial_services,ChannelId_2,ProviderId_4,1,3,1850.0,0
CustomerId_4980,28930.0,4132.857142857143,9660.567123251985,-520.0,26000.0,7,30070.0,4295.714285714285,11.714285714285714,19.571428571428573,8.142857142857142,3,0.0,airtime,ChannelId_3,ProviderId_4,8,7,28930.0,0
CustomerId_4982,1000.0,1000.0,0.0,1000.0,1000.0,1,1000.0,1000.0,10.0,23.0,12.0,1,0.0,airtime,ChannelId_3,ProviderId_1,40,1,1000.0,1
CustomerId_4983,88025.5,1491.957627118644,2578.943261747244,-1000.0,10000.0,59,91781.0,1555.6101694915253,10.830508474576272,25.949152542372882,1.0,4,0.0,financial_services,ChannelId_3,ProviderId_6,1,59,88025.5,0
CustomerId_4986,10000.0,10000.0,0.0,10000.0,10000.0,1,10000.0,10000.0,7.0,30.0,1.0,1,0.0,financial_services,ChannelId_3,ProviderId_3,2,1,10000.0,0
CustomerId_4987,77010.5,1000.1363636363636,1282.6957571857763,-1000.0,6000.0,77,83540.0,1084.935064935065,13.35064935064935,18.974025974025974,9.662337662337663,6,0.0,financial_services,ChannelId_3,ProviderId_6,1,77,77010.5,0
CustomerId_4989,47100.0,5233.333333333333,7548.509786706248,-1000.0,20000.0,9,52900.0,5877.777777777777,17.11111111111111,24.77777777777778,1.0,3,0.0,financial_services,ChannelId_2,ProviderId_4,3,9,47100.0,0
CustomerId_4990,96090.0,2287.8571428571427,2666.5926241172488,-1000.0,10000.0,42,100790.0,2399.7619047619046,9.428571428571429,16.595238095238095,1.0,6,0.0,financial_services,ChannelId_3,ProviderId_6,4,42,96090.0,0
CustomerId_4993,5000.0,5000.0,0.0,5000.0,5000.0,1,5000.0,5000.0,3.0,15.0,12.0,1,0.0,financial_services,ChannelId_3,ProviderId_5,48,1,5000.0,1
CustomerId_4994,6100.0,610.0,724.4921593011817,-1000.0,1200.0,10,8300.0,830.0,12.1,26.4,1.0,3,0.0,financial_services,ChannelId_3,ProviderId_5,1,10,6100.0,0
CustomerId_4997,603537.8,7838.153246753247,21510.904086872488,-5000.0,130000.0,77,874867.0,11361.90909090909,15.597402597402597,22.51948051948052,9.415584415584416,7,0.0,financial_services,ChannelId_3,ProviderId_4,2,77,603537.8,0
CustomerId_4998,88365.0,3681.875,5593.659806171082,-7000.0,8085.0,24,142445.0,5935.208333333333,11.708333333333334,18.625,7.291666666666667,6,0.0,financial_services,ChannelId_3,ProviderId_5,21,24,88365.0,0
CustomerId_4999,134583.0,7916.64705882353,13115.634148513256,-1005.0,32000.0,17,142587.0,8387.470588235294,12.117647058823529,18.529411764705884,8.176470588235293,6,0.0,financial_services,ChannelId_3,ProviderId_6,10,17,134583.0,0
CustomerId_5,-10000.0,-10000.0,0.0,-10000.0,-10000.0,1,10000.0,10000.0,16.0,21.0,11.0,1,0.0,airtime,ChannelId_2,ProviderId_4,71,1,-10000.0,1
CustomerId_500,12500.0,1562.5,4083.394071462751,-2000.0,10000.0,8,28500.0,3562.5,12.125,18.875,11.375,4,0.0,financial_services,ChannelId_3,ProviderId_4,52,8,12500.0,1
CustomerId_5000,45200.0,9040.0,9083.391437123031,-1000.0,16000.0,5,48800.0,9760.0,19.2,12.0,12.0,3,0.0,financial_services,ChannelId_3,ProviderId_4,50,5,45200.0,1
CustomerId_5001,7018.0,1002.5714285714286,892.3263336438557,-50.0,2000.0,7,7182.0,1026.0,11.714285714285714,21.285714285714285,1.0,5,0.0,financial_services,ChannelId_3,ProviderId_6,4,7,7018.0,0
CustomerId_5002,19000.0,3166.6666666666665,7626.707459098367,-5000.0,10000.0,6,41000.0,6833.333333333333,18.0,21.0,12.0,3,0.0,airtime,ChannelId_2,ProviderId_4,41,6,19000.0,1
CustomerId_5006,52950.0,10590.0,22035.550821343222,-50.0,50000.0,5,53050.0,10610.0,12.6,25.6,1.0,3,0.0,financial_services,ChannelId_3,ProviderId_5,3,5,52950.0,0
CustomerId_5009,20000.0,4000.0,6745.368781616021,-5000.0,10000.0,5,32000.0,6400.0,14.0,25.0,1.0,3,0.0,financial_services,ChannelId_3,ProviderId_4,6,5,20000.0,0
CustomerId_501,35000.0,2500.0,4815.83925108674,-5000.0,10000.0,14,69000.0,4928.571428571428,12.571428571428571,20.0,11.428571428571429,4,0.0,airtime,ChannelId_3,ProviderId_6,43,14,35000.0,1
CustomerId_5010,1400.0,233.33333333333334,828.200861305195,-1000.0,1500.0,6,3600.0,600.0,10.0,16.0,1.0,2,0.0,airtime,ChannelId_2,ProviderId_4,1,6,1400.0,0
CustomerId_5013,42112.0,1238.5882352941176,1493.8593118141216,-260.0,5200.0,34,43762.0,1287.1176470588234,14.411764705882353,15.705882352941176,9.088235294117647,4,0.0,financial_services,ChannelId_3,ProviderId_6,18,34,42112.0,0
CustomerId_5014,2450.0,490.0,371.4835124201342,-50.0,1000.0,5,2550.0,510.0,10.2,18.6,11.0,2,0.0,airtime,ChannelId_3,ProviderId_5,73,5,2450.0,1
CustomerId_5015,40000.0,3076.923076923077,7353.701318174614,-5000.0,11000.0,13,92000.0,7076.923076923077,13.153846153846153,21.153846153846153,1.0,3,0.0,airtime,ChannelId_3,ProviderId_4,5,13,40000.0,0
CustomerId_5016,112500.0,6617.64705882353,13091.062566409459,-5000.0,50000.0,17,131500.0,7735.294117647059,12.882352941176471,15.764705882352942,3.4705882352941178,3,0.0,airtime,ChannelId_3,ProviderId_5,6,17,112500.0,0
CustomerId_5018,50000.0,3571.4285714285716,8741.715073003832,-5000.0,20000.0,14,112000.0,8000.0,12.785714285714286,21.428571428571427,1.0,3,0.0,airtime,ChannelId_2,ProviderId_4,5,14,50000.0,0
CustomerId_5019,26700.0,1668.75,1527.0478054075452,-1000.0,5000.0,16,29300.0,1831.25,9.1875,9.9375,1.0,3,0.0,financial_services,ChannelId_3,ProviderId_6,11,16,26700.0,0
CustomerId_502,2000.0,2000.0,0.0,2000.0,2000.0,1,2000.0,2000.0,21.0,15.0,1.0,1,0.0,airtime,ChannelId_3,ProviderId_5,16,1,2000.0,0
CustomerId_5021,20620.0,1288.75,2561.944248677815,-1000.0,10000.0,16,23380.0,1461.25,11.9375,25.5,12.0,4,0.0,financial_services,ChannelId_2,ProviderId_4,31,16,20620.0,0
CustomerId_5022,59345.0,2825.9523809523807,4385.593967482517,-80.0,15000.0,21,59855.0,2850.2380952380954,13.047619047619047,11.523809523809524,11.476190476190476,5,0.0,financial_services,ChannelId_3,ProviderId_5,55,21,59345.0,1
CustomerId_5024,2930.0,488.3333333333333,1055.6593516218509,-1000.0,2000.0,6,5070.0,845.0,10.833333333333334,7.833333333333333,11.833333333333334,4,0.0,financial_services,ChannelId_2,ProviderId_4,56,6,2930.0,1
CustomerId_5026,20000.0,3333.3333333333335,7814.516406449389,-5000.0,11000.0,6,42000.0,7000.0,17.333333333333332,25.166666666666668,1.0,3,0.0,airtime,ChannelId_2,ProviderId_4,5,6,20000.0,0
CustomerId_5027,82675.0,2505.3030303030305,3391.7740424891267,-1000.0,10000.0,33,87325.0,2646.212121212121,17.03030303030303,18.545454545454547,1.0,5,0.0,airtime,ChannelId_3,ProviderId_6,3,33,82675.0,0
CustomerId_5028,475.0,237.5,371.23106012293744,-25.0,500.0,2,525.0,262.5,13.0,20.0,11.0,2,0.0,airtime,ChannelId_2,ProviderId_4,72,2,475.0,1
CustomerId_503,29000.0,3625.0,8416.607731995457,-5000.0,15000.0,8,61000.0,7625.0,19.5,7.0,12.0,4,0.0,airtime,ChannelId_2,ProviderId_4,55,8,29000.0,1
CustomerId_5030,5000.0,5000.0,0.0,5000.0,5000.0,1,5000.0,5000.0,13.0,3.0,1.0,1,0.0,financial_services,ChannelId_3,ProviderId_5,28,1,5000.0,0
CustomerId_5031,26358.0,1882.7142857142858,2836.4550852339353,-1000.0,8000.0,14,28676.0,2048.285714285714,13.357142857142858,29.357142857142858,1.0,5,0.0,financial_services,ChannelId_3,ProviderId_4,1,14,26358.0,0
CustomerId_5033,3990.0,498.75,628.1307302510476,-75.0,1500.0,8,4410.0,551.25,12.75,21.5,1.0,2,0.0,airtime,ChannelId_2,ProviderId_4,6,8,3990.0,0
CustomerId_5034,2000.0,2000.0,0.0,2000.0,2000.0,1,2000.0,2000.0,18.0,28.0,11.0,1,0.0,airtime,ChannelId_3,ProviderId_5,64,1,2000.0,1
CustomerId_5035,285400.0,142700.0,201101.1685694541,500.0,284900.0,2,285400.0,142700.0,6.5,20.0,1.0,2,0.0,data_bundles,ChannelId_3,ProviderId_5,12,2,285400.0,0
CustomerId_5037,0.0,0.0,866.0254037844386,-1000.0,500.0,3,2000.0,666.6666666666666,14.666666666666666,7.333333333333333,1.0,2,0.0,data_bundles,ChannelId_3,ProviderId_5,23,3,0.0,0
CustomerId_5039,40000.0,4444.444444444444,8735.00302105144,-5000.0,20000.0,9,63400.0,7044.444444444444,9.444444444444445,23.0,11.0,4,0.0,financial_services,ChannelId_2,ProviderId_4,69,9,40000.0,1
CustomerId_504,1000.0,1000.0,0.0,1000.0,1000.0,1,1000.0,1000.0,6.0,23.0,12.0,1,0.0,airtime,ChannelId_3,ProviderId_6,40,1,1000.0,1
CustomerId_5040,244308.0,7880.903225806452,31832.135523036923,-5000.0,175208.0,31,300665.0,9698.870967741936,14.419354838709678,20.0,3.129032258064516,5,0.0,airtime,ChannelId_3,ProviderId_4,8,31,244308.0,0
CustomerId_5041,160000.0,8000.0,10545.091150313545,-5000.0,30700.0,20,211400.0,10570.0,14.6,21.35,11.3,4,0.0,financial_services,ChannelId_3,ProviderId_6,56,20,160000.0,1
CustomerId_5042,1425.0,356.25,498.48729505708906,-50.0,1000.0,4,1575.0,393.75,11.0,20.5,1.0,2,0.0,airtime,ChannelId_2,ProviderId_4,11,4,1425.0,0
CustomerId_5043,5000.0,5000.0,0.0,5000.0,5000.0,1,5000.0,5000.0,13.0,26.0,1.0,1,0.0,financial_services,ChannelId_3,ProviderId_5,5,1,5000.0,0
CustomerId_5044,75730.0,6884.545454545455,7903.772977048827,-2000.0,20000.0,11,86270.0,7842.727272727273,13.545454545454545,22.272727272727273,7.0,5,0.0,financial_services,ChannelId_3,ProviderId_3,1,11,75730.0,0
CustomerId_5045,500.0,500.0,0.0,500.0,500.0,1,500.0,500.0,7.0,5.0,1.0,1,0.0,financial_services,ChannelId_3,ProviderId_5,27,1,500.0,0
CustomerId_5047,25250.0,701.3888888888889,3184.1656478606565,-2000.0,15000.0,36,57750.0,1604.1666666666667,11.027777777777779,18.055555555555557,4.361111111111111,7,0.0,airtime,ChannelId_3,ProviderId_4,8,36,25250.0,0
CustomerId_5048,7475.0,1495.0,2453.3395606805025,-1000.0,5000.0,5,9525.0,1905.0,10.0,30.0,1.0,3,0.0,financial_services,ChannelId_3,ProviderId_4,1,5,7475.0,0
CustomerId_5049,2900.0,725.0,1517.3990905493517,-1000.0,2000.0,4,5100.0,1275.0,6.0,16.0,1.0,3,0.0,financial_services,ChannelId_2,ProviderId_4,16,4,2900.0,0
CustomerId_505,500.0,500.0,0.0,500.0,500.0,1,500.0,500.0,6.0,22.0,11.0,1,0.0,airtime,ChannelId_3,ProviderId_6,71,1,500.0,1
CustomerId_5050,1000.0,1000.0,0.0,1000.0,1000.0,1,1000.0,1000.0,14.0,12.0,1.0,1,0.0,financial_services,ChannelId_3,ProviderId_5,19,1,1000.0,0
CustomerId_5051,18320.0,1308.5714285714287,1421.9101840230876,-40.0,5000.0,14,18680.0,1334.2857142857142,12.214285714285714,14.071428571428571,1.0,4,0.0,financial_services,ChannelId_3,ProviderId_1,14,14,18320.0,0
CustomerId_5052,11000.0,2750.0,2061.5528128088304,1000.0,5000.0,4,11000.0,2750.0,13.75,13.5,3.75,2,0.0,financial_services,ChannelId_3,ProviderId_5,19,4,11000.0,0
CustomerId_5054,6136630.0,55787.545454545456,144303.67116062468,-25000.0,500000.0,110,6672260.0,60656.90909090909,12.154545454545454,18.254545454545454,5.2727272727272725,7,7.0,airtime,ChannelId_3,ProviderId_6,1,110,6136630.0,0
CustomerId_5056,80000.0,6153.846153846154,5913.912323864717,-5000.0,10000.0,13,102000.0,7846.153846153846,11.76923076923077,18.0,1.0,3,0.0,financial_services,ChannelId_3,ProviderId_5,7,13,80000.0,0
CustomerId_5057,111355.0,1427.628205128205,2045.250393389932,-350.0,7000.0,78,120245.0,1541.6025641025642,12.205128205128204,18.346153846153847,7.717948717948718,5,0.0,airtime,ChannelId_3,ProviderId_5,1,78,111355.0,0
CustomerId_506,950.0,475.0,742.4621202458749,-50.0,1000.0,2,1050.0,525.0,14.0,18.0,11.0,2,0.0,airtime,ChannelId_2,ProviderId_4,73,2,950.0,1
CustomerId_5060,-510.0,-170.0,762.6925986267338,-1000.0,500.0,3,1510.0,503.3333333333333,7.0,1.0,1.0,2,0.0,financial_services,ChannelId_2,ProviderId_4,31,3,-510.0,1
CustomerId_5065,464750.0,12909.722222222223,24514.98905755545,-5000.0,75000.0,36,527250.0,14645.833333333334,12.972222222222221,15.805555555555555,8.972222222222221,4,0.0,airtime,ChannelId_3,ProviderId_4,12,36,464750.0,0
CustomerId_5066,-10000.0,-10000.0,0.0,-10000.0,-10000.0,1,10000.0,10000.0,15.0,3.0,12.0,1,0.0,airtime,ChannelId_5,ProviderId_4,59,1,-10000.0,1
CustomerId_5067,25200.0,5040.0,5099.313679310188,-1000.0,10100.0,5,27200.0,5440.0,10.8,6.6,1.0,3,0.0,airtime,ChannelId_3,ProviderId_6,21,5,25200.0,0
CustomerId_5068,80000.0,10000.0,10350.983390135314,-5000.0,20000.0,8,100000.0,12500.0,7.0,7.0,12.0,4,0.0,financial_services,ChannelId_3,ProviderId_6,56,8,80000.0,1
CustomerId_5069,425.0,85.0,744.4796840747234,-1000.0,1000.0,5,2575.0,515.0,8.4,10.6,12.0,2,0.0,financial_services,ChannelId_2,ProviderId_4,50,5,425.0,1
CustomerId_507,2100.0,1050.0,70.71067811865476,1000.0,1100.0,2,2100.0,1050.0,18.0,15.0,11.0,2,0.0,airtime,ChannelId_3,ProviderId_5,77,2,2100.0,1
CustomerId_5073,1265215.0,10370.61475409836,90674.09879328455,-1000.0,1000000.0,122,1270765.0,10416.106557377048,10.040983606557377,19.459016393442624,7.131147540983607,5,0.0,financial_services,ChannelId_3,ProviderId_6,10,122,1265215.0,0
CustomerId_5074,29660.0,1022.7586206896551,2536.714194374464,-1000.0,10000.0,29,32340.0,1115.1724137931035,12.172413793103448,16.0,12.0,5,0.0,financial_services,ChannelId_3,ProviderId_4,35,29,29660.0,1
CustomerId_508,240209.0,3874.3387096774195,5685.6515607518795,-5000.0,14000.0,62,341409.0,5506.596774193548,12.048387096774194,17.403225806451612,9.241935483870968,5,0.0,airtime,ChannelId_3,ProviderId_6,7,62,240209.0,0
CustomerId_5080,19000.0,3166.6666666666665,7626.707459098367,-5000.0,10000.0,6,41000.0,6833.333333333333,18.0,21.0,12.0,3,0.0,airtime,ChannelId_2,ProviderId_4,41,6,19000.0,1
CustomerId_5081,44695.5,876.3823529411765,1168.7942316260603,-250.0,5000.0,51,48351.0,948.0588235294117,14.803921568627452,15.627450980392156,6.764705882352941,3,0.0,airtime,ChannelId_3,ProviderId_5,6,51,44695.5,0
CustomerId_5082,40000.0,4444.444444444444,6554.790444993477,-5000.0,10500.0,9,62000.0,6888.888888888889,14.88888888888889,16.333333333333332,12.0,3,0.0,financial_services,ChannelId_3,ProviderId_6,34,9,40000.0,1
CustomerId_5085,35887.0,2242.9375,6566.649835532575,-10000.0,14000.0,16,72177.0,4511.0625,12.5625,20.9375,10.0,7,0.0,financial_services,ChannelId_3,ProviderId_5,20,16,35887.0,0
CustomerId_5087,2000.0,2000.0,0.0,2000.0,2000.0,1,2000.0,2000.0,9.0,1.0,12.0,1,0.0,airtime,ChannelId_3,ProviderId_5,62,1,2000.0,1
CustomerId_5089,500.0,500.0,0.0,500.0,500.0,1,500.0,500.0,21.0,30.0,11.0,1,0.0,data_bundles,ChannelId_3,ProviderId_5,62,1,500.0,1
CustomerId_509,20000.0,4000.0,6745.368781616021,-5000.0,10000.0,5,32000.0,6400.0,8.4,25.0,1.0,3,0.0,financial_services,ChannelId_3,ProviderId_4,7,5,20000.0,0
CustomerId_5090,71000.0,3550.0,5631.630594942706,-5000.0,11000.0,20,104530.0,5226.5,12.0,18.8,3.75,5,0.0,airtime,ChannelId_3,ProviderId_6,6,20,71000.0,0
CustomerId_5091,13500.0,843.75,862.3369411082886,-100.0,2000.0,16,14500.0,906.25,16.375,23.25,11.0,4,0.0,airtime,ChannelId_3,ProviderId_5,68,16,13500.0,1
CustomerId_5094,47960.0,1229.7435897435898,2051.6841441265906,-1000.0,8000.0,39,51240.0,1313.8461538461538,8.897435897435898,17.846153846153847,1.0,5,0.0,financial_services,ChannelId_3,ProviderId_4,1,39,47960.0,0
CustomerId_5095,50000.0,50000.0,0.0,50000.0,50000.0,1,50000.0,50000.0,13.0,25.0,12.0,1,0.0,financial_services,ChannelId_3,ProviderId_5,37,1,50000.0,1
CustomerId_5100,40000.0,20000.0,0.0,20000.0,20000.0,2,40000.0,20000.0,6.0,18.0,1.0,2,0.0,data_bundles,ChannelId_3,ProviderId_5,14,2,40000.0,0
CustomerId_5101,31940.0,4562.857142857143,7748.810046894758,-1000.0,20000.0,7,34060.0,4865.714285714285,20.0,23.714285714285715,11.0,3,0.0,financial_services,ChannelId_3,ProviderId_4,64,7,31940.0,1
CustomerId_5103,2950.0,737.5,525.0,-50.0,1000.0,4,3050.0,762.5,7.0,18.75,8.5,3,0.0,airtime,ChannelId_3,ProviderId_5,14,4,2950.0,0
CustomerId_5105,1135000.0,141875.0,162523.34997074815,5000.0,500000.0,8,1135000.0,141875.0,17.125,7.125,10.625,2,1.0,financial_services,ChannelId_3,ProviderId_3,30,8,1135000.0,0
CustomerId_5106,100000.0,50000.0,0.0,50000.0,50000.0,2,100000.0,50000.0,14.0,10.5,1.0,1,0.0,financial_services,ChannelId_3,ProviderId_5,20,2,100000.0,0
CustomerId_5107,9417.0,588.5625,1001.6461097446875,-1000.0,3000.0,16,13583.0,848.9375,7.5,20.0,1.0,5,0.0,financial_services,ChannelId_3,ProviderId_4,5,16,9417.0,0
CustomerId_5108,91888.0,3534.153846153846,6679.591650346943,-10000.0,12000.0,26,174388.0,6707.2307692307695,12.923076923076923,16.96153846153846,6.6923076923076925,5,0.0,financial_services,ChannelId_3,ProviderId_1,6,26,91888.0,0
CustomerId_5111,19000.0,3800.0,6685.805860178712,-5000.0,10000.0,5,31000.0,6200.0,9.8,28.0,12.0,3,0.0,financial_services,ChannelId_3,ProviderId_4,35,5,19000.0,1
CustomerId_5112,5000.0,1000.0,0.0,1000.0,1000.0,5,5000.0,1000.0,22.0,7.0,12.0,1,0.0,airtime,ChannelId_3,ProviderId_3,55,5,5000.0,1
CustomerId_5113,40000.0,3636.3636363636365,7593.05903141451,-5000.0,11000.0,11,82000.0,7454.545454545455,9.0,21.363636363636363,1.0,3,0.0,airtime,ChannelId_3,ProviderId_4,6,11,40000.0,0
CustomerId_5115,8000.0,2666.6666666666665,2081.6659994661327,1000.0,5000.0,3,8000.0,2666.6666666666665,9.0,8.0,12.0,2,0.0,financial_services,ChannelId_3,ProviderId_5,54,3,8000.0,1
CustomerId_5116,14920.0,877.6470588235294,799.0113376210996,-1000.0,2610.0,17,17040.0,1002.3529411764706,14.882352941176471,21.88235294117647,1.0,4,0.0,airtime,ChannelId_3,ProviderId_5,8,17,14920.0,0
CustomerId_5118,20000.0,4000.0,6745.368781616021,-5000.0,10000.0,5,32000.0,6400.0,12.0,25.0,1.0,3,0.0,financial_services,ChannelId_3,ProviderId_4,6,5,20000.0,0
CustomerId_5120,10000.0,10000.0,0.0,10000.0,10000.0,1,10000.0,10000.0,16.0,15.0,1.0,1,0.0,financial_services,ChannelId_3,ProviderId_5,16,1,10000.0,0
CustomerId_5122,384000.0,4860.7594936708865,10627.71434675805,-5000.0,50000.0,79,717000.0,9075.949367088608,12.481012658227849,8.569620253164556,12.0,2,0.0,airtime,ChannelId_3,ProviderId_4,42,79,384000.0,1
CustomerId_5123,800000.0,800000.0,0.0,800000.0,800000.0,1,800000.0,800000.0,18.0,24.0,12.0,1,1.0,financial_services,ChannelId_3,ProviderId_5,38,1,800000.0,1
CustomerId_5124,10000.0,10000.0,0.0,10000.0,10000.0,1,10000.0,10000.0,6.0,25.0,1.0,1,0.0,financial_services,ChannelId_3,ProviderId_1,7,1,10000.0,0
CustomerId_5126,10000.0,5000.0,0.0,5000.0,5000.0,2,10000.0,5000.0,15.0,24.0,11.0,1,0.0,financial_services,ChannelId_3,ProviderId_3,68,2,10000.0,1
CustomerId_5127,2045.0,681.6666666666666,639.9283814094616,-55.0,1100.0,3,2155.0,718.3333333333334,8.0,18.666666666666668,12.0,2,0.0,airtime,ChannelId_3,ProviderId_4,43,3,2045.0,1
CustomerId_5129,1950.0,390.0,900.2777349240622,-1000.0,1000.0,5,4050.0,810.0,16.2,30.0,1.0,3,0.0,financial_services,ChannelId_3,ProviderId_4,1,5,1950.0,0
CustomerId_513,14831.0,1235.9166666666667,1927.283555036765,-1000.0,5000.0,12,17169.0,1430.75,9.666666666666666,21.25,11.0,4,0.0,financial_services,ChannelId_3,ProviderId_4,70,12,14831.0,1
CustomerId_5130,1000.0,1000.0,0.0,1000.0,1000.0,1,1000.0,1000.0,12.0,12.0,12.0,1,0.0,airtime,ChannelId_3,ProviderId_5,50,1,1000.0,1
CustomerId_5131,5000.0,5000.0,0.0,5000.0,5000.0,1,5000.0,5000.0,17.0,6.0,1.0,1,0.0,financial_services,ChannelId_3,ProviderId_3,25,1,5000.0,0
CustomerId_5132,500.0,500.0,0.0,500.0,500.0,1,500.0,500.0,21.0,2.0,1.0,1,0.0,airtime,ChannelId_3,ProviderId_6,29,1,500.0,0
CustomerId_5133,1450.0,483.3333333333333,525.1983752196244,-50.0,1000.0,3,1550.0,516.6666666666666,8.666666666666666,28.333333333333332,11.0,2,0.0,airtime,ChannelId_3,ProviderId_4,64,3,1450.0,1
CustomerId_5137,1000.0,1000.0,0.0,1000.0,1000.0,1,1000.0,1000.0,4.0,8.0,12.0,1,0.0,airtime,ChannelId_3,ProviderId_5,55,1,1000.0,1
CustomerId_5138,1175455.0,5201.128318584071,10357.696069703436,-5000.0,50000.0,226,1476331.0,6532.438053097345,13.597345132743364,17.960176991150444,6.610619469026549,8,0.0,airtime,ChannelId_3,ProviderId_6,6,226,1175455.0,0
CustomerId_5139,1000.0,1000.0,0.0,1000.0,1000.0,1,1000.0,1000.0,21.0,2.0,1.0,1,0.0,airtime,ChannelId_3,ProviderId_5,29,1,1000.0,0
CustomerId_514,20000.0,10000.0,0.0,10000.0,10000.0,2,20000.0,10000.0,11.0,8.0,1.0,1,0.0,financial_services,ChannelId_3,ProviderId_1,23,2,20000.0,0
CustomerId_5140,188075.0,1567.2916666666667,4219.212355097687,-5000.0,30000.0,120,203525.0,1696.0416666666667,11.225,16.375,9.441666666666666,6,0.0,financial_services,ChannelId_3,ProviderId_6,7,120,188075.0,0
CustomerId_5141,79000.0,19750.0,40376.354466444835,-5000.0,80000.0,4,91000.0,22750.0,13.0,14.5,12.0,3,0.0,financial_services,ChannelId_2,ProviderId_4,47,4,79000.0,1
CustomerId_5142,30000.0,10000.0,0.0,10000.0,10000.0,3,30000.0,10000.0,16.333333333333332,2.0,1.0,1,0.0,financial_services,ChannelId_3,ProviderId_3,29,3,30000.0,0
CustomerId_5145,1000.0,500.0,0.0,500.0,500.0,2,1000.0,500.0,4.0,16.0,1.0,2,0.0,airtime,ChannelId_3,ProviderId_5,7,2,1000.0,0
CustomerId_5146,74000.0,24666.666666666668,47961.790347456095,-5000.0,80000.0,3,86000.0,28666.666666666668,13.666666666666666,12.333333333333334,12.0,2,0.0,financial_services,ChannelId_2,ProviderId_4,50,3,74000.0,1
CustomerId_5147,30000.0,4285.714285714285,6102.302453836194,-5000.0,10000.0,7,42000.0,6000.0,10.142857142857142,25.0,1.0,4,0.0,airtime,ChannelId_3,ProviderId_6,6,7,30000.0,0
CustomerId_5148,245205.0,1109.524886877828,1780.119027063694,-1000.0,10000.0,221,254795.0,1152.9185520361991,12.615384615384615,18.144796380090497,9.51131221719457,6,0.0,financial_services,ChannelId_3,ProviderId_4,3,221,245205.0,0
CustomerId_515,835775.0,6012.769784172662,11156.25043519119,-5000.0,40000.0,139,1042903.0,7502.89928057554,12.568345323741006,17.179856115107913,8.338129496402878,7,0.0,financial_services,ChannelId_3,ProviderId_6,8,139,835775.0,0
CustomerId_5150,20000.0,3333.3333333333335,7814.516406449389,-5000.0,11000.0,6,42000.0,7000.0,18.166666666666668,25.166666666666668,1.0,3,0.0,airtime,ChannelId_2,ProviderId_4,5,6,20000.0,0
CustomerId_5152,204790.0,20479.0,34672.668855390344,-1000.0,100000.0,10,206810.0,20681.0,14.8,13.6,7.6,3,0.0,financial_services,ChannelId_3,ProviderId_5,19,10,204790.0,0
CustomerId_5154,10000.0,10000.0,0.0,10000.0,10000.0,1,10000.0,10000.0,8.0,1.0,1.0,1,0.0,financial_services,ChannelId_3,ProviderId_5,31,1,10000.0,1
CustomerId_5156,7250.0,483.3333333333333,641.3341748336228,-1000.0,1000.0,15,9750.0,650.0,10.6,15.133333333333333,1.0,3,0.0,financial_services,ChannelId_3,ProviderId_4,8,15,7250.0,0
CustomerId_5157,40000.0,3636.3636363636365,7593.05903141451,-5000.0,11000.0,11,82000.0,7454.545454545455,7.0,21.272727272727273,1.0,3,0.0,airtime,ChannelId_3,ProviderId_4,6,11,40000.0,0
CustomerId_5159,310000.0,31000.0,38580.3634566141,-5000.0,76000.0,10,348680.0,34868.0,7.1,23.3,1.0,4,0.0,financial_services,ChannelId_3,ProviderId_6,7,10,310000.0,0
CustomerId_516,-50.0,-16.666666666666668,1000.4165798972613,-1000.0,1000.0,3,2050.0,683.3333333333334,20.0,7.0,12.0,2,0.0,financial_services,ChannelId_2,ProviderId_4,55,3,-50.0,1
CustomerId_5160,8980.0,1122.5,1893.21910285856,-1000.0,5000.0,8,11180.0,1397.5,17.0,18.75,12.0,3,0.0,financial_services,ChannelId_2,ProviderId_4,40,8,8980.0,1
CustomerId_5162,9000.0,1800.0,2167.94833886788,-1000.0,5000.0,5,11000.0,2200.0,14.6,6.6,1.0,3,0.0,airtime,ChannelId_3,ProviderId_6,23,5,9000.0,0
CustomerId_5163,20000.0,4000.0,8215.838362577491,-5000.0,10000.0,5,40000.0,8000.0,12.6,21.0,12.0,3,0.0,airtime,ChannelId_3,ProviderId_1,41,5,20000.0,1
CustomerId_5164,80793.0,1923.642857142857,3314.4474565919295,-1000.0,12000.0,42,84157.0,2003.7380952380952,14.047619047619047,19.523809523809526,7.5476190476190474,6,0.0,airtime,ChannelId_3,ProviderId_6,23,42,80793.0,0
CustomerId_5165,490.0,245.0,360.62445840513925,-10.0,500.0,2,510.0,255.0,17.0,25.0,1.0,2,0.0,airtime,ChannelId_2,ProviderId_1,6,2,490.0,0
CustomerId_5166,192160.0,21351.11111111111,31025.94899614049,-1000.0,64000.0,9,195840.0,21760.0,15.666666666666666,17.555555555555557,1.0,4,0.0,financial_services,ChannelId_3,ProviderId_5,2,9,192160.0,0
CustomerId_5168,9000.0,2250.0,6601.767440112787,-5000.0,10000.0,4,21000.0,5250.0,8.0,21.0,12.0,2,0.0,airtime,ChannelId_2,ProviderId_4,42,4,9000.0,1
CustomerId_5170,13700.0,1141.6666666666667,1039.4127129676583,-100.0,3000.0,12,14300.0,1191.6666666666667,16.333333333333332,5.833333333333333,12.0,4,0.0,financial_services,ChannelId_3,ProviderId_4,53,12,13700.0,1
CustomerId_5171,264496.0,4069.1692307692306,7203.697652007507,-5000.0,15000.0,65,483196.0,7433.784615384616,8.461538461538462,18.815384615384616,8.6,4,0.0,airtime,ChannelId_3,ProviderId_4,6,65,264496.0,0
CustomerId_5172,200700.0,4363.04347826087,7685.0897109099715,-5000.0,21700.0,46,364700.0,7928.260869565217,10.695652173913043,19.73913043478261,7.021739130434782,3,0.0,airtime,ChannelId_3,ProviderId_4,5,46,200700.0,0
CustomerId_5173,50000.0,5000.0,6342.099196813483,-5000.0,10000.0,10,72000.0,7200.0,17.5,18.0,1.0,3,0.0,financial_services,ChannelId_3,ProviderId_6,6,10,50000.0,0
CustomerId_5174,28120.0,407.536231884058,423.3485415571118,-50.0,1000.0,69,30080.0,435.94202898550725,11.231884057971014,17.869565217391305,8.565217391304348,2,0.0,airtime,ChannelId_3,ProviderId_5,6,69,28120.0,0
CustomerId_5175,60000.0,4615.384615384615,6357.914510519697,-5000.0,10000.0,13,92000.0,7076.923076923077,12.923076923076923,20.076923076923077,8.615384615384615,3,0.0,financial_services,ChannelId_3,ProviderId_6,20,13,60000.0,0
CustomerId_5176,10000.0,2500.0,6508.456038109192,-5000.0,10000.0,4,20400.0,5100.0,1.0,16.0,11.0,2,0.0,airtime,ChannelId_2,ProviderId_4,77,4,10000.0,1
CustomerId_5177,344928.0,57488.0,83052.49506185831,-1610.0,200000.0,6,351072.0,58512.0,19.5,28.333333333333332,1.0,3,0.0,financial_services,ChannelId_2,ProviderId_4,2,6,344928.0,0
CustomerId_518,20000.0,3333.3333333333335,5391.351098441528,-5000.0,10000.0,6,32000.0,5333.333333333333,17.0,25.0,1.0,3,0.0,financial_services,ChannelId_3,ProviderId_4,6,6,20000.0,0
CustomerId_5180,7378.0,3689.0,6096.674667390413,-622.0,8000.0,2,9762.0,4881.0,16.0,15.0,11.0,2,0.0,financial_services,ChannelId_2,ProviderId_4,77,2,7378.0,1
CustomerId_5181,20000.0,4000.0,6745.368781616021,-5000.0,10000.0,5,32000.0,6400.0,8.0,25.0,1.0,3,0.0,financial_services,ChannelId_3,ProviderId_4,7,5,20000.0,0
CustomerId_5183,2000.0,1000.0,0.0,1000.0,1000.0,2,2000.0,1000.0,15.0,22.0,12.0,1,0.0,financial_services,ChannelId_3,ProviderId_5,40,2,2000.0,1
CustomerId_5184,500.0,500.0,0.0,500.0,500.0,1,500.0,500.0,17.0,10.0,1.0,1,0.0,airtime,ChannelId_3,ProviderId_5,21,1,500.0,0
CustomerId_5185,80000.0,80000.0,0.0,80000.0,80000.0,1,80000.0,80000.0,13.0,13.0,12.0,1,0.0,ticket,ChannelId_1,ProviderId_5,49,1,80000.0,1
CustomerId_5186,29000.0,4142.857142857143,7425.823667638301,-5000.0,10000.0,7,51000.0,7285.714285714285,17.428571428571427,21.0,12.0,3,0.0,airtime,ChannelId_3,ProviderId_3,41,7,29000.0,1
CustomerId_5189,2000.0,1000.0,0.0,1000.0,1000.0,2,2000.0,1000.0,8.0,17.0,1.0,2,0.0,airtime,ChannelId_3,ProviderId_5,15,2,2000.0,0
CustomerId_5194,100094.0,2001.88,3790.4442130500875,-5000.0,10000.0,50,140176.0,2803.52,15.62,15.64,11.48,6,0.0,airtime,ChannelId_3,ProviderId_6,29,50,100094.0,0
CustomerId_5198,75016.0,3948.2105263157896,4168.848596421204,-644.0,10800.0,19,79084.0,4162.315789473684,14.157894736842104,16.526315789473685,11.0,6,0.0,financial_services,ChannelId_3,ProviderId_6,73,19,75016.0,1
CustomerId_5199,5000.0,5000.0,0.0,5000.0,5000.0,1,5000.0,5000.0,23.0,19.0,12.0,1,0.0,airtime,ChannelId_3,ProviderId_3,43,1,5000.0,1
CustomerId_520,138936.0,5789.0,8859.962905997529,-1005.0,35500.0,24,150549.0,6272.875,12.625,18.0,7.666666666666667,4,0.0,airtime,ChannelId_3,ProviderId_6,14,24,138936.0,0
CustomerId_5200,10200.0,10200.0,0.0,10200.0,10200.0,1,10200.0,10200.0,11.0,26.0,1.0,1,0.0,financial_services,ChannelId_3,ProviderId_5,5,1,10200.0,0
CustomerId_5201,12340.0,949.2307692307693,1487.2651721558238,-1000.0,5000.0,13,14660.0,1127.6923076923076,13.307692307692308,23.615384615384617,12.0,5,0.0,financial_services,ChannelId_3,ProviderId_6,38,13,12340.0,1
CustomerId_5203,210000.0,2625.0,5310.259952158054,-5000.0,10000.0,80,362800.0,4535.0,10.7,18.1875,4.8625,5,0.0,airtime,ChannelId_3,ProviderId_6,2,80,210000.0,0
CustomerId_5204,28400.0,2840.0,3274.4634844675106,-1000.0,8000.0,10,31600.0,3160.0,18.7,24.1,1.0,4,0.0,financial_services,ChannelId_3,ProviderId_4,5,10,28400.0,0
CustomerId_5206,20000.0,4000.0,6558.963332722634,-5000.0,10000.0,5,30400.0,6080.0,9.0,16.0,11.0,3,0.0,financial_services,ChannelId_3,ProviderId_4,77,5,20000.0,1
CustomerId_5207,40000.0,4000.0,6164.414002968976,-5000.0,10000.0,10,62000.0,6200.0,15.4,20.8,1.0,4,0.0,airtime,ChannelId_3,ProviderId_6,6,10,40000.0,0
CustomerId_5208,99000.0,7071.428571428572,9611.40577018372,-5000.0,20000.0,14,141000.0,10071.42857142857,9.5,14.0,12.0,4,0.0,financial_services,ChannelId_3,ProviderId_6,42,14,99000.0,1
CustomerId_521,1002000.0,501000.0,705692.5676241744,2000.0,1000000.0,2,1002000.0,501000.0,18.0,14.0,1.0,2,0.0,airtime,ChannelId_3,ProviderId_1,17,2,1002000.0,0
CustomerId_5210,5000.0,5000.0,0.0,5000.0,5000.0,1,5000.0,5000.0,20.0,3.0,12.0,1,0.0,financial_services,ChannelId_3,ProviderId_1,59,1,5000.0,1
CustomerId_5211,437900.0,6842.1875,13147.253579607717,-1000.0,50000.0,64,446101.0,6970.328125,14.125,21.3125,1.0,6,0.0,financial_services,ChannelId_3,ProviderId_6,1,64,437900.0,0
CustomerId_5212,20000.0,4000.0,6558.963332722634,-5000.0,10000.0,5,30400.0,6080.0,13.0,16.0,11.0,3,0.0,financial_services,ChannelId_3,ProviderId_4,76,5,20000.0,1
CustomerId_5214,2000.0,1000.0,0.0,1000.0,1000.0,2,2000.0,1000.0,7.5,17.0,11.0,1,0.0,financial_services,ChannelId_3,ProviderId_3,76,2,2000.0,1
CustomerId_522,609000.0,203000.0,168008.9283341811,9000.0,300000.0,3,610170.0,203390.0,9.0,24.0,11.0,2,0.0,financial_services,ChannelId_1,ProviderId_6,69,3,609000.0,1
CustomerId_5221,19000.0,3166.6666666666665,7626.707459098367,-5000.0,10000.0,6,41000.0,6833.333333333333,20.0,21.0,12.0,3,0.0,airtime,ChannelId_2,ProviderId_4,41,6,19000.0,1
CustomerId_5223,19000.0,1583.3333333333333,3691.718824448563,-5000.0,10000.0,12,31000.0,2583.3333333333335,16.916666666666668,15.5,11.5,5,0.0,airtime,ChannelId_3,ProviderId_6,61,12,19000.0,1
CustomerId_5225,80000.0,4210.526315789473,7314.969031364696,-5000.0,10000.0,19,150000.0,7894.736842105263,11.0,15.526315789473685,3.3157894736842106,3,0.0,airtime,ChannelId_3,ProviderId_4,5,19,80000.0,0
CustomerId_5226,20000.0,3333.3333333333335,7814.516406449389,-5000.0,11000.0,6,42000.0,7000.0,5.666666666666667,25.166666666666668,1.0,3,0.0,airtime,ChannelId_2,ProviderId_4,6,6,20000.0,0
CustomerId_5227,20000.0,4000.0,5533.534132902769,-1000.0,10000.0,5,22400.0,4480.0,13.4,25.6,1.0,4,0.0,financial_services,ChannelId_3,ProviderId_4,5,5,20000.0,0
CustomerId_5229,122000.0,4357.142857142857,5917.42114572497,-5000.0,11000.0,28,174000.0,6214.285714285715,8.785714285714286,18.642857142857142,5.714285714285714,4,0.0,airtime,ChannelId_3,ProviderId_6,7,28,122000.0,0
CustomerId_523,11800.0,1072.7272727272727,1839.9203293028256,-1000.0,5000.0,11,14200.0,1290.909090909091,14.090909090909092,20.90909090909091,12.0,5,0.0,financial_services,ChannelId_3,ProviderId_4,37,11,11800.0,1
CustomerId_5231,14808.0,779.3684210526316,4826.94040672334,-8000.0,12000.0,19,65848.0,3465.684210526316,12.368421052631579,16.05263157894737,7.684210526315789,6,0.0,financial_services,ChannelId_3,ProviderId_4,18,19,14808.0,0
CustomerId_5232,203150.0,15626.923076923076,33480.82545393592,-5000.0,100000.0,13,216850.0,16680.76923076923,8.923076923076923,17.46153846153846,12.0,6,0.0,financial_services,ChannelId_3,ProviderId_4,34,13,203150.0,1
CustomerId_5233,17000.0,2833.3333333333335,3371.4487489307426,-2000.0,5000.0,6,31000.0,5166.666666666667,19.0,4.0,12.0,2,0.0,movies,ChannelId_3,ProviderId_3,58,6,17000.0,1
CustomerId_5236,58305.0,1495.0,2549.138141246546,-450.0,9000.0,39,61895.0,1587.051282051282,14.0,19.692307692307693,7.717948717948718,4,0.0,airtime,ChannelId_3,ProviderId_4,3,39,58305.0,0
CustomerId_5237,20000.0,4000.0,6745.368781616021,-5000.0,10000.0,5,32000.0,6400.0,20.0,25.0,1.0,3,0.0,financial_services,ChannelId_3,ProviderId_4,6,5,20000.0,0
CustomerId_5238,249000.0,7114.285714285715,18776.974993751428,-10000.0,100000.0,35,329000.0,9400.0,8.714285714285714,20.0,11.571428571428571,6,0.0,financial_services,ChannelId_3,ProviderId_6,38,35,249000.0,1
CustomerId_5239,30000.0,5000.0,6511.528238439882,-5000.0,10000.0,6,42000.0,7000.0,10.333333333333334,25.0,1.0,3,0.0,financial_services,ChannelId_3,ProviderId_4,6,6,30000.0,0
CustomerId_524,20960.0,3493.3333333333335,8121.336507414691,-1000.0,20000.0,6,23040.0,3840.0,15.833333333333334,11.333333333333334,2.8333333333333335,3,0.0,financial_services,ChannelId_2,ProviderId_1,12,6,20960.0,0
CustomerId_5240,29000.0,3222.222222222222,9404.49065311059,-5000.0,20000.0,9,71000.0,7888.888888888889,6.0,7.0,12.0,4,0.0,financial_services,ChannelId_2,ProviderId_4,56,9,29000.0,1
CustomerId_5242,20000.0,4000.0,6745.368781616021,-5000.0,10000.0,5,32000.0,6400.0,7.0,25.0,1.0,3,0.0,financial_services,ChannelId_3,ProviderId_4,7,5,20000.0,0
CustomerId_5243,5500.0,2750.0,3181.9805153394636,500.0,5000.0,2,5500.0,2750.0,20.0,5.0,12.0,2,0.0,airtime,ChannelId_3,ProviderId_1,57,2,5500.0,1
CustomerId_5245,101000.0,8416.666666666666,22642.069987819872,-1000.0,80000.0,12,103000.0,8583.333333333334,8.166666666666666,8.166666666666666,1.0,4,0.0,airtime,ChannelId_3,ProviderId_6,20,12,101000.0,0
CustomerId_5246,1000.0,1000.0,0.0,1000.0,1000.0,1,1000.0,1000.0,5.0,24.0,1.0,1,0.0,financial_services,ChannelId_3,ProviderId_1,8,1,1000.0,0
CustomerId_5248,15000.0,5000.0,8660.254037844386,-5000.0,10000.0,3,25000.0,8333.333333333334,4.666666666666667,22.666666666666668,1.0,2,0.0,airtime,ChannelId_3,ProviderId_5,7,3,15000.0,0
CustomerId_5249,20000.0,4000.0,6745.368781616021,-5000.0,10000.0,5,32000.0,6400.0,19.0,25.0,1.0,3,0.0,financial_services,ChannelId_3,ProviderId_4,6,5,20000.0,0
CustomerId_5251,49000.0,4083.3333333333335,7391.128998927557,-5000.0,10000.0,12,91000.0,7583.333333333333,14.583333333333334,12.833333333333334,12.0,3,0.0,airtime,ChannelId_3,ProviderId_4,41,12,49000.0,1
CustomerId_5253,19000.0,3166.6666666666665,7626.707459098367,-5000.0,10000.0,6,41000.0,6833.333333333333,17.0,21.0,12.0,3,0.0,airtime,ChannelId_2,ProviderId_4,41,6,19000.0,1
CustomerId_5254,334650.0,9561.42857142857,17881.93750899578,-5000.0,90000.0,35,415990.0,11885.42857142857,13.628571428571428,15.857142857142858,8.542857142857143,5,0.0,airtime,ChannelId_3,ProviderId_3,16,35,334650.0,0
CustomerId_5255,50000.0,50000.0,0.0,50000.0,50000.0,1,50000.0,50000.0,16.0,27.0,11.0,1,0.0,financial_services,ChannelId_3,ProviderId_1,65,1,50000.0,1
CustomerId_5256,38000.0,4222.222222222223,7293.452162347022,-5000.0,15000.0,9,60000.0,6666.666666666667,16.666666666666668,21.555555555555557,1.0,3,0.0,financial_services,ChannelId_3,ProviderId_6,2,9,38000.0,0
CustomerId_5257,80010.0,6667.5,9374.692358588723,-5000.0,20000.0,12,120010.0,10000.833333333334,10.0,14.0,12.0,4,0.0,airtime,ChannelId_3,ProviderId_6,42,12,80010.0,1
CustomerId_5258,20000.0,3333.3333333333335,7814.516406449389,-5000.0,11000.0,6,42000.0,7000.0,12.833333333333334,25.166666666666668,1.0,3,0.0,airtime,ChannelId_2,ProviderId_4,5,6,20000.0,0
CustomerId_5259,20000.0,3333.3333333333335,7814.516406449389,-5000.0,11000.0,6,42000.0,7000.0,7.5,25.166666666666668,1.0,3,0.0,airtime,ChannelId_2,ProviderId_4,5,6,20000.0,0
CustomerId_5260,209000.0,5805.555555555556,6628.162617387994,-5000.0,10000.0,36,301000.0,8361.111111111111,12.61111111111111,13.75,7.111111111111111,3,0.0,airtime,ChannelId_3,ProviderId_3,5,36,209000.0,0
CustomerId_5261,129000.0,4300.0,6842.010190600118,-5000.0,10500.0,30,213400.0,7113.333333333333,10.433333333333334,14.1,5.4,3,0.0,airtime,ChannelId_3,ProviderId_4,5,30,129000.0,0
CustomerId_5262,120000.0,4285.714285714285,7994.8925495160265,-5000.0,20200.0,28,222400.0,7942.857142857143,13.285714285714286,18.75,10.035714285714286,3,0.0,airtime,ChannelId_3,ProviderId_4,22,28,120000.0,0
CustomerId_5263,15000.0,3000.0,6745.368781616021,-5000.0,10000.0,5,27000.0,5400.0,16.0,18.0,1.0,3,0.0,financial_services,ChannelId_3,ProviderId_4,13,5,15000.0,0
CustomerId_5264,10000.0,10000.0,0.0,10000.0,10000.0,1,10000.0,10000.0,10.0,27.0,11.0,1,0.0,airtime,ChannelId_1,ProviderId_6,66,1,10000.0,1
CustomerId_5265,20000.0,3333.3333333333335,7814.516406449389,-5000.0,11000.0,6,42000.0,7000.0,12.166666666666666,25.166666666666668,1.0,3,0.0,airtime,ChannelId_2,ProviderId_4,5,6,20000.0,0
CustomerId_5266,133685.36,3038.303636363636,4797.170344123221,-14999.0,10000.0,44,208015.0,4727.613636363636,11.090909090909092,17.613636363636363,7.0,6,0.0,financial_services,ChannelId_3,ProviderId_6,6,44,133685.36,0
CustomerId_5267,74000.0,24666.666666666668,47961.7903474561,-5000.0,80000.0,3,86000.0,28666.666666666668,13.0,15.0,12.0,2,0.0,financial_services,ChannelId_2,ProviderId_4,47,3,74000.0,1
CustomerId_5269,20000.0,3333.3333333333335,6088.2400303098,-5000.0,10000.0,6,32000.0,5333.333333333333,8.0,11.0,1.0,4,0.0,airtime,ChannelId_3,ProviderId_6,21,6,20000.0,0
CustomerId_527,2000.0,2000.0,0.0,2000.0,2000.0,1,2000.0,2000.0,10.0,3.0,1.0,1,0.0,financial_services,ChannelId_3,ProviderId_1,28,1,2000.0,0
CustomerId_5271,90000.0,4285.714285714285,7163.399033579361,-5000.0,10000.0,21,162000.0,7714.285714285715,11.238095238095237,16.047619047619047,4.142857142857143,3,0.0,airtime,ChannelId_3,ProviderId_4,5,21,90000.0,0
CustomerId_5272,80000.0,4210.526315789473,7800.1349515991,-5000.0,16000.0,19,152000.0,8000.0,11.31578947368421,17.05263157894737,4.473684210526316,3,0.0,airtime,ChannelId_3,ProviderId_4,5,19,80000.0,0
CustomerId_5273,99000.0,12375.0,10541.584321154007,-1000.0,20000.0,8,103000.0,12875.0,9.75,14.0,1.0,4,0.0,financial_services,ChannelId_3,ProviderId_3,17,8,99000.0,0
CustomerId_5274,27262.5,1514.5833333333333,1644.2306107935674,-202.5,4200.0,18,28038.0,1557.6666666666667,16.166666666666668,19.444444444444443,7.777777777777778,4,0.0,financial_services,ChannelId_3,ProviderId_1,7,18,27262.5,0
CustomerId_5277,50000.0,4166.666666666667,7469.128382072355,-5000.0,11000.0,12,92000.0,7666.666666666667,10.0,21.666666666666668,1.0,3,0.0,airtime,ChannelId_3,ProviderId_1,5,12,50000.0,0
CustomerId_528,9900.0,3300.0,2944.486372867091,-100.0,5000.0,3,10100.0,3366.6666666666665,14.0,28.0,11.0,3,0.0,financial_services,ChannelId_3,ProviderId_1,64,3,9900.0,1
CustomerId_5280,39000.0,3545.4545454545455,7501.514998500454,-5000.0,10000.0,11,81000.0,7363.636363636364,4.181818181818182,17.181818181818183,12.0,3,0.0,airtime,ChannelId_3,ProviderId_4,42,11,39000.0,1
CustomerId_5282,69000.0,4928.571428571428,7130.263623503646,-5000.0,10000.0,14,111000.0,7928.571428571428,15.0,14.0,12.0,3,0.0,airtime,ChannelId_3,ProviderId_4,41,14,69000.0,1
CustomerId_5283,2566000.0,88482.75862068965,77883.78278364279,-5000.0,160000.0,29,2588000.0,89241.37931034483,13.344827586206897,12.310344827586206,12.0,4,0.0,financial_services,ChannelId_3,ProviderId_6,49,29,2566000.0,1
CustomerId_5284,11270.0,1024.5454545454545,1404.475799979221,-1000.0,4000.0,11,13730.0,1248.1818181818182,16.636363636363637,25.90909090909091,12.0,4,0.0,financial_services,ChannelId_3,ProviderId_4,35,11,11270.0,1
CustomerId_5285,99000.0,4950.0,7111.702734892234,-5000.0,10000.0,20,161000.0,8050.0,14.25,14.75,8.15,3,0.0,airtime,ChannelId_3,ProviderId_4,5,20,99000.0,0
CustomerId_5286,109000.0,4037.037037037037,7366.668600378753,-5000.0,10000.0,27,211000.0,7814.814814814815,11.962962962962964,13.703703703703704,5.888888888888889,3,0.0,airtime,ChannelId_3,ProviderId_4,5,27,109000.0,0
CustomerId_5287,10000.0,2500.0,6757.711644237764,-5000.0,10000.0,4,22000.0,5500.0,17.0,25.0,1.0,2,0.0,airtime,ChannelId_2,ProviderId_4,6,4,10000.0,0
CustomerId_5289,100000.0,6250.0,8935.173939735776,-5000.0,20000.0,16,132800.0,8300.0,11.0,19.1875,11.0,4,0.0,financial_services,ChannelId_3,ProviderId_4,70,16,100000.0,1
CustomerId_529,18185.0,957.1052631578947,1337.67970318163,-250.0,5000.0,19,19815.0,1042.8947368421052,9.210526315789474,12.578947368421053,8.421052631578947,4,0.0,airtime,ChannelId_3,ProviderId_4,6,19,18185.0,0
CustomerId_5290,40000.0,5714.285714285715,6369.570517030844,-5000.0,11000.0,7,52000.0,7428.571428571428,12.285714285714286,8.0,1.0,3,0.0,financial_services,ChannelId_3,ProviderId_6,20,7,40000.0,0
CustomerId_5293,190000.0,6129.032258064516,5590.125582870035,-5000.0,10025.0,31,232050.0,7485.4838709677415,15.870967741935484,16.483870967741936,8.612903225806452,4,0.0,financial_services,ChannelId_3,ProviderId_5,13,31,190000.0,0
CustomerId_5297,448000.0,448000.0,0.0,448000.0,448000.0,1,448000.0,448000.0,14.0,11.0,1.0,1,0.0,transport,ChannelId_3,ProviderId_5,20,1,448000.0,0
CustomerId_5298,20000.0,3333.3333333333335,3265.986323710904,2000.0,10000.0,6,20000.0,3333.3333333333335,16.666666666666668,25.0,1.0,2,0.0,airtime,ChannelId_3,ProviderId_3,6,6,20000.0,0
CustomerId_530,266850.0,6353.571428571428,8125.76932835903,-5000.0,20000.0,42,309300.0,7364.285714285715,10.928571428571429,19.428571428571427,1.0,5,0.0,airtime,ChannelId_3,ProviderId_5,2,42,266850.0,0
CustomerId_531,7470.0,622.5,801.2702982821033,-1000.0,2100.0,12,9770.0,814.1666666666666,12.666666666666666,24.083333333333332,9.0,4,0.0,financial_services,ChannelId_3,ProviderId_5,7,12,7470.0,0
CustomerId_5338,1000.0,1000.0,0.0,1000.0,1000.0,1,1000.0,1000.0,13.0,19.0,12.0,1,0.0,airtime,ChannelId_3,ProviderId_3,43,1,1000.0,1
CustomerId_5339,3000.0,1000.0,0.0,1000.0,1000.0,3,3000.0,1000.0,14.333333333333334,23.0,1.0,1,0.0,airtime,ChannelId_3,ProviderId_3,8,3,3000.0,0
CustomerId_534,5730.0,1432.5,2439.5815898086566,-250.0,5000.0,4,6270.0,1567.5,14.25,21.0,11.0,3,0.0,airtime,ChannelId_2,ProviderId_4,68,4,5730.0,1
CustomerId_535,1000.0,1000.0,0.0,1000.0,1000.0,1,1630.0,1630.0,15.0,29.0,1.0,1,0.0,utility_bill,ChannelId_3,ProviderId_1,2,1,1000.0,0
CustomerId_539,13950.0,1162.5,1695.867302913441,-1000.0,4000.0,12,17050.0,1420.8333333333333,12.416666666666666,18.666666666666668,1.0,3,0.0,financial_services,ChannelId_3,ProviderId_1,9,12,13950.0,0
CustomerId_540,10000.0,10000.0,0.0,10000.0,10000.0,1,10000.0,10000.0,20.0,13.0,12.0,1,0.0,financial_services,ChannelId_3,ProviderId_1,49,1,10000.0,1
CustomerId_541,18945.0,1894.5,3410.158199328067,-1000.0,10000.0,10,21855.0,2185.5,13.9,17.4,12.0,4,0.0,financial_services,ChannelId_2,ProviderId_4,38,10,18945.0,1
CustomerId_543,44300.0,1582.142857142857,2864.3497447618824,-5000.0,10000.0,28,57892.0,2067.5714285714284,13.321428571428571,18.5,11.678571428571429,7,0.0,financial_services,ChannelId_3,ProviderId_6,44,28,44300.0,1
CustomerId_544,2500.0,500.0,0.0,500.0,500.0,5,2500.0,500.0,21.8,5.0,1.0,1,0.0,financial_services,ChannelId_3,ProviderId_3,26,5,2500.0,0
CustomerId_545,500.0,500.0,0.0,500.0,500.0,1,500.0,500.0,5.0,23.0,12.0,1,0.0,airtime,ChannelId_3,ProviderId_3,40,1,500.0,1
CustomerId_546,19000.0,3166.6666666666665,7626.707459098367,-5000.0,10000.0,6,41000.0,6833.333333333333,20.0,21.0,12.0,3,0.0,airtime,ChannelId_2,ProviderId_4,41,6,19000.0,1
CustomerId_547,19000.0,3166.6666666666665,7626.707459098367,-5000.0,10000.0,6,41000.0,6833.333333333333,15.0,21.0,12.0,3,0.0,airtime,ChannelId_2,ProviderId_4,41,6,19000.0,1
CustomerId_549,140990.0,4861.724137931034,5908.001879391759,-5000.0,10000.0,29,193410.0,6669.310344827586,11.172413793103448,22.310344827586206,4.413793103448276,4,0.0,financial_services,ChannelId_3,ProviderId_6,6,29,140990.0,0
CustomerId_550,80000.0,4444.444444444444,6166.5341798168665,-5000.0,10000.0,18,122000.0,6777.777777777777,9.222222222222221,22.555555555555557,6.5,4,0.0,airtime,ChannelId_3,ProviderId_6,7,18,80000.0,0
CustomerId_551,39178.0,5596.857142857143,5500.806226623253,-1000.0,11000.0,7,43586.0,6226.571428571428,15.142857142857142,18.857142857142858,11.285714285714286,4,0.0,financial_services,ChannelId_3,ProviderId_3,58,7,39178.0,1
CustomerId_556,230489.0,1388.487951807229,2677.8848974697144,-5000.0,10000.0,166,294406.0,1773.5301204819277,13.126506024096386,18.156626506024097,9.162650602409638,9,0.0,airtime,ChannelId_3,ProviderId_4,2,166,230489.0,0
CustomerId_557,-525.0,-175.0,761.1668673819164,-1000.0,500.0,3,1525.0,508.3333333333333,21.0,20.0,1.0,2,0.0,financial_services,ChannelId_2,ProviderId_4,11,3,-525.0,0
CustomerId_558,17915.0,1378.076923076923,2385.9829721919104,-1000.0,7000.0,13,20085.0,1545.0,13.846153846153847,11.615384615384615,1.0,5,0.0,financial_services,ChannelId_3,ProviderId_6,19,13,17915.0,0
CustomerId_559,30000.0,4285.714285714285,7565.586245499766,-5000.0,11000.0,7,52000.0,7428.571428571428,13.571428571428571,18.142857142857142,1.0,3,0.0,airtime,ChannelId_3,ProviderId_1,13,7,30000.0,0
CustomerId_560,100000.0,4000.0,6850.425777521667,-5000.0,10700.0,25,173400.0,6936.0,14.8,24.0,11.2,3,0.0,airtime,ChannelId_3,ProviderId_4,41,25,100000.0,1
CustomerId_561,50000.0,3846.153846153846,6488.401881384889,-5000.0,10000.0,13,82000.0,6307.692307692308,6.3076923076923075,8.384615384615385,1.0,3,0.0,airtime,ChannelId_3,ProviderId_4,21,13,50000.0,0
CustomerId_563,123994.0,2296.185185185185,12287.982859587339,-5000.0,90000.0,54,152206.0,2818.6296296296296,12.203703703703704,19.85185185185185,7.314814814814815,5,0.0,airtime,ChannelId_3,ProviderId_5,1,54,123994.0,0
CustomerId_566,50000.0,50000.0,0.0,50000.0,50000.0,1,50000.0,50000.0,18.0,26.0,12.0,1,0.0,financial_services,ChannelId_3,ProviderId_3,36,1,50000.0,1
CustomerId_567,57825.0,2891.25,3440.8772883027805,-160.0,10000.0,20,58775.0,2938.75,13.4,19.7,1.0,5,0.0,airtime,ChannelId_3,ProviderId_1,1,20,57825.0,0
CustomerId_568,1000.0,1000.0,0.0,1000.0,1000.0,1,1000.0,1000.0,11.0,4.0,1.0,1,0.0,airtime,ChannelId_3,ProviderId_1,27,1,1000.0,0
CustomerId_572,102170.0,4442.173913043478,7704.626683494522,-1000.0,33000.0,23,106830.0,4644.782608695652,9.043478260869565,14.043478260869565,1.0,5,0.0,financial_services,ChannelId_3,ProviderId_6,9,23,102170.0,0
CustomerId_573,10000.0,10000.0,0.0,10000.0,10000.0,1,10000.0,10000.0,12.0,24.0,12.0,1,0.0,financial_services,ChannelId_1,ProviderId_1,38,1,10000.0,1
CustomerId_574,980.0,245.0,959.218431849597,-1000.0,1000.0,4,3020.0,755.0,19.5,28.75,1.0,3,0.0,financial_services,ChannelId_2,ProviderId_4,2,4,980.0,0
CustomerId_576,500.0,500.0,0.0,500.0,500.0,1,500.0,500.0,22.0,17.0,1.0,1,0.0,airtime,ChannelId_3,ProviderId_1,14,1,500.0,0
CustomerId_577,500.0,500.0,0.0,500.0,500.0,1,500.0,500.0,12.0,19.0,1.0,1,0.0,financial_services,ChannelId_3,ProviderId_1,12,1,500.0,0
CustomerId_578,58200.0,3063.157894736842,4941.205490151815,-5000.0,17000.0,19,70800.0,3726.315789473684,10.368421052631579,21.210526315789473,11.210526315789474,6,0.0,airtime,ChannelId_1,ProviderId_6,57,19,58200.0,1
CustomerId_581,1000.0,500.0,0.0,500.0,500.0,2,1000.0,500.0,11.0,27.0,11.0,1,0.0,airtime,ChannelId_3,ProviderId_1,65,2,1000.0,1
CustomerId_582,5475.0,1095.0,2305.184374404789,-1000.0,5000.0,5,7525.0,1505.0,15.0,12.0,1.0,3,0.0,financial_services,ChannelId_3,ProviderId_1,19,5,5475.0,0
CustomerId_585,4950.0,618.75,750.208304406183,-1000.0,1000.0,8,7050.0,881.25,12.25,20.75,11.0,3,0.0,financial_services,ChannelId_3,ProviderId_3,67,8,4950.0,1
CustomerId_586,19000.0,3166.6666666666665,7626.707459098367,-5000.0,10000.0,6,41000.0,6833.333333333333,20.0,28.0,12.0,3,0.0,airtime,ChannelId_2,ProviderId_4,34,6,19000.0,1
CustomerId_588,27950.0,1035.1851851851852,1954.7464332321003,-100.0,10000.0,27,29050.0,1075.9259259259259,13.148148148148149,9.481481481481481,11.703703703703704,4,0.0,financial_services,ChannelId_3,ProviderId_4,55,27,27950.0,1
CustomerId_590,1000.0,1000.0,0.0,1000.0,1000.0,1,1000.0,1000.0,16.0,10.0,1.0,1,0.0,financial_services,ChannelId_3,ProviderId_5,21,1,1000.0,0
CustomerId_592,106635.0,1025.3365384615386,1891.6921413081282,-1000.0,10000.0,104,113165.0,1088.125,12.432692307692308,17.48076923076923,10.836538461538462,5,0.0,financial_services,ChannelId_3,ProviderId_6,4,104,106635.0,0
CustomerId_593,1655.0,331.0,852.0886104156069,-1000.0,1000.0,5,3745.0,749.0,14.8,25.4,12.0,3,0.0,financial_services,ChannelId_3,ProviderId_1,34,5,1655.0,1
CustomerId_594,5157.0,396.6923076923077,5972.953392650008,-7000.0,10000.0,13,68567.0,5274.384615384615,12.0,21.307692307692307,6.923076923076923,5,0.0,airtime,ChannelId_5,ProviderId_4,4,13,5157.0,0
CustomerId_595,2000.0,2000.0,0.0,2000.0,2000.0,1,2000.0,2000.0,15.0,24.0,12.0,1,0.0,airtime,ChannelId_3,ProviderId_6,38,1,2000.0,1
CustomerId_596,5000.0,5000.0,0.0,5000.0,5000.0,1,5000.0,5000.0,12.0,17.0,11.0,1,0.0,financial_services,ChannelId_3,ProviderId_1,75,1,5000.0,1
CustomerId_598,8060.0,2015.0,3342.588817069787,-140.0,7000.0,4,8340.0,2085.0,12.75,15.5,11.0,2,0.0,airtime,ChannelId_3,ProviderId_6,76,4,8060.0,1
CustomerId_599,1286500.0,42883.333333333336,102304.2860980076,-5000.0,400000.0,30,1348500.0,44950.0,10.233333333333333,14.866666666666667,12.0,5,0.0,airtime,ChannelId_3,ProviderId_6,45,30,1286500.0,1
CustomerId_6,-10000.0,-10000.0,0.0,-10000.0,-10000.0,1,10000.0,10000.0,16.0,21.0,11.0,1,0.0,airtime,ChannelId_2,ProviderId_4,71,1,-10000.0,1
CustomerId_600,52005.0,1926.111111111111,2217.27150992339,-250.0,6000.0,27,55245.0,2046.111111111111,10.88888888888889,20.037037037037038,11.333333333333334,5,0.0,airtime,ChannelId_3,ProviderId_6,42,27,52005.0,1
CustomerId_601,79000.0,6076.923076923077,5563.445252442328,-5000.0,10000.0,13,92000.0,7076.923076923077,12.307692307692308,28.0,12.0,2,0.0,airtime,ChannelId_3,ProviderId_1,34,13,79000.0,1
CustomerId_602,100000.0,100000.0,0.0,100000.0,100000.0,1,100000.0,100000.0,10.0,17.0,12.0,1,0.0,financial_services,ChannelId_3,ProviderId_1,46,1,100000.0,1
CustomerId_603,120000.0,40000.0,51961.52422706632,10000.0,100000.0,3,120000.0,40000.0,7.0,14.0,12.0,1,0.0,financial_services,ChannelId_3,ProviderId_3,49,3,120000.0,1
CustomerId_604,3000.0,1000.0,0.0,1000.0,1000.0,3,3000.0,1000.0,14.333333333333334,3.0,1.0,2,0.0,airtime,ChannelId_3,ProviderId_6,28,3,3000.0,0
CustomerId_605,9332.0,405.7391304347826,655.6845983322459,-1000.0,1000.0,23,16558.0,719.9130434782609,9.434782608695652,19.17391304347826,5.782608695652174,5,0.0,airtime,ChannelId_3,ProviderId_4,7,23,9332.0,0
CustomerId_606,723391.0,4887.777027027027,16110.36539226823,-11000.0,100000.0,148,893179.0,6034.993243243243,11.202702702702704,21.506756756756758,6.797297297297297,13,0.0,airtime,ChannelId_3,ProviderId_6,1,148,723391.0,0
CustomerId_607,20000.0,4000.0,6745.368781616021,-5000.0,10000.0,5,32000.0,6400.0,13.0,11.0,1.0,3,0.0,financial_services,ChannelId_3,ProviderId_4,20,5,20000.0,0
CustomerId_609,29135.0,1713.8235294117646,2141.042042887473,-1000.0,5500.0,17,31465.0,1850.8823529411766,10.588235294117647,17.11764705882353,8.764705882352942,5,0.0,financial_services,ChannelId_3,ProviderId_6,22,17,29135.0,0
CustomerId_610,242000.39,4245.620877192982,9052.921895403297,-5000.0,42000.0,57,315731.0,5539.140350877193,15.228070175438596,18.771929824561404,6.912280701754386,9,0.0,financial_services,ChannelId_3,ProviderId_6,2,57,242000.39,0
CustomerId_611,6000.0,3000.0,2828.42712474619,1000.0,5000.0,2,6000.0,3000.0,3.5,21.0,12.0,1,0.0,financial_services,ChannelId_3,ProviderId_3,42,2,6000.0,1
CustomerId_612,45045.0,1287.0,1726.6646017854262,-496.0,6500.0,35,48475.0,1385.0,11.885714285714286,17.914285714285715,9.8,8,0.0,airtime,ChannelId_3,ProviderId_6,8,35,45045.0,0
CustomerId_613,8850.0,1106.25,1821.3883048770401,-1000.0,5000.0,8,11150.0,1393.75,13.75,16.625,6.5,4,0.0,airtime,ChannelId_3,ProviderId_6,25,8,8850.0,0
CustomerId_614,3165.0,633.0,429.4706043491219,-35.0,1000.0,5,3235.0,647.0,6.2,15.6,11.8,3,0.0,airtime,ChannelId_3,ProviderId_3,38,5,3165.0,1
CustomerId_619,81145.0,5796.071428571428,7160.308915384605,-1005.0,20000.0,14,85655.0,6118.214285714285,15.571428571428571,22.571428571428573,11.214285714285714,4,0.0,financial_services,ChannelId_3,ProviderId_6,17,14,81145.0,0
CustomerId_620,144000.0,24000.0,43405.06882842141,-5000.0,80000.0,6,176000.0,29333.333333333332,12.833333333333334,12.833333333333334,12.0,2,0.0,financial_services,ChannelId_2,ProviderId_4,48,6,144000.0,1
CustomerId_621,20000.0,4000.0,6745.368781616021,-5000.0,10000.0,5,32000.0,6400.0,8.0,25.0,1.0,3,0.0,financial_services,ChannelId_3,ProviderId_4,7,5,20000.0,0
CustomerId_622,19000.0,3800.0,6685.805860178712,-5000.0,10000.0,5,31000.0,6200.0,15.0,21.0,12.0,3,0.0,financial_services,ChannelId_3,ProviderId_4,41,5,19000.0,1
CustomerId_624,500.0,500.0,0.0,500.0,500.0,1,500.0,500.0,14.0,17.0,1.0,1,0.0,airtime,ChannelId_3,ProviderId_1,14,1,500.0,0
CustomerId_625,950249.0,4635.360975609756,22769.799900875725,-10000.0,200000.0,205,1057421.0,5158.151219512195,11.317073170731707,10.717073170731707,11.575609756097561,12,0.0,financial_services,ChannelId_3,ProviderId_6,52,205,950249.0,1
CustomerId_627,165400.0,1243.609022556391,2752.6052338196464,-5000.0,10573.0,133,211026.0,1586.6616541353383,12.451127819548873,22.082706766917294,11.285714285714286,7,0.0,airtime,ChannelId_3,ProviderId_6,33,133,165400.0,0
CustomerId_629,20000.0,4000.0,6745.368781616021,-5000.0,10000.0,5,32000.0,6400.0,13.0,25.0,1.0,3,0.0,financial_services,ChannelId_3,ProviderId_4,6,5,20000.0,0
CustomerId_630,500.0,500.0,0.0,500.0,500.0,1,500.0,500.0,3.0,30.0,12.0,1,0.0,airtime,ChannelId_3,ProviderId_1,33,1,500.0,1
CustomerId_633,12980.0,2163.3333333333335,1945.2677622031026,-20.0,5000.0,6,13020.0,2170.0,11.0,17.333333333333332,1.0,3,0.0,airtime,ChannelId_3,ProviderId_6,13,6,12980.0,0
CustomerId_636,24640.0,547.5555555555555,920.3276480677845,-1000.0,4000.0,45,27760.0,616.8888888888889,12.311111111111112,16.711111111111112,9.8,5,0.0,financial_services,ChannelId_3,ProviderId_4,11,45,24640.0,0
CustomerId_638,19000.0,3166.6666666666665,7626.707459098367,-5000.0,10000.0,6,41000.0,6833.333333333333,20.0,28.0,12.0,3,0.0,airtime,ChannelId_2,ProviderId_4,34,6,19000.0,1
CustomerId_639,19000.0,3800.0,6685.805860178712,-5000.0,10000.0,5,31000.0,6200.0,16.0,21.0,12.0,3,0.0,financial_services,ChannelId_3,ProviderId_4,41,5,19000.0,1
CustomerId_640,20000.0,2500.0,4590.362575159894,-5000.0,10000.0,8,32000.0,4000.0,17.0,25.0,1.0,4,0.0,financial_services,ChannelId_3,ProviderId_6,6,8,20000.0,0
CustomerId_642,5000.0,714.2857142857143,1253.5663410560176,-2000.0,2000.0,7,9000.0,1285.7142857142858,9.857142857142858,11.285714285714286,1.0,1,0.0,airtime,ChannelId_3,ProviderId_3,19,7,5000.0,0
CustomerId_643,10000.0,10000.0,0.0,10000.0,10000.0,1,10000.0,10000.0,7.0,30.0,1.0,1,0.0,financial_services,ChannelId_3,ProviderId_1,2,1,10000.0,0
CustomerId_644,500.0,500.0,0.0,500.0,500.0,1,500.0,500.0,20.0,12.0,12.0,1,0.0,data_bundles,ChannelId_3,ProviderId_5,50,1,500.0,1
CustomerId_645,20000.0,4000.0,6745.368781616021,-5000.0,10000.0,5,32000.0,6400.0,10.8,25.2,1.0,3,0.0,airtime,ChannelId_3,ProviderId_4,5,5,20000.0,0
CustomerId_646,-50.0,-16.666666666666668,1000.4165798972613,-1000.0,1000.0,3,2050.0,683.3333333333334,14.0,23.0,1.0,2,0.0,financial_services,ChannelId_2,ProviderId_4,8,3,-50.0,0
CustomerId_647,3277794.0,1878.391977077364,7753.735725283745,-5000.0,101300.0,1745,3515064.0,2014.363323782235,12.982808022922637,18.22349570200573,9.042406876790832,9,0.0,airtime,ChannelId_3,ProviderId_6,1,1745,3277794.0,0
CustomerId_648,26750.0,1783.3333333333333,2113.702461378634,-250.0,5000.0,15,29250.0,1950.0,18.733333333333334,19.133333333333333,2.466666666666667,2,0.0,airtime,ChannelId_3,ProviderId_1,1,15,26750.0,0
CustomerId_651,14500.0,3625.0,7586.995452746759,-5000.0,10000.0,4,26700.0,6675.0,11.0,30.0,11.0,3,0.0,financial_services,ChannelId_2,ProviderId_4,62,4,14500.0,1
CustomerId_652,842515.5,4985.298816568047,16130.202441338733,-5000.0,80000.0,169,937345.0,5546.420118343195,13.887573964497042,20.142011834319526,8.775147928994082,11,0.0,financial_services,ChannelId_3,ProviderId_6,1,169,842515.5,0
CustomerId_653,11990.0,799.3333333333334,1046.193553976009,-175.0,3500.0,15,13010.0,867.3333333333334,14.2,20.133333333333333,10.533333333333333,3,0.0,airtime,ChannelId_3,ProviderId_5,9,15,11990.0,0
CustomerId_654,15000.0,15000.0,0.0,15000.0,15000.0,1,15000.0,15000.0,10.0,16.0,11.0,1,0.0,financial_services,ChannelId_3,ProviderId_3,77,1,15000.0,1
CustomerId_655,115000.0,4259.259259259259,6168.110249143091,-5000.0,11000.0,27,177000.0,6555.555555555556,8.222222222222221,22.296296296296298,4.666666666666667,4,0.0,airtime,ChannelId_3,ProviderId_6,2,27,115000.0,0
CustomerId_656,10840.0,833.8461538461538,998.6702697548916,-1000.0,2000.0,13,13160.0,1012.3076923076923,13.76923076923077,19.76923076923077,4.384615384615385,6,0.0,financial_services,ChannelId_3,ProviderId_4,3,13,10840.0,0
CustomerId_660,133450.0,6672.5,5454.3392913590515,-5000.0,15000.0,20,144150.0,7207.5,13.4,12.0,9.8,3,0.0,financial_services,ChannelId_3,ProviderId_5,20,20,133450.0,0
CustomerId_661,118984.0,2051.448275862069,3608.8147063817196,-5000.0,10200.0,58,171416.0,2955.448275862069,14.482758620689655,21.379310344827587,5.844827586206897,4,0.0,airtime,ChannelId_3,ProviderId_6,7,58,118984.0,0
CustomerId_662,4000.0,2000.0,0.0,2000.0,2000.0,2,4000.0,2000.0,16.0,15.0,11.0,1,0.0,financial_services,ChannelId_3,ProviderId_5,77,2,4000.0,1
CustomerId_665,446974.16,1951.8522270742358,4754.724075037486,-5000.0,30000.0,229,500737.0,2186.6244541484716,10.270742358078603,19.860262008733624,9.825327510917031,10,0.0,financial_services,ChannelId_3,ProviderId_6,3,229,446974.16,0
CustomerId_666,19000.0,3166.6666666666665,7626.707459098367,-5000.0,10000.0,6,41000.0,6833.333333333333,16.166666666666668,28.0,12.0,3,0.0,airtime,ChannelId_2,ProviderId_4,34,6,19000.0,1
CustomerId_667,40000.0,5714.285714285715,9516.902257112266,-5000.0,20000.0,7,62000.0,8857.142857142857,18.857142857142858,11.0,1.0,4,0.0,financial_services,ChannelId_3,ProviderId_4,20,7,40000.0,0
CustomerId_668,2000.0,2000.0,0.0,2000.0,2000.0,1,2000.0,2000.0,4.0,18.0,12.0,1,0.0,financial_services,ChannelId_3,ProviderId_1,45,1,2000.0,1
CustomerId_670,-525.0,-175.0,761.1668673819164,-1000.0,500.0,3,1525.0,508.3333333333333,15.0,28.0,1.0,2,0.0,financial_services,ChannelId_2,ProviderId_4,3,3,-525.0,0
CustomerId_672,1500.0,50.0,2826.445312304534,-5000.0,10000.0,30,38500.0,1283.3333333333333,13.033333333333333,4.166666666666667,11.9,3,0.0,financial_services,ChannelId_2,ProviderId_4,58,30,1500.0,1
CustomerId_673,675.0,135.0,689.1117471063747,-1000.0,700.0,5,2725.0,545.0,13.0,27.0,12.0,3,0.0,financial_services,ChannelId_3,ProviderId_1,35,5,675.0,1
CustomerId_679,-20.0,-6.666666666666667,1000.0666644445926,-1000.0,1000.0,3,2020.0,673.3333333333334,15.0,27.0,12.0,2,0.0,financial_services,ChannelId_2,ProviderId_4,35,3,-20.0,1
CustomerId_680,20810.0,1891.8181818181818,3124.8258133272584,-1000.0,10000.0,11,23190.0,2108.181818181818,8.818181818181818,12.909090909090908,5.0,4,0.0,airtime,ChannelId_3,ProviderId_4,13,11,20810.0,0
CustomerId_682,2000.0,2000.0,0.0,2000.0,2000.0,1,2000.0,2000.0,17.0,30.0,1.0,1,0.0,financial_services,ChannelId_1,ProviderId_1,1,1,2000.0,0
CustomerId_683,89000.0,3869.5652173913045,1604.095548788871,1000.0,5000.0,23,100250.0,4358.695652173913,10.782608695652174,29.391304347826086,11.043478260869565,3,0.0,utility_bill,ChannelId_3,ProviderId_3,8,23,89000.0,0
CustomerId_684,80000.0,3076.923076923077,8179.501583461314,-5000.0,20000.0,26,182800.0,7030.7692307692305,11.846153846153847,22.884615384615383,11.192307692307692,3,0.0,financial_services,ChannelId_2,ProviderId_4,41,26,80000.0,1
CustomerId_687,51000.0,25500.0,34648.23227814083,1000.0,50000.0,2,51000.0,25500.0,11.0,19.0,1.0,2,0.0,airtime,ChannelId_3,ProviderId_1,12,2,51000.0,0
CustomerId_689,14250.0,3562.5,4984.87295057089,-500.0,10000.0,4,15750.0,3937.5,12.0,27.5,12.0,2,0.0,airtime,ChannelId_2,ProviderId_4,35,4,14250.0,1
CustomerId_690,38181.0,2386.3125,5998.950260601155,-5000.0,20000.0,16,56019.0,3501.1875,14.0625,18.4375,8.75,4,0.0,financial_services,ChannelId_3,ProviderId_1,13,16,38181.0,0
CustomerId_691,120000.0,7058.823529411765,24283.251914218818,-5000.0,100000.0,17,149500.0,8794.117647058823,13.705882352941176,13.117647058823529,1.0,7,0.0,airtime,ChannelId_3,ProviderId_6,13,17,120000.0,0
CustomerId_692,20000.0,4000.0,6745.368781616021,-5000.0,10000.0,5,32000.0,6400.0,18.0,25.0,1.0,3,0.0,financial_services,ChannelId_3,ProviderId_4,6,5,20000.0,0
CustomerId_693,200000.0,200000.0,0.0,200000.0,200000.0,1,200000.0,200000.0,9.0,17.0,11.0,1,0.0,financial_services,ChannelId_3,ProviderId_1,76,1,200000.0,1
CustomerId_694,1925.0,275.0,704.0063920164362,-1000.0,1000.0,7,4075.0,582.1428571428571,8.428571428571429,15.0,12.0,2,0.0,airtime,ChannelId_3,ProviderId_1,46,7,1925.0,1
CustomerId_695,1000.0,1000.0,0.0,1000.0,1000.0,1,1000.0,1000.0,17.0,20.0,12.0,1,0.0,airtime,ChannelId_3,ProviderId_1,42,1,1000.0,1
CustomerId_696,19000.0,3166.6666666666665,7626.707459098367,-5000.0,10000.0,6,41000.0,6833.333333333333,20.0,7.0,12.0,3,0.0,airtime,ChannelId_2,ProviderId_4,55,6,19000.0,1
CustomerId_697,1000.0,500.0,0.0,500.0,500.0,2,1000.0,500.0,10.0,20.0,12.0,2,0.0,airtime,ChannelId_3,ProviderId_1,43,2,1000.0,1
CustomerId_698,629000.0,17971.428571428572,84176.24218209766,-5000.0,500000.0,35,752400.0,21497.14285714286,12.371428571428572,17.82857142857143,7.914285714285715,4,1.0,airtime,ChannelId_3,ProviderId_4,5,35,629000.0,0
CustomerId_699,32675.0,4084.375,8001.327317344649,-5000.0,17000.0,8,54325.0,6790.625,13.625,26.125,11.375,2,0.0,airtime,ChannelId_2,ProviderId_4,41,8,32675.0,1
CustomerId_7,-10000.0,-10000.0,0.0,-10000.0,-10000.0,1,10000.0,10000.0,16.0,21.0,11.0,1,0.0,airtime,ChannelId_2,ProviderId_4,71,1,-10000.0,1
CustomerId_700,9750.0,390.0,471.0847411382938,-100.0,2000.0,25,10450.0,418.0,10.92,19.0,5.32,7,0.0,financial_services,ChannelId_3,ProviderId_1,2,25,9750.0,0
CustomerId_701,10000.0,10000.0,0.0,10000.0,10000.0,1,10000.0,10000.0,13.0,18.0,12.0,1,0.0,financial_services,ChannelId_3,ProviderId_1,44,1,10000.0,1
CustomerId_702,20000.0,4000.0,6745.368781616021,-5000.0,10000.0,5,32000.0,6400.0,12.0,11.0,1.0,3,0.0,financial_services,ChannelId_3,ProviderId_4,20,5,20000.0,0
CustomerId_703,2000.0,2000.0,0.0,2000.0,2000.0,1,2000.0,2000.0,13.0,6.0,12.0,1,0.0,financial_services,ChannelId_3,ProviderId_1,56,1,2000.0,1
CustomerId_704,51000.0,25500.0,34648.23227814083,1000.0,50000.0,2,51000.0,25500.0,17.5,4.0,12.0,2,0.0,airtime,ChannelId_3,ProviderId_1,57,2,51000.0,1
CustomerId_705,1000.0,1000.0,0.0,1000.0,1000.0,1,1000.0,1000.0,14.0,8.0,1.0,1,0.0,airtime,ChannelId_3,ProviderId_1,23,1,1000.0,0
CustomerId_706,11500.0,2875.0,2462.214450449026,500.0,5000.0,4,11500.0,2875.0,11.75,18.25,1.0,1,0.0,financial_services,ChannelId_3,ProviderId_3,6,4,11500.0,0
CustomerId_707,50000.0,4166.666666666667,7469.128382072355,-5000.0,11000.0,12,92000.0,7666.666666666667,10.416666666666666,21.666666666666668,1.0,3,0.0,airtime,ChannelId_3,ProviderId_1,5,12,50000.0,0
CustomerId_708,8000.0,888.8888888888889,893.6504412303007,-1000.0,2000.0,9,10000.0,1111.111111111111,16.555555555555557,8.88888888888889,1.0,3,0.0,financial_services,ChannelId_3,ProviderId_1,21,9,8000.0,0
CustomerId_709,3000.0,1000.0,0.0,1000.0,1000.0,3,3000.0,1000.0,9.0,23.333333333333332,11.0,2,0.0,financial_services,ChannelId_3,ProviderId_1,63,3,3000.0,1
CustomerId_710,12000.0,6000.0,1414.213562373095,5000.0,7000.0,2,12000.0,6000.0,11.5,23.0,11.0,2,0.0,airtime,ChannelId_1,ProviderId_6,69,2,12000.0,1
CustomerId_711,1000.0,500.0,0.0,500.0,500.0,2,1000.0,500.0,8.0,20.0,6.5,2,0.0,airtime,ChannelId_3,ProviderId_1,21,2,1000.0,0
CustomerId_7112,70000.0,35000.0,0.0,35000.0,35000.0,2,76100.0,38050.0,10.0,5.0,1.0,1,0.0,utility_bill,ChannelId_3,ProviderId_3,26,2,70000.0,0
CustomerId_712,39717.0,1323.9,2126.22105040196,-250.0,10000.0,30,41683.0,1389.4333333333334,11.4,18.3,3.033333333333333,4,0.0,financial_services,ChannelId_3,ProviderId_4,1,30,39717.0,0
CustomerId_713,280000.0,6363.636363636364,8999.950669350357,-5000.0,20000.0,44,421400.0,9577.272727272728,9.431818181818182,16.681818181818183,8.681818181818182,4,0.0,financial_services,ChannelId_3,ProviderId_6,21,44,280000.0,0
CustomerId_714,9600.0,480.0,624.584072129521,-1000.0,1000.0,20,12400.0,620.0,11.4,17.05,1.0,2,0.0,airtime,ChannelId_3,ProviderId_5,10,20,9600.0,0
CustomerId_715,20000.0,10000.0,0.0,10000.0,10000.0,2,20000.0,10000.0,12.0,16.0,11.0,1,0.0,financial_services,ChannelId_3,ProviderId_1,76,2,20000.0,1
CustomerId_716,1000.0,1000.0,0.0,1000.0,1000.0,1,1000.0,1000.0,3.0,21.0,11.0,1,0.0,airtime,ChannelId_3,ProviderId_1,72,1,1000.0,1
CustomerId_717,15384.0,1282.0,1750.582448527035,-496.0,6000.0,12,17291.0,1440.9166666666667,11.25,16.75,1.9166666666666667,5,0.0,financial_services,ChannelId_3,ProviderId_6,11,12,15384.0,0
CustomerId_718,44851.0,2491.722222222222,3695.4274417344714,-250.0,10000.0,18,46341.0,2574.5,13.833333333333334,28.166666666666668,1.5555555555555556,4,0.0,financial_services,ChannelId_3,ProviderId_6,2,18,44851.0,0
CustomerId_720,1500.0,1500.0,0.0,1500.0,1500.0,1,1500.0,1500.0,20.0,24.0,1.0,1,0.0,financial_services,ChannelId_3,ProviderId_1,7,1,1500.0,0
CustomerId_723,25000.0,8333.333333333334,2886.7513459481293,5000.0,10000.0,3,25000.0,8333.333333333334,8.0,4.0,1.0,2,0.0,financial_services,ChannelId_3,ProviderId_3,28,3,25000.0,0
CustomerId_727,55970.0,2152.6923076923076,3689.467774833989,-1000.0,11500.0,26,59030.0,2270.3846153846152,15.461538461538462,11.0,1.0,6,0.0,financial_services,ChannelId_3,ProviderId_4,20,26,55970.0,0
CustomerId_728,10000.0,10000.0,0.0,10000.0,10000.0,1,10000.0,10000.0,10.0,29.0,11.0,1,0.0,financial_services,ChannelId_3,ProviderId_1,64,1,10000.0,1
CustomerId_730,19000.0,3800.0,6685.805860178712,-5000.0,10000.0,5,31000.0,6200.0,9.0,28.0,12.0,3,0.0,financial_services,ChannelId_3,ProviderId_4,35,5,19000.0,1
CustomerId_732,3900.0,650.0,542.2176684690384,-50.0,1000.0,6,4100.0,683.3333333333334,19.5,29.5,12.0,3,0.0,financial_services,ChannelId_3,ProviderId_4,32,6,3900.0,1
CustomerId_7321,60000.0,10000.0,0.0,10000.0,10000.0,6,60000.0,10000.0,8.0,5.0,12.0,2,0.0,airtime,ChannelId_3,ProviderId_3,58,6,60000.0,1
CustomerId_7323,20000.0,10000.0,0.0,10000.0,10000.0,2,20000.0,10000.0,6.0,7.0,1.0,1,0.0,financial_services,ChannelId_3,ProviderId_3,25,2,20000.0,0
CustomerId_7324,19998.0,9999.0,0.0,9999.0,9999.0,2,19998.0,9999.0,7.0,15.0,11.0,1,0.0,financial_services,ChannelId_3,ProviderId_3,78,2,19998.0,1
CustomerId_7325,10000.0,5000.0,0.0,5000.0,5000.0,2,10000.0,5000.0,4.0,25.0,11.0,1,0.0,financial_services,ChannelId_3,ProviderId_3,68,2,10000.0,1
CustomerId_7326,65000.0,10833.333333333334,7359.800721939872,5000.0,20000.0,6,65000.0,10833.333333333334,6.0,9.166666666666666,1.0,1,0.0,financial_services,ChannelId_3,ProviderId_3,22,6,65000.0,0
CustomerId_7327,11700.0,1170.0,1779.5442612584204,500.0,6200.0,10,11700.0,1170.0,7.6,8.6,1.0,1,0.0,financial_services,ChannelId_3,ProviderId_3,23,10,11700.0,0
CustomerId_7328,306000.0,61200.0,53147.90682613945,1000.0,100000.0,5,306000.0,61200.0,11.0,18.0,12.0,1,0.0,financial_services,ChannelId_3,ProviderId_3,44,5,306000.0,1
CustomerId_7329,60000.0,20000.0,25980.76211353316,5000.0,50000.0,3,60000.0,20000.0,13.0,22.0,12.0,1,0.0,financial_services,ChannelId_3,ProviderId_3,40,3,60000.0,1
CustomerId_733,11000.0,5500.0,6363.961030678927,1000.0,10000.0,2,11000.0,5500.0,18.5,23.5,12.0,1,0.0,financial_services,ChannelId_3,ProviderId_1,38,2,11000.0,1
CustomerId_7331,500.0,500.0,0.0,500.0,500.0,1,500.0,500.0,17.0,12.0,12.0,1,0.0,financial_services,ChannelId_3,ProviderId_1,50,1,500.0,1
CustomerId_7332,-6500.0,-1300.0,670.820393249937,-2500.0,-1000.0,5,6500.0,1300.0,10.0,4.6,12.0,2,0.0,airtime,ChannelId_2,ProviderId_4,55,5,-6500.0,1
CustomerId_7334,-8000.0,-2666.6666666666665,1154.7005383792516,-4000.0,-2000.0,3,8000.0,2666.6666666666665,9.0,14.333333333333334,12.0,1,0.0,airtime,ChannelId_2,ProviderId_4,48,3,-8000.0,1
CustomerId_7335,-1500.0,-750.0,353.5533905932738,-1000.0,-500.0,2,1500.0,750.0,17.5,24.5,12.0,1,0.0,airtime,ChannelId_2,ProviderId_4,37,2,-1500.0,1
CustomerId_7336,-28400.0,-1494.7368421052631,933.6152456448988,-5000.0,-1000.0,19,29810.0,1568.9473684210527,11.947368421052632,17.68421052631579,10.842105263157896,3,0.0,airtime,ChannelId_2,ProviderId_4,21,19,-28400.0,0
CustomerId_7338,-2760000.0,-306666.6666666667,396263.80102149124,-1000000.0,-10000.0,9,2775800.0,308422.22222222225,13.666666666666666,10.0,1.0,4,0.0,airtime,ChannelId_2,ProviderId_4,21,9,-2760000.0,0
CustomerId_7339,-1700000.0,-425000.0,359397.6442141304,-900000.0,-100000.0,4,1700000.0,425000.0,15.5,10.0,1.0,2,2.0,airtime,ChannelId_2,ProviderId_4,21,4,-1700000.0,0
CustomerId_734,315000.0,4772.727272727273,11665.560230597852,-5000.0,70000.0,66,343666.0,5207.060606060606,15.030303030303031,24.12121212121212,8.666666666666666,8,0.0,financial_services,ChannelId_3,ProviderId_6,7,66,315000.0,0
CustomerId_7340,-500.0,-500.0,0.0,-500.0,-500.0,1,500.0,500.0,7.0,20.0,11.0,1,0.0,airtime,ChannelId_2,ProviderId_4,73,1,-500.0,1
CustomerId_7341,-150000.0,-150000.0,0.0,-150000.0,-150000.0,1,158300.0,158300.0,4.0,20.0,11.0,1,0.0,utility_bill,ChannelId_2,ProviderId_4,73,1,-150000.0,1
CustomerId_7343,-104900000.0,-25641.652407724272,12952.599897891021,-200000.0,-5000.0,4091,104900000.0,25641.652407724272,13.189440234661452,6.209973111708629,6.572476167196284,4,0.0,airtime,ChannelId_2,ProviderId_4,16,4091,-104900000.0,0
CustomerId_7344,-4600.0,-920.0,396.23225512317896,-1500.0,-500.0,5,4600.0,920.0,8.4,20.2,11.6,2,0.0,airtime,ChannelId_2,ProviderId_4,45,5,-4600.0,1
CustomerId_735,18000.0,4500.0,8812.869377601524,-5000.0,12000.0,4,30720.0,7680.0,5.0,11.0,1.0,2,0.0,financial_services,ChannelId_2,ProviderId_1,21,4,18000.0,0
CustomerId_738,500.0,500.0,0.0,500.0,500.0,1,500.0,500.0,8.0,29.0,1.0,1,0.0,airtime,ChannelId_3,ProviderId_1,3,1,500.0,0
CustomerId_739,30000.0,3750.0,7094.061903149301,-5000.0,10700.0,8,51400.0,6425.0,9.625,23.0,11.0,3,0.0,airtime,ChannelId_2,ProviderId_4,69,8,30000.0,1
CustomerId_740,4000.0,1333.3333333333333,7767.453465154029,-5000.0,10000.0,3,16000.0,5333.333333333333,9.0,17.0,12.0,2,0.0,financial_services,ChannelId_2,ProviderId_4,46,3,4000.0,1
CustomerId_7401,-600000.0,-300000.0,282842.71247461904,-500000.0,-100000.0,2,600000.0,300000.0,22.0,10.0,1.0,2,1.0,airtime,ChannelId_2,ProviderId_4,21,2,-600000.0,0
CustomerId_7402,-2000.0,-1000.0,0.0,-1000.0,-1000.0,2,2000.0,1000.0,18.0,4.0,12.0,2,0.0,airtime,ChannelId_2,ProviderId_4,58,2,-2000.0,1
CustomerId_7403,-12300.0,-1230.0,725.7945837341153,-3000.0,-500.0,10,12300.0,1230.0,13.0,14.4,2.1,1,0.0,airtime,ChannelId_2,ProviderId_4,10,10,-12300.0,0
CustomerId_7404,-1000.0,-1000.0,0.0,-1000.0,-1000.0,1,1000.0,1000.0,10.0,31.0,12.0,1,0.0,airtime,ChannelId_2,ProviderId_4,32,1,-1000.0,1
CustomerId_7406,-7500.0,-1875.0,629.1528696058958,-2500.0,-1000.0,4,7500.0,1875.0,17.5,8.0,1.0,3,0.0,airtime,ChannelId_2,ProviderId_4,17,4,-7500.0,0
CustomerId_7407,-18077.0,-3615.4,2077.639477869055,-6000.0,-1000.0,5,18800.0,3760.0,15.2,21.2,7.6,4,0.0,airtime,ChannelId_2,ProviderId_4,17,5,-18077.0,0
CustomerId_7408,-52500.0,-17500.0,28155.816450602175,-50000.0,-500.0,3,52500.0,17500.0,13.0,21.666666666666668,8.333333333333334,1,0.0,airtime,ChannelId_2,ProviderId_4,18,3,-52500.0,0
CustomerId_7409,-288000.0,-4800.0,10274.701529748869,-60000.0,-500.0,60,296700.0,4945.0,9.2,15.0,10.15,5,0.0,airtime,ChannelId_2,ProviderId_4,21,60,-288000.0,0
CustomerId_7410,-19200.0,-2400.0,3043.494232433691,-9000.0,-500.0,8,19200.0,2400.0,9.25,11.5,4.75,2,0.0,airtime,ChannelId_2,ProviderId_4,21,8,-19200.0,0
CustomerId_7412,-86578.0,-6184.142857142857,10941.178967953645,-37878.0,-500.0,14,89715.0,6408.214285714285,10.5,14.214285714285714,7.642857142857143,4,0.0,airtime,ChannelId_2,ProviderId_4,21,14,-86578.0,0
CustomerId_7413,1000.0,500.0,0.0,500.0,500.0,2,1000.0,500.0,8.5,29.0,1.0,1,0.0,financial_services,ChannelId_1,ProviderId_5,3,2,1000.0,0
CustomerId_7414,1630000.0,815000.0,127279.22061357855,725000.0,905000.0,2,1630000.0,815000.0,10.0,17.0,11.0,1,2.0,financial_services,ChannelId_1,ProviderId_5,73,2,1630000.0,1
CustomerId_7415,500.0,500.0,0.0,500.0,500.0,1,500.0,500.0,13.0,6.0,12.0,1,0.0,financial_services,ChannelId_1,ProviderId_5,56,1,500.0,1
CustomerId_7416,880000.0,880000.0,0.0,880000.0,880000.0,1,880000.0,880000.0,7.0,29.0,1.0,1,1.0,financial_services,ChannelId_1,ProviderId_5,3,1,880000.0,0
CustomerId_7417,196000.0,98000.0,137885.82233137678,500.0,195500.0,2,196000.0,98000.0,6.5,29.0,1.0,1,0.0,financial_services,ChannelId_1,ProviderId_5,3,2,196000.0,0
CustomerId_7418,361000.0,361000.0,0.0,361000.0,361000.0,1,361000.0,361000.0,13.0,6.0,12.0,1,0.0,financial_services,ChannelId_1,ProviderId_5,56,1,361000.0,1
CustomerId_742,5500.0,2750.0,3181.9805153394636,500.0,5000.0,2,5500.0,2750.0,18.5,19.0,12.0,2,0.0,airtime,ChannelId_3,ProviderId_1,40,2,5500.0,1
CustomerId_7426,-10000.0,-909.0909090909091,301.5113445777636,-1500.0,-500.0,11,10000.0,909.0909090909091,8.727272727272727,14.454545454545455,9.272727272727273,2,0.0,airtime,ChannelId_2,ProviderId_4,25,11,-10000.0,0
CustomerId_7427,-1000.0,-1000.0,0.0,-1000.0,-1000.0,1,1000.0,1000.0,12.0,25.0,11.0,1,0.0,airtime,ChannelId_2,ProviderId_4,67,1,-1000.0,1
CustomerId_7428,-7000.0,-2333.3333333333335,2362.9078131263045,-5000.0,-500.0,3,7000.0,2333.3333333333335,12.0,15.666666666666666,11.666666666666666,2,0.0,airtime,ChannelId_2,ProviderId_4,43,3,-7000.0,1
CustomerId_7429,-520000.0,-260000.0,339411.2549695428,-500000.0,-20000.0,2,520000.0,260000.0,17.0,15.0,1.0,1,1.0,airtime,ChannelId_2,ProviderId_4,16,2,-520000.0,0
CustomerId_7430,-94200.0,-2943.75,4424.77901762774,-20000.0,-500.0,32,94200.0,2943.75,10.65625,15.78125,11.65625,3,0.0,airtime,ChannelId_2,ProviderId_4,45,32,-94200.0,1
CustomerId_7431,-5900.0,-1966.6666666666667,57.73502691896261,-2000.0,-1900.0,3,5900.0,1966.6666666666667,18.333333333333332,19.333333333333332,1.0,1,0.0,airtime,ChannelId_2,ProviderId_4,7,3,-5900.0,0
CustomerId_7433,-3000.0,-3000.0,0.0,-3000.0,-3000.0,1,3000.0,3000.0,7.0,28.0,12.0,1,0.0,airtime,ChannelId_2,ProviderId_4,35,1,-3000.0,1
CustomerId_7434,-11000.0,-2750.0,1500.0,-5000.0,-2000.0,4,11000.0,2750.0,9.75,25.0,11.0,2,0.0,airtime,ChannelId_2,ProviderId_4,65,4,-11000.0,1
CustomerId_7435,-50000.0,-50000.0,0.0,-50000.0,-50000.0,1,53500.0,53500.0,21.0,19.0,12.0,1,0.0,utility_bill,ChannelId_2,ProviderId_4,43,1,-50000.0,1
CustomerId_7436,-5500.0,-1375.0,1108.6778913041726,-3000.0,-500.0,4,5500.0,1375.0,10.5,16.5,11.5,2,0.0,airtime,ChannelId_2,ProviderId_4,51,4,-5500.0,1
CustomerId_7437,-6500.0,-2166.6666666666665,288.67513459481285,-2500.0,-2000.0,3,6500.0,2166.6666666666665,6.666666666666667,20.0,11.333333333333334,2,0.0,airtime,ChannelId_2,ProviderId_4,33,3,-6500.0,1
CustomerId_7438,-50000.0,-50000.0,0.0,-50000.0,-50000.0,1,50000.0,50000.0,4.0,19.0,12.0,1,0.0,airtime,ChannelId_2,ProviderId_4,44,1,-50000.0,1
CustomerId_7439,-19000.0,-1583.3333333333333,996.2049198956217,-4000.0,-1000.0,12,19000.0,1583.3333333333333,10.416666666666666,24.666666666666668,1.0,2,0.0,airtime,ChannelId_2,ProviderId_4,1,12,-19000.0,0
CustomerId_7440,-33900.0,-33900.0,0.0,-33900.0,-33900.0,1,36917.0,36917.0,13.0,30.0,11.0,1,0.0,utility_bill,ChannelId_2,ProviderId_4,62,1,-33900.0,1
CustomerId_7441,-1500.0,-750.0,353.5533905932738,-1000.0,-500.0,2,1500.0,750.0,9.5,17.0,12.0,1,0.0,airtime,ChannelId_2,ProviderId_4,45,2,-1500.0,1
CustomerId_7442,-56000.0,-2545.4545454545455,1100.9637651263606,-5000.0,-1000.0,22,56000.0,2545.4545454545455,13.727272727272727,21.454545454545453,1.0,2,0.0,airtime,ChannelId_2,ProviderId_4,1,22,-56000.0,0
CustomerId_7443,-16000.0,-2666.6666666666665,516.3977794943222,-3000.0,-2000.0,6,16000.0,2666.6666666666665,16.0,19.166666666666668,12.0,1,0.0,airtime,ChannelId_2,ProviderId_4,41,6,-16000.0,1
CustomerId_7444,-20000.0,-20000.0,0.0,-20000.0,-20000.0,1,20000.0,20000.0,9.0,6.0,12.0,1,0.0,airtime,ChannelId_2,ProviderId_4,57,1,-20000.0,1
CustomerId_7445,-6000.0,-2000.0,0.0,-2000.0,-2000.0,3,6000.0,2000.0,9.0,22.0,11.0,1,0.0,airtime,ChannelId_2,ProviderId_4,67,3,-6000.0,1
CustomerId_7446,-1000.0,-500.0,0.0,-500.0,-500.0,2,1000.0,500.0,10.5,19.5,11.5,1,0.0,airtime,ChannelId_2,ProviderId_4,49,2,-1000.0,1
CustomerId_7447,-45000.0,-15000.0,8660.254037844386,-20000.0,-5000.0,3,45000.0,15000.0,9.0,20.0,8.0,1,0.0,airtime,ChannelId_2,ProviderId_4,16,3,-45000.0,0
CustomerId_7448,-2000.0,-2000.0,0.0,-2000.0,-2000.0,1,2000.0,2000.0,19.0,6.0,12.0,1,0.0,airtime,ChannelId_2,ProviderId_4,56,1,-2000.0,1
CustomerId_745,500.0,500.0,0.0,500.0,500.0,1,500.0,500.0,12.0,20.0,1.0,1,0.0,airtime,ChannelId_3,ProviderId_1,11,1,500.0,0
CustomerId_7450,-261000.0,-20076.923076923078,7587.945906299219,-25000.0,-3000.0,13,261000.0,20076.923076923078,7.769230769230769,16.923076923076923,7.923076923076923,1,0.0,airtime,ChannelId_2,ProviderId_4,13,13,-261000.0,0
CustomerId_7451,-13431.0,-1918.7142857142858,1090.8337353122326,-4000.0,-1000.0,7,13431.0,1918.7142857142858,10.571428571428571,10.714285714285714,4.142857142857143,1,0.0,airtime,ChannelId_2,ProviderId_4,27,7,-13431.0,0
CustomerId_7452,-285000.0,-31666.666666666668,19364.916731037083,-50000.0,-5000.0,9,288500.0,32055.555555555555,9.444444444444445,12.555555555555555,8.222222222222221,3,0.0,airtime,ChannelId_2,ProviderId_4,19,9,-285000.0,0
CustomerId_7453,3000.0,500.0,0.0,500.0,500.0,6,3000.0,500.0,11.5,17.666666666666668,11.166666666666666,1,0.0,financial_services,ChannelId_1,ProviderId_5,57,6,3000.0,1
CustomerId_7454,-1600.0,-800.0,282.842712474619,-1000.0,-600.0,2,1600.0,800.0,11.5,10.5,12.0,1,0.0,airtime,ChannelId_2,ProviderId_4,45,2,-1600.0,1
CustomerId_7455,-70000.0,-70000.0,0.0,-70000.0,-70000.0,1,70000.0,70000.0,10.0,11.0,12.0,1,0.0,airtime,ChannelId_2,ProviderId_4,51,1,-70000.0,1
CustomerId_7456,-30000.0,-30000.0,0.0,-30000.0,-30000.0,1,30000.0,30000.0,10.0,11.0,12.0,1,0.0,airtime,ChannelId_2,ProviderId_4,51,1,-30000.0,1
CustomerId_7457,-100000.0,-100000.0,0.0,-100000.0,-100000.0,1,100000.0,100000.0,10.0,11.0,12.0,1,0.0,airtime,ChannelId_2,ProviderId_4,51,1,-100000.0,1
CustomerId_7458,-80000.0,-40000.0,0.0,-40000.0,-40000.0,2,80000.0,40000.0,11.5,16.5,6.5,1,0.0,airtime,ChannelId_2,ProviderId_4,9,2,-80000.0,0
CustomerId_7459,-120000.0,-60000.0,0.0,-60000.0,-60000.0,2,120000.0,60000.0,11.5,16.5,6.5,1,0.0,airtime,ChannelId_2,ProviderId_4,9,2,-120000.0,0
CustomerId_7460,-80000.0,-40000.0,14142.13562373095,-50000.0,-30000.0,2,80000.0,40000.0,11.5,16.5,6.5,1,0.0,airtime,ChannelId_2,ProviderId_4,9,2,-80000.0,0
CustomerId_7461,-120000.0,-60000.0,14142.13562373095,-70000.0,-50000.0,2,120000.0,60000.0,11.5,16.5,6.5,1,0.0,airtime,ChannelId_2,ProviderId_4,9,2,-120000.0,0
CustomerId_7462,-100000.0,-50000.0,0.0,-50000.0,-50000.0,2,100000.0,50000.0,11.5,16.5,6.5,1,0.0,airtime,ChannelId_2,ProviderId_4,9,2,-100000.0,0
CustomerId_7463,-100000.0,-50000.0,0.0,-50000.0,-50000.0,2,100000.0,50000.0,11.5,16.5,6.5,1,0.0,airtime,ChannelId_2,ProviderId_4,9,2,-100000.0,0
CustomerId_7464,-50000.0,-50000.0,0.0,-50000.0,-50000.0,1,50000.0,50000.0,10.0,11.0,12.0,1,0.0,airtime,ChannelId_2,ProviderId_4,51,1,-50000.0,1
CustomerId_7465,-50000.0,-50000.0,0.0,-50000.0,-50000.0,1,50000.0,50000.0,10.0,11.0,12.0,1,0.0,airtime,ChannelId_2,ProviderId_4,51,1,-50000.0,1
CustomerId_7466,-46000.0,-9200.0,3563.7059362410923,-13000.0,-4000.0,5,46000.0,9200.0,11.2,14.2,7.2,2,0.0,airtime,ChannelId_2,ProviderId_4,16,5,-46000.0,0
CustomerId_7467,-11500.0,-1916.6666666666667,1357.0801990548189,-4000.0,-500.0,6,11500.0,1916.6666666666667,14.333333333333334,17.333333333333332,12.0,3,0.0,airtime,ChannelId_2,ProviderId_4,43,6,-11500.0,1
CustomerId_7468,-11000.0,-5500.0,2121.3203435596424,-7000.0,-4000.0,2,11000.0,5500.0,18.0,1.0,12.0,2,0.0,airtime,ChannelId_2,ProviderId_4,61,2,-11000.0,1
CustomerId_7469,-1000.0,-1000.0,0.0,-1000.0,-1000.0,1,1000.0,1000.0,14.0,29.0,11.0,1,0.0,airtime,ChannelId_2,ProviderId_4,63,1,-1000.0,1
CustomerId_7470,-10000.0,-10000.0,0.0,-10000.0,-10000.0,1,10000.0,10000.0,16.0,21.0,11.0,1,0.0,airtime,ChannelId_2,ProviderId_4,71,1,-10000.0,1
CustomerId_7471,-10000.0,-10000.0,0.0,-10000.0,-10000.0,1,10000.0,10000.0,16.0,21.0,11.0,1,0.0,airtime,ChannelId_2,ProviderId_4,71,1,-10000.0,1
CustomerId_7472,-10000.0,-10000.0,0.0,-10000.0,-10000.0,1,10000.0,10000.0,16.0,21.0,11.0,1,0.0,airtime,ChannelId_2,ProviderId_4,71,1,-10000.0,1
CustomerId_7473,-10000.0,-10000.0,0.0,-10000.0,-10000.0,1,10000.0,10000.0,16.0,21.0,11.0,1,0.0,airtime,ChannelId_2,ProviderId_4,71,1,-10000.0,1
CustomerId_7474,-10000.0,-10000.0,0.0,-10000.0,-10000.0,1,10000.0,10000.0,16.0,21.0,11.0,1,0.0,airtime,ChannelId_2,ProviderId_4,71,1,-10000.0,1
CustomerId_7475,-6000.0,-2000.0,2179.449471770337,-4500.0,-500.0,3,6735.0,2245.0,9.666666666666666,5.333333333333333,1.0,2,0.0,airtime,ChannelId_2,ProviderId_4,25,3,-6000.0,0
CustomerId_7476,-213400.0,-9278.260869565218,9563.137395120111,-31400.0,-1000.0,23,216342.0,9406.173913043478,10.347826086956522,15.826086956521738,10.173913043478262,3,0.0,airtime,ChannelId_2,ProviderId_4,21,23,-213400.0,0
CustomerId_7477,-2000.0,-2000.0,0.0,-2000.0,-2000.0,1,2000.0,2000.0,11.0,19.0,12.0,1,0.0,airtime,ChannelId_2,ProviderId_4,43,1,-2000.0,1
CustomerId_748,7000.0,2333.3333333333335,6658.328118479393,-2000.0,10000.0,3,17000.0,5666.666666666667,7.0,30.0,12.0,2,0.0,financial_services,ChannelId_2,ProviderId_4,33,3,7000.0,1
CustomerId_749,3000.0,1500.0,3535.5339059327375,-1000.0,4000.0,2,5000.0,2500.0,21.0,6.0,1.0,2,0.0,airtime,ChannelId_2,ProviderId_1,25,2,3000.0,0
CustomerId_753,2000.0,2000.0,0.0,2000.0,2000.0,1,2000.0,2000.0,22.0,6.0,12.0,1,0.0,financial_services,ChannelId_3,ProviderId_1,56,1,2000.0,1
CustomerId_754,950.0,237.5,962.0940702446928,-1000.0,1000.0,4,3050.0,762.5,17.25,29.5,1.0,3,0.0,financial_services,ChannelId_2,ProviderId_4,1,4,950.0,0
CustomerId_755,500.0,500.0,0.0,500.0,500.0,1,500.0,500.0,18.0,18.0,12.0,1,0.0,data_bundles,ChannelId_3,ProviderId_5,44,1,500.0,1
CustomerId_756,5000.0,5000.0,0.0,5000.0,5000.0,1,5000.0,5000.0,11.0,11.0,12.0,1,0.0,airtime,ChannelId_3,ProviderId_1,51,1,5000.0,1
CustomerId_757,-510.0,-170.0,762.6925986267338,-1000.0,500.0,3,1510.0,503.3333333333333,22.0,5.0,12.0,2,0.0,financial_services,ChannelId_2,ProviderId_4,57,3,-510.0,1
CustomerId_759,736382.5,5536.710526315789,11456.954344052634,-5000.0,70000.0,133,961253.0,7227.466165413533,13.766917293233083,17.93984962406015,7.932330827067669,9,0.0,financial_services,ChannelId_3,ProviderId_6,1,133,736382.5,0
CustomerId_760,20000.0,4000.0,6558.963332722634,-5000.0,10000.0,5,30400.0,6080.0,15.6,16.0,11.0,3,0.0,financial_services,ChannelId_3,ProviderId_4,76,5,20000.0,1
CustomerId_761,260544.0,1772.408163265306,3734.464676670911,-5000.0,27000.0,147,353006.0,2401.401360544218,11.768707482993197,17.61904761904762,7.401360544217687,7,0.0,airtime,ChannelId_3,ProviderId_5,1,147,260544.0,0
CustomerId_764,90000.0,5000.0,5953.150426454887,-5000.0,10000.0,18,122400.0,6800.0,11.333333333333334,24.555555555555557,6.5,3,0.0,financial_services,ChannelId_3,ProviderId_6,7,18,90000.0,0
CustomerId_767,-525.0,-175.0,761.1668673819164,-1000.0,500.0,3,1525.0,508.3333333333333,21.0,24.0,1.0,2,0.0,financial_services,ChannelId_2,ProviderId_4,7,3,-525.0,0
CustomerId_768,2000.0,1000.0,0.0,1000.0,1000.0,2,2000.0,1000.0,14.0,28.0,12.0,1,0.0,airtime,ChannelId_3,ProviderId_3,34,2,2000.0,1
CustomerId_770,29090.5,1385.2619047619048,1748.1197586195835,-1000.0,5000.0,21,33660.0,1602.857142857143,13.095238095238095,22.238095238095237,1.0,5,0.0,financial_services,ChannelId_3,ProviderId_1,7,21,29090.5,0
CustomerId_771,2000.0,2000.0,0.0,2000.0,2000.0,1,2000.0,2000.0,12.0,14.0,1.0,1,0.0,financial_services,ChannelId_3,ProviderId_1,17,1,2000.0,0
CustomerId_775,47205.0,1475.15625,2128.6522634449607,-1000.0,5000.0,32,50795.0,1587.34375,13.53125,17.28125,8.21875,4,0.0,airtime,ChannelId_3,ProviderId_1,11,32,47205.0,0
CustomerId_776,99945.0,1885.754716981132,5039.946046359793,-5000.0,30000.0,53,122255.0,2306.698113207547,12.88679245283019,16.11320754716981,9.943396226415095,7,0.0,airtime,ChannelId_3,ProviderId_6,16,53,99945.0,0
CustomerId_778,10000.0,10000.0,0.0,10000.0,10000.0,1,10000.0,10000.0,3.0,30.0,11.0,1,0.0,financial_services,ChannelId_3,ProviderId_1,63,1,10000.0,1
CustomerId_779,20000.0,5000.0,7071.067811865475,-5000.0,10000.0,4,30000.0,7500.0,10.0,28.0,12.0,3,0.0,airtime,ChannelId_3,ProviderId_6,34,4,20000.0,1
CustomerId_780,5000.0,5000.0,0.0,5000.0,5000.0,1,5000.0,5000.0,20.0,29.0,1.0,1,0.0,financial_services,ChannelId_3,ProviderId_1,2,1,5000.0,0
CustomerId_781,2000.0,2000.0,0.0,2000.0,2000.0,1,2000.0,2000.0,4.0,14.0,12.0,1,0.0,financial_services,ChannelId_3,ProviderId_1,49,1,2000.0,1
CustomerId_784,200563.0,1630.5934959349593,5714.422998908039,-5000.0,50000.0,123,231187.0,1879.5691056910568,13.170731707317072,26.11382113821138,1.0,7,0.0,financial_services,ChannelId_3,ProviderId_4,2,123,200563.0,0
CustomerId_785,50000.0,50000.0,0.0,50000.0,50000.0,1,50000.0,50000.0,14.0,21.0,1.0,1,0.0,financial_services,ChannelId_3,ProviderId_1,10,1,50000.0,0
CustomerId_786,45793.8,738.6096774193549,2544.8168457210177,-6000.0,10000.0,62,111074.0,1791.516129032258,11.258064516129032,14.338709677419354,9.790322580645162,10,0.0,financial_services,ChannelId_3,ProviderId_4,1,62,45793.8,0
CustomerId_787,1000.0,1000.0,0.0,1000.0,1000.0,1,1000.0,1000.0,2.0,30.0,12.0,1,0.0,airtime,ChannelId_3,ProviderId_1,33,1,1000.0,1
CustomerId_789,10000.0,2500.0,6757.711644237764,-5000.0,10000.0,4,22000.0,5500.0,16.0,25.0,1.0,2,0.0,airtime,ChannelId_2,ProviderId_4,6,4,10000.0,0
CustomerId_790,379741.4,3483.8660550458717,6614.665719685986,-5000.0,29000.0,109,466952.0,4283.963302752293,12.422018348623853,16.779816513761467,9.045871559633028,9,0.0,financial_services,ChannelId_3,ProviderId_3,1,109,379741.4,0
CustomerId_791,21105.0,659.53125,640.1541641125558,-100.0,2000.0,32,22495.0,702.96875,10.65625,18.40625,8.90625,3,0.0,airtime,ChannelId_3,ProviderId_4,8,32,21105.0,0
CustomerId_793,29006.0,2900.6,4857.439110386368,-1000.0,15000.0,10,34644.0,3464.4,11.9,15.9,1.0,5,0.0,airtime,ChannelId_3,ProviderId_5,3,10,29006.0,0
CustomerId_794,-20.0,-6.666666666666667,1000.0666644445926,-1000.0,1000.0,3,2020.0,673.3333333333334,14.0,11.0,1.0,2,0.0,financial_services,ChannelId_2,ProviderId_4,20,3,-20.0,0
CustomerId_795,1500.0,750.0,353.5533905932738,500.0,1000.0,2,1500.0,750.0,11.5,9.0,6.5,1,0.0,airtime,ChannelId_3,ProviderId_1,23,2,1500.0,0
CustomerId_797,237693.7,3656.826153846154,12677.393205356202,-1000.0,100000.0,65,244492.0,3761.4153846153845,8.984615384615385,9.261538461538462,1.0,9,0.0,airtime,ChannelId_3,ProviderId_6,20,65,237693.7,0
CustomerId_798,140750.0,14075.0,30411.997358498724,-1000.0,100000.0,10,143250.0,14325.0,12.0,21.0,1.0,3,0.0,financial_services,ChannelId_3,ProviderId_1,10,10,140750.0,0
CustomerId_799,20000.0,4000.0,6745.368781616021,-5000.0,10000.0,5,32000.0,6400.0,12.0,11.0,1.0,3,0.0,financial_services,ChannelId_3,ProviderId_4,20,5,20000.0,0
CustomerId_8,-10000.0,-10000.0,0.0,-10000.0,-10000.0,1,10000.0,10000.0,16.0,21.0,11.0,1,0.0,airtime,ChannelId_2,ProviderId_4,71,1,-10000.0,1
CustomerId_800,255786.5,5684.144444444444,14133.219405254795,-5000.0,60000.0,45,277464.0,6165.866666666667,9.755555555555556,23.91111111111111,1.0,8,0.0,financial_services,ChannelId_3,ProviderId_6,1,45,255786.5,0
CustomerId_801,9750.0,1625.0,2690.6783531295596,-1000.0,5000.0,6,12250.0,2041.6666666666667,18.666666666666668,18.333333333333332,1.0,4,0.0,financial_services,ChannelId_2,ProviderId_4,12,6,9750.0,0
CustomerId_802,-525.0,-175.0,761.1668673819164,-1000.0,500.0,3,1525.0,508.3333333333333,23.0,24.0,1.0,2,0.0,financial_services,ChannelId_2,ProviderId_4,7,3,-525.0,0
CustomerId_804,24000.0,6000.0,2000.0,5000.0,9000.0,4,24000.0,6000.0,11.25,18.0,11.0,1,0.0,financial_services,ChannelId_3,ProviderId_1,74,4,24000.0,1
CustomerId_806,1592362.8,6747.3,58978.58849156207,-5000.0,900000.0,236,1650190.0,6992.330508474576,13.372881355932204,21.45762711864407,3.190677966101695,9,1.0,financial_services,ChannelId_3,ProviderId_6,1,236,1592362.8,0
CustomerId_807,3920.0,980.0,1433.2248020925863,-60.0,3000.0,4,4080.0,1020.0,17.25,22.0,11.0,2,0.0,airtime,ChannelId_2,ProviderId_4,66,4,3920.0,1
CustomerId_808,31825.0,1060.8333333333333,1107.5813065300051,-75.0,4000.0,30,32575.0,1085.8333333333333,10.5,19.5,7.7,5,0.0,financial_services,ChannelId_3,ProviderId_4,10,30,31825.0,0
CustomerId_810,38882.0,2990.923076923077,3966.8924542505238,-622.0,10000.0,13,44718.0,3439.846153846154,12.615384615384615,10.692307692307692,3.4615384615384617,4,0.0,airtime,ChannelId_3,ProviderId_4,14,13,38882.0,0
CustomerId_813,-50.0,-16.666666666666668,1000.4165798972613,-1000.0,1000.0,3,2050.0,683.3333333333334,5.0,8.0,12.0,2,0.0,financial_services,ChannelId_2,ProviderId_4,55,3,-50.0,1
CustomerId_814,370700.0,6077.049180327869,8941.891979937707,-5000.0,31200.0,61,515898.0,8457.344262295082,13.098360655737705,22.21311475409836,7.131147540983607,6,0.0,financial_services,ChannelId_3,ProviderId_6,4,61,370700.0,0
CustomerId_816,1000.0,333.3333333333333,1154.7005383792516,-1000.0,1000.0,3,3000.0,1000.0,12.333333333333334,6.0,1.0,3,0.0,financial_services,ChannelId_3,ProviderId_1,24,3,1000.0,0
CustomerId_821,26770.8,3824.4,5067.291984219316,-1000.0,10000.0,7,31170.0,4452.857142857143,18.714285714285715,12.285714285714286,8.857142857142858,4,0.0,financial_services,ChannelId_3,ProviderId_4,18,7,26770.8,0
CustomerId_823,100000.0,4166.666666666667,5743.856201017833,-5000.0,10000.0,24,142000.0,5916.666666666667,9.083333333333334,19.291666666666668,6.041666666666667,4,0.0,airtime,ChannelId_3,ProviderId_6,7,24,100000.0,0
CustomerId_824,5000.0,5000.0,0.0,5000.0,5000.0,1,5750.0,5750.0,6.0,30.0,11.0,1,0.0,utility_bill,ChannelId_3,ProviderId_1,63,1,5000.0,1
CustomerId_825,33500.0,2093.75,3398.780418522699,-1000.0,10000.0,16,36750.0,2296.875,11.0625,26.0,11.0625,3,0.0,airtime,ChannelId_3,ProviderId_6,56,16,33500.0,1
CustomerId_826,1500.0,750.0,353.5533905932738,500.0,1000.0,2,1500.0,750.0,9.0,19.0,12.0,1,0.0,financial_services,ChannelId_3,ProviderId_1,44,2,1500.0,1
CustomerId_827,1000.0,1000.0,0.0,1000.0,1000.0,1,1000.0,1000.0,20.0,4.0,12.0,1,0.0,airtime,ChannelId_3,ProviderId_6,58,1,1000.0,1
CustomerId_828,6350.0,793.75,1015.3948915147671,-50.0,3000.0,8,6650.0,831.25,8.625,21.25,3.5,2,0.0,airtime,ChannelId_3,ProviderId_5,2,8,6350.0,0
CustomerId_829,2850.0,1425.0,2227.3863607376247,-150.0,3000.0,2,3150.0,1575.0,19.0,2.0,12.0,2,0.0,airtime,ChannelId_2,ProviderId_1,60,2,2850.0,1
CustomerId_830,40000.0,5714.285714285715,9516.902257112268,-5000.0,20000.0,7,62000.0,8857.142857142857,10.0,11.0,1.0,4,0.0,financial_services,ChannelId_3,ProviderId_4,20,7,40000.0,0
CustomerId_832,2865.0,358.125,459.7665362519796,-50.0,1000.0,8,3135.0,391.875,9.25,22.75,11.0,3,0.0,airtime,ChannelId_2,ProviderId_4,65,8,2865.0,1
CustomerId_834,300000.0,300000.0,0.0,300000.0,300000.0,1,300000.0,300000.0,10.0,28.0,11.0,1,0.0,financial_services,ChannelId_3,ProviderId_1,64,1,300000.0,1
CustomerId_838,1000.0,1000.0,0.0,1000.0,1000.0,1,1000.0,1000.0,20.0,20.0,12.0,1,0.0,airtime,ChannelId_3,ProviderId_1,42,1,1000.0,1
CustomerId_839,349876.0,5070.666666666667,7404.154800767303,-5000.0,20000.0,69,389524.0,5645.275362318841,10.782608695652174,20.318840579710145,7.304347826086956,7,0.0,financial_services,ChannelId_3,ProviderId_3,2,69,349876.0,0
CustomerId_840,28620.0,1683.5294117647059,3267.778184746615,-1000.0,10000.0,17,31380.0,1845.8823529411766,9.470588235294118,21.88235294117647,1.0,5,0.0,financial_services,ChannelId_3,ProviderId_4,1,17,28620.0,0
CustomerId_841,6250.0,892.8571428571429,902.5097282156073,-50.0,2000.0,7,6450.0,921.4285714285714,15.428571428571429,15.714285714285714,11.0,3,0.0,financial_services,ChannelId_3,ProviderId_6,74,7,6250.0,1
CustomerId_842,4240.0,471.1111111111111,985.7635929121703,-1000.0,2000.0,9,6760.0,751.1111111111111,12.88888888888889,6.444444444444445,12.0,4,0.0,financial_services,ChannelId_2,ProviderId_4,55,9,4240.0,1
CustomerId_843,23175.0,965.625,952.9192133512225,-50.0,3000.0,24,23825.0,992.7083333333334,14.791666666666666,14.416666666666666,6.375,5,0.0,financial_services,ChannelId_3,ProviderId_4,3,24,23175.0,0
CustomerId_844,30000.0,10000.0,0.0,10000.0,10000.0,3,30000.0,10000.0,16.0,18.0,11.0,1,0.0,airtime,ChannelId_3,ProviderId_3,74,3,30000.0,1
CustomerId_846,41000.0,8200.0,23805.461558222305,-10000.0,50000.0,5,63000.0,12600.0,10.2,19.2,7.6,3,0.0,financial_services,ChannelId_3,ProviderId_1,22,5,41000.0,0
CustomerId_847,19000.0,2714.285714285714,4855.041562276122,-5000.0,10000.0,7,31000.0,4428.571428571428,17.0,30.0,11.0,4,0.0,financial_services,ChannelId_3,ProviderId_6,62,7,19000.0,1
CustomerId_848,19000.0,3166.6666666666665,7626.707459098367,-5000.0,10000.0,6,41000.0,6833.333333333333,16.0,28.0,12.0,3,0.0,airtime,ChannelId_2,ProviderId_4,34,6,19000.0,1
CustomerId_851,1500.0,750.0,353.5533905932738,500.0,1000.0,2,1500.0,750.0,9.0,19.0,1.0,1,0.0,financial_services,ChannelId_3,ProviderId_1,13,2,1500.0,0
CustomerId_853,20000.0,2857.1428571428573,5543.121005010668,-5000.0,10000.0,7,32000.0,4571.428571428572,15.0,25.0,1.0,4,0.0,airtime,ChannelId_3,ProviderId_6,6,7,20000.0,0
CustomerId_854,5500.0,2750.0,3181.9805153394636,500.0,5000.0,2,5500.0,2750.0,15.5,16.0,6.0,2,0.0,airtime,ChannelId_3,ProviderId_1,21,2,5500.0,0
CustomerId_856,3001000.0,600200.0,334962.9830294685,1000.0,750000.0,5,3001000.0,600200.0,9.4,16.4,3.2,1,4.0,financial_services,ChannelId_3,ProviderId_3,13,5,3001000.0,0
CustomerId_857,20000.0,3333.3333333333335,7814.516406449389,-5000.0,11000.0,6,42000.0,7000.0,13.666666666666666,25.166666666666668,1.0,3,0.0,airtime,ChannelId_2,ProviderId_4,5,6,20000.0,0
CustomerId_858,24279.0,2023.25,3079.907824033936,-1000.0,10000.0,12,28871.0,2405.9166666666665,8.75,29.416666666666668,1.0,5,0.0,financial_services,ChannelId_3,ProviderId_6,2,12,24279.0,0
CustomerId_860,90000.0,3333.3333333333335,6930.589940479593,-5000.0,10700.0,27,181800.0,6733.333333333333,8.518518518518519,19.11111111111111,7.111111111111111,4,0.0,airtime,ChannelId_3,ProviderId_4,5,27,90000.0,0
CustomerId_861,10000.0,10000.0,0.0,10000.0,10000.0,1,10000.0,10000.0,6.0,7.0,1.0,1,0.0,financial_services,ChannelId_1,ProviderId_1,25,1,10000.0,0
CustomerId_863,25000.0,25000.0,0.0,25000.0,25000.0,1,25000.0,25000.0,5.0,4.0,12.0,1,0.0,financial_services,ChannelId_3,ProviderId_1,59,1,25000.0,1
CustomerId_864,20000.0,10000.0,0.0,10000.0,10000.0,2,20000.0,10000.0,18.0,17.0,12.0,1,0.0,financial_services,ChannelId_3,ProviderId_1,45,2,20000.0,1
CustomerId_865,2278396.0,44674.43137254902,157486.10292305218,-5000.0,1000000.0,51,2303804.0,45172.62745098039,15.705882352941176,22.49019607843137,2.9411764705882355,9,3.0,financial_services,ChannelId_3,ProviderId_3,9,51,2278396.0,0
CustomerId_867,20000.0,20000.0,0.0,20000.0,20000.0,1,20000.0,20000.0,16.0,21.0,1.0,1,0.0,financial_services,ChannelId_3,ProviderId_1,10,1,20000.0,0
CustomerId_868,900.0,900.0,0.0,900.0,900.0,1,900.0,900.0,18.0,9.0,12.0,1,0.0,airtime,ChannelId_3,ProviderId_1,53,1,900.0,1
CustomerId_870,1000.0,1000.0,0.0,1000.0,1000.0,1,1000.0,1000.0,19.0,7.0,1.0,1,0.0,airtime,ChannelId_3,ProviderId_1,24,1,1000.0,0
CustomerId_872,51848.0,925.8571428571429,1670.7911618432468,-1000.0,8000.0,56,54952.0,981.2857142857143,10.392857142857142,20.910714285714285,11.607142857142858,5,0.0,financial_services,ChannelId_3,ProviderId_4,40,56,51848.0,1
CustomerId_873,309675.5,2949.290476190476,6391.766347592511,-14000.0,28000.0,105,522115.0,4972.523809523809,10.60952380952381,18.066666666666666,8.323809523809524,11,0.0,financial_services,ChannelId_3,ProviderId_6,1,105,309675.5,0
CustomerId_877,19000.0,3800.0,6685.805860178712,-5000.0,10000.0,5,31000.0,6200.0,8.8,21.0,12.0,2,0.0,airtime,ChannelId_3,ProviderId_1,42,5,19000.0,1
CustomerId_880,104000.0,20800.0,44274.145954495834,1000.0,100000.0,5,104000.0,20800.0,20.0,18.0,11.0,2,0.0,airtime,ChannelId_3,ProviderId_3,74,5,104000.0,1
CustomerId_881,44000.0,14666.666666666666,9237.604307034013,4000.0,20000.0,3,44000.0,14666.666666666666,19.0,30.0,11.0,1,0.0,financial_services,ChannelId_3,ProviderId_3,62,3,44000.0,1
CustomerId_882,20000.0,3333.3333333333335,6088.2400303098,-5000.0,10000.0,6,32000.0,5333.333333333333,20.333333333333332,25.0,1.0,3,0.0,airtime,ChannelId_3,ProviderId_6,6,6,20000.0,0
CustomerId_883,20500.0,1576.923076923077,3510.9718137465984,-5000.0,10000.0,13,31500.0,2423.076923076923,16.53846153846154,16.0,11.0,5,0.0,airtime,ChannelId_3,ProviderId_6,76,13,20500.0,1
CustomerId_884,19200.0,3840.0,6732.235884162112,-5000.0,10100.0,5,31200.0,6240.0,13.0,28.0,12.0,3,0.0,financial_services,ChannelId_3,ProviderId_4,34,5,19200.0,1
CustomerId_885,41500.0,8300.0,10680.58987135074,500.0,20000.0,5,41500.0,8300.0,14.0,5.0,12.0,2,0.0,airtime,ChannelId_3,ProviderId_3,55,5,41500.0,1
CustomerId_887,1950.0,650.0,785.8116822750856,-50.0,1500.0,3,2050.0,683.3333333333334,5.0,18.333333333333332,11.0,3,0.0,airtime,ChannelId_3,ProviderId_6,73,3,1950.0,1
CustomerId_888,20000.0,4000.0,6558.963332722634,-5000.0,10000.0,5,30400.0,6080.0,12.2,16.0,11.0,3,0.0,financial_services,ChannelId_3,ProviderId_4,76,5,20000.0,1
CustomerId_889,22000.0,2750.0,3702.8946206216256,-1000.0,10000.0,8,24400.0,3050.0,15.25,8.125,1.0,4,0.0,airtime,ChannelId_3,ProviderId_6,16,8,22000.0,0
CustomerId_89,5000.0,5000.0,0.0,5000.0,5000.0,1,5000.0,5000.0,20.0,14.0,1.0,1,0.0,financial_services,ChannelId_3,ProviderId_1,17,1,5000.0,0
CustomerId_890,60000.0,60000.0,0.0,60000.0,60000.0,1,60000.0,60000.0,20.0,21.0,12.0,1,0.0,financial_services,ChannelId_3,ProviderId_5,41,1,60000.0,1
CustomerId_892,40000.0,3333.3333333333335,7270.404932243312,-5000.0,10700.0,12,81400.0,6783.333333333333,11.5,18.083333333333332,11.416666666666666,3,0.0,airtime,ChannelId_2,ProviderId_4,42,12,40000.0,1
CustomerId_895,19000.0,3166.6666666666665,7626.707459098367,-5000.0,10000.0,6,41000.0,6833.333333333333,19.0,21.0,12.0,3,0.0,airtime,ChannelId_2,ProviderId_4,41,6,19000.0,1
CustomerId_896,980.0,245.0,959.218431849597,-1000.0,1000.0,4,3020.0,755.0,8.5,20.75,12.0,3,0.0,financial_services,ChannelId_2,ProviderId_4,42,4,980.0,1
CustomerId_898,39000.0,5571.428571428572,9431.456989902512,-5000.0,20000.0,7,61000.0,8714.285714285714,6.0,28.0,12.0,4,0.0,financial_services,ChannelId_3,ProviderId_4,35,7,39000.0,1
CustomerId_899,10000.0,10000.0,0.0,10000.0,10000.0,1,10000.0,10000.0,9.0,15.0,11.0,1,0.0,financial_services,ChannelId_3,ProviderId_1,78,1,10000.0,1
CustomerId_9,-10000.0,-10000.0,0.0,-10000.0,-10000.0,1,10000.0,10000.0,16.0,21.0,11.0,1,0.0,airtime,ChannelId_2,ProviderId_4,71,1,-10000.0,1
CustomerId_900,19454.0,972.7,1003.3000862941728,-496.0,2000.0,20,22206.0,1110.3,16.75,24.15,7.65,4,0.0,airtime,ChannelId_3,ProviderId_1,1,20,19454.0,0
CustomerId_903,18500.0,1233.3333333333333,1817.1471623189493,-1000.0,5000.0,15,21500.0,1433.3333333333333,13.866666666666667,22.666666666666668,10.533333333333333,3,0.0,financial_services,ChannelId_1,ProviderId_4,30,15,18500.0,0
CustomerId_905,836875.0,5771.551724137931,12156.807613849667,-5000.0,90000.0,145,944065.0,6510.793103448276,10.917241379310346,16.586206896551722,7.917241379310345,8,0.0,airtime,ChannelId_3,ProviderId_5,1,145,836875.0,0
CustomerId_906,78179.2,1532.9254901960783,4296.395989563493,-1000.0,25000.0,51,87381.0,1713.3529411764705,10.666666666666666,8.568627450980392,11.882352941176471,5,0.0,financial_services,ChannelId_3,ProviderId_4,50,51,78179.2,1
CustomerId_907,1000.0,1000.0,0.0,1000.0,1000.0,1,1000.0,1000.0,18.0,13.0,12.0,1,0.0,airtime,ChannelId_3,ProviderId_1,49,1,1000.0,1
CustomerId_908,280420.0,1153.991769547325,1782.882135946115,-100.0,15000.0,243,288580.0,1187.5720164609054,12.283950617283951,18.962962962962962,9.946502057613168,6,0.0,financial_services,ChannelId_3,ProviderId_6,3,243,280420.0,0
CustomerId_909,22432000.0,640914.2857142857,860574.478829953,-1000.0,2450000.0,35,22436000.0,641028.5714285715,16.542857142857144,29.542857142857144,1.0,3,10.0,financial_services,ChannelId_3,ProviderId_5,1,35,22432000.0,0
CustomerId_911,20000.0,2857.1428571428573,5580.578567035604,-5000.0,10000.0,7,32000.0,4571.428571428572,12.857142857142858,25.714285714285715,10.428571428571429,4,0.0,airtime,ChannelId_3,ProviderId_6,20,7,20000.0,0
CustomerId_912,51150.0,1420.8333333333333,1536.1070926208238,-250.0,5000.0,36,54850.0,1523.611111111111,16.055555555555557,17.22222222222222,7.0,2,0.0,airtime,ChannelId_3,ProviderId_1,1,36,51150.0,0
CustomerId_913,97100.0,1733.9285714285713,5155.191532839467,-75.0,34000.0,56,98900.0,1766.0714285714287,12.178571428571429,21.232142857142858,1.0,5,0.0,financial_services,ChannelId_3,ProviderId_6,6,56,97100.0,0
CustomerId_915,4000.0,2000.0,0.0,2000.0,2000.0,2,4000.0,2000.0,19.0,4.0,1.0,2,0.0,airtime,ChannelId_3,ProviderId_5,27,2,4000.0,0
CustomerId_916,181320.0,20146.666666666668,21233.81589587703,1000.0,46255.0,9,181320.0,20146.666666666668,11.11111111111111,18.0,12.0,2,0.0,financial_services,ChannelId_3,ProviderId_3,44,9,181320.0,1
CustomerId_919,234000.0,46800.0,45482.96384361952,-5000.0,80000.0,5,246000.0,49200.0,11.0,15.0,12.0,2,0.0,ticket,ChannelId_3,ProviderId_3,47,5,234000.0,1
CustomerId_920,56115.0,2004.107142857143,2538.2791828948716,-1000.0,10000.0,28,59565.0,2127.3214285714284,19.107142857142858,13.857142857142858,9.357142857142858,4,0.0,financial_services,ChannelId_3,ProviderId_6,15,28,56115.0,0
CustomerId_921,40000.0,4000.0,6164.414002968976,-5000.0,10000.0,10,62000.0,6200.0,7.0,24.0,6.5,4,0.0,airtime,ChannelId_3,ProviderId_6,1,10,40000.0,0
CustomerId_923,28756.0,1691.5294117647059,4202.119749567578,-1000.0,15000.0,17,33444.0,1967.2941176470588,9.882352941176471,29.0,1.0,7,0.0,financial_services,ChannelId_3,ProviderId_4,2,17,28756.0,0
CustomerId_926,1000.0,1000.0,0.0,1000.0,1000.0,1,1000.0,1000.0,16.0,21.0,1.0,1,0.0,financial_services,ChannelId_3,ProviderId_1,10,1,1000.0,0
CustomerId_927,20000.0,3333.3333333333335,7814.516406449389,-5000.0,11000.0,6,42000.0,7000.0,18.166666666666668,25.166666666666668,1.0,3,0.0,airtime,ChannelId_2,ProviderId_4,5,6,20000.0,0
CustomerId_928,-20.0,-6.666666666666667,1000.0666644445926,-1000.0,1000.0,3,2020.0,673.3333333333334,16.0,15.0,12.0,2,0.0,financial_services,ChannelId_2,ProviderId_4,47,3,-20.0,1
CustomerId_929,40000.0,10000.0,0.0,10000.0,10000.0,4,40000.0,10000.0,16.25,7.0,12.0,1,0.0,financial_services,ChannelId_3,ProviderId_5,55,4,40000.0,1
CustomerId_930,64000.0,3764.705882352941,6639.553936115606,-5000.0,10700.0,17,108400.0,6376.470588235294,15.411764705882353,15.117647058823529,6.176470588235294,3,0.0,airtime,ChannelId_3,ProviderId_4,28,17,64000.0,0
CustomerId_931,3747.0,374.7,738.9593358230208,-1000.0,1500.0,10,6053.0,605.3,15.4,25.6,1.0,4,0.0,financial_services,ChannelId_2,ProviderId_4,5,10,3747.0,0
CustomerId_932,56350.0,3314.705882352941,2544.5876818432166,-100.0,6000.0,17,58350.0,3432.3529411764707,10.352941176470589,16.058823529411764,11.882352941176471,5,0.0,financial_services,ChannelId_3,ProviderId_6,35,17,56350.0,1
CustomerId_938,475.0,118.75,855.2229241548662,-1000.0,1000.0,4,2525.0,631.25,9.0,25.0,1.0,3,0.0,financial_services,ChannelId_2,ProviderId_1,7,4,475.0,0
CustomerId_940,49750.0,3826.923076923077,6861.262498762387,-1000.0,25000.0,13,54250.0,4173.076923076923,14.153846153846153,22.23076923076923,1.0,3,0.0,financial_services,ChannelId_3,ProviderId_4,3,13,49750.0,0
CustomerId_942,14000.0,7000.0,4242.640687119285,4000.0,10000.0,2,14000.0,7000.0,10.0,13.0,12.0,2,0.0,airtime,ChannelId_3,ProviderId_1,49,2,14000.0,1
CustomerId_945,0.0,0.0,866.0254037844386,-1000.0,500.0,3,2000.0,666.6666666666666,7.0,8.666666666666666,1.0,3,0.0,financial_services,ChannelId_3,ProviderId_1,23,3,0.0,0
CustomerId_946,500.0,500.0,0.0,500.0,500.0,1,500.0,500.0,11.0,6.0,1.0,1,0.0,financial_services,ChannelId_3,ProviderId_5,25,1,500.0,0
CustomerId_947,10000.0,10000.0,0.0,10000.0,10000.0,1,10000.0,10000.0,13.0,13.0,1.0,1,0.0,financial_services,ChannelId_3,ProviderId_3,18,1,10000.0,0
CustomerId_949,1000.0,1000.0,0.0,1000.0,1000.0,1,1000.0,1000.0,14.0,30.0,11.0,1,0.0,airtime,ChannelId_3,ProviderId_3,62,1,1000.0,1
CustomerId_951,50000.0,4166.666666666667,7469.128382072354,-5000.0,11000.0,12,92000.0,7666.666666666667,16.25,26.583333333333332,6.5,3,0.0,airtime,ChannelId_3,ProviderId_4,5,12,50000.0,0
CustomerId_957,1000.0,1000.0,0.0,1000.0,1000.0,1,1000.0,1000.0,14.0,10.0,1.0,1,0.0,airtime,ChannelId_3,ProviderId_1,21,1,1000.0,0
CustomerId_958,10000.0,10000.0,0.0,10000.0,10000.0,1,11200.0,11200.0,9.0,28.0,12.0,1,0.0,utility_bill,ChannelId_3,ProviderId_1,35,1,10000.0,1
CustomerId_959,58451.5,1359.3372093023256,3693.8845128532084,-1000.0,20000.0,43,64599.0,1502.3023255813953,11.813953488372093,14.279069767441861,2.5348837209302326,5,0.0,airtime,ChannelId_3,ProviderId_5,5,43,58451.5,0
CustomerId_960,106650.0,3136.764705882353,7248.776896029671,-5000.0,24000.0,34,121150.0,3563.235294117647,12.794117647058824,22.970588235294116,5.852941176470588,6,0.0,financial_services,ChannelId_3,ProviderId_6,1,34,106650.0,0
CustomerId_961,15000.0,15000.0,0.0,15000.0,15000.0,1,15000.0,15000.0,15.0,7.0,1.0,1,0.0,financial_services,ChannelId_3,ProviderId_1,24,1,15000.0,0
CustomerId_962,9705.0,970.5,1333.575915432722,-1000.0,3000.0,10,12095.0,1209.5,15.2,15.6,5.4,4,0.0,financial_services,ChannelId_3,ProviderId_4,16,10,9705.0,0
CustomerId_963,2960.0,740.0,1506.784656146989,-1000.0,2000.0,4,5040.0,1260.0,11.0,18.0,12.0,3,0.0,financial_services,ChannelId_2,ProviderId_4,44,4,2960.0,1
CustomerId_966,1500.0,750.0,353.5533905932738,500.0,1000.0,2,1500.0,750.0,11.5,8.0,1.0,1,0.0,financial_services,ChannelId_3,ProviderId_1,22,2,1500.0,0
CustomerId_967,100000.0,100000.0,0.0,100000.0,100000.0,1,100000.0,100000.0,19.0,10.0,12.0,1,0.0,financial_services,ChannelId_3,ProviderId_1,52,1,100000.0,1
CustomerId_968,2000.0,2000.0,0.0,2000.0,2000.0,1,2000.0,2000.0,17.0,20.0,1.0,1,0.0,financial_services,ChannelId_3,ProviderId_1,11,1,2000.0,0
CustomerId_969,479209.0,3896.008130081301,10696.189045940182,-5000.0,80000.0,123,538681.0,4379.5203252032525,10.292682926829269,19.86178861788618,8.512195121951219,7,0.0,financial_services,ChannelId_3,ProviderId_6,2,123,479209.0,0
CustomerId_974,900.0,225.0,838.1527307120105,-1000.0,900.0,4,2900.0,725.0,11.0,7.0,1.0,3,0.0,financial_services,ChannelId_3,ProviderId_1,24,4,900.0,0
CustomerId_975,2000.0,2000.0,0.0,2000.0,2000.0,1,2000.0,2000.0,12.0,29.0,11.0,1,0.0,financial_services,ChannelId_3,ProviderId_1,63,1,2000.0,1
CustomerId_977,516774.0,9066.21052631579,13039.2356887873,-5000.0,49600.0,57,559303.0,9812.333333333334,11.68421052631579,19.105263157894736,7.56140350877193,7,0.0,financial_services,ChannelId_3,ProviderId_6,2,57,516774.0,0
CustomerId_978,40000.0,20000.0,0.0,20000.0,20000.0,2,40000.0,20000.0,5.0,29.0,11.0,1,0.0,financial_services,ChannelId_3,ProviderId_1,64,2,40000.0,1
CustomerId_979,60000.0,4615.384615384615,6357.914510519697,-5000.0,10000.0,13,92000.0,7076.923076923077,13.307692307692308,20.076923076923077,8.615384615384615,3,0.0,financial_services,ChannelId_3,ProviderId_6,20,13,60000.0,0
CustomerId_982,20000.0,3333.3333333333335,7814.516406449389,-5000.0,11000.0,6,42000.0,7000.0,15.0,11.0,1.0,3,0.0,airtime,ChannelId_2,ProviderId_4,20,6,20000.0,0
CustomerId_986,1000.0,1000.0,0.0,1000.0,1000.0,1,1000.0,1000.0,11.0,30.0,1.0,1,0.0,financial_services,ChannelId_3,ProviderId_1,1,1,1000.0,0
CustomerId_987,12000.0,3000.0,11460.075625114056,-5000.0,20000.0,4,36000.0,9000.0,11.25,6.25,12.0,2,0.0,financial_services,ChannelId_2,ProviderId_4,56,4,12000.0,1
CustomerId_988,233237.2,7067.79393939394,18036.407168591315,-5000.0,100000.0,33,261113.0,7912.515151515152,14.121212121212121,18.484848484848484,8.515151515151516,8,0.0,financial_services,ChannelId_3,ProviderId_5,23,33,233237.2,0
CustomerId_990,8650.0,961.1111111111111,1356.8754958031745,-1000.0,3000.0,9,11350.0,1261.111111111111,11.555555555555555,19.555555555555557,1.0,3,0.0,airtime,ChannelId_3,ProviderId_4,3,9,8650.0,0
CustomerId_991,2000.0,2000.0,0.0,2000.0,2000.0,1,2000.0,2000.0,18.0,30.0,1.0,1,0.0,airtime,ChannelId_3,ProviderId_2,1,1,2000.0,0
CustomerId_993,20000.0,4000.0,6745.368781616021,-5000.0,10000.0,5,32000.0,6400.0,15.0,18.0,1.0,3,0.0,financial_services,ChannelId_3,ProviderId_4,13,5,20000.0,0
CustomerId_994,473628.0,6231.9473684210525,16691.616764427774,-5000.0,90000.0,76,518122.0,6817.394736842105,14.302631578947368,19.736842105263158,6.368421052631579,6,0.0,financial_services,ChannelId_3,ProviderId_6,3,76,473628.0,0
CustomerId_996,139000.0,8176.470588235294,4433.329647647001,-5000.0,10000.0,17,151000.0,8882.35294117647,14.470588235294118,7.0,12.0,3,0.0,financial_services,ChannelId_3,ProviderId_1,55,17,139000.0,1
CustomerId_998,70000.0,5000.0,6612.924408366485,-5000.0,10000.0,14,103000.0,7357.142857142857,14.5,22.357142857142858,1.0,3,0.0,airtime,ChannelId_3,ProviderId_1,5,14,70000.0,0
